{
  "round": 0,
  "nodes": {
    "0": {
      "accuracy": 0.011064019985496998,
      "test_loss": 160636.15625,
      "precision": 1.0,
      "recall": 0.0,
      "f1_score": 0.0,
      "update_norm": 344.904052734375,
      "is_attacker": false
    },
    "1": {
      "accuracy": 0.005794210825115442,
      "test_loss": 172342.34375,
      "precision": 1.0,
      "recall": 0.0,
      "f1_score": 0.0,
      "update_norm": 344.70269775390625,
      "is_attacker": false
    },
    "2": {
      "accuracy": 0.015379589982330799,
      "test_loss": 489.2182312011719,
      "precision": 1.0,
      "recall": 0.0,
      "f1_score": 0.0,
      "update_norm": 344.6699523925781,
      "is_attacker": false
    },
    "3": {
      "accuracy": 0.016419796273112297,
      "test_loss": 259850.796875,
      "precision": 1.0,
      "recall": 0.0,
      "f1_score": 0.0,
      "update_norm": 344.940185546875,
      "is_attacker": false
    },
    "4": {
      "accuracy": 0.03836730495095253,
      "test_loss": 715.2484741210938,
      "precision": 1.0,
      "recall": 0.0,
      "f1_score": 0.0,
      "update_norm": 345.03814697265625,
      "is_attacker": false
    },
    "5": {
      "accuracy": 0.008897638879716396,
      "test_loss": 454358.21875,
      "precision": 1.0,
      "recall": 0.0,
      "f1_score": 0.0,
      "update_norm": 343.6356506347656,
      "is_attacker": false
    },
    "6": {
      "accuracy": 0.012422306463122368,
      "test_loss": 219351.53125,
      "precision": 1.0,
      "recall": 0.0,
      "f1_score": 0.0,
      "update_norm": 344.14227294921875,
      "is_attacker": false
    },
    "7": {
      "accuracy": 0.0061208875849843025,
      "test_loss": 305329.03125,
      "precision": 1.0,
      "recall": 0.0,
      "f1_score": 0.0,
      "update_norm": 344.6496276855469,
      "is_attacker": false
    },
    "8": {
      "accuracy": 0.04017262160778046,
      "test_loss": 227997.0625,
      "precision": 1.0,
      "recall": 0.0,
      "f1_score": 0.0,
      "update_norm": 343.9313049316406,
      "is_attacker": false
    },
    "9": {
      "accuracy": 0.009284492582082748,
      "test_loss": 389735.1875,
      "precision": 1.0,
      "recall": 0.0,
      "f1_score": 0.0,
      "update_norm": 345.3748474121094,
      "is_attacker": false
    },
    "10": {
      "accuracy": 0.00900939665734768,
      "test_loss": 376530.3125,
      "precision": 1.0,
      "recall": 0.0,
      "f1_score": 0.0,
      "update_norm": 343.8699951171875,
      "is_attacker": false
    },
    "11": {
      "accuracy": 0.01023873221129179,
      "test_loss": 773.7443237304688,
      "precision": 1.0,
      "recall": 0.0,
      "f1_score": 0.0,
      "update_norm": 344.3770446777344,
      "is_attacker": false
    },
    "12": {
      "accuracy": 0.003816958051174879,
      "test_loss": 276144.21875,
      "precision": 1.0,
      "recall": 0.0,
      "f1_score": 0.0,
      "update_norm": 346.46173095703125,
      "is_attacker": false
    },
    "13": {
      "accuracy": 0.021930314600467682,
      "test_loss": 778.3955688476562,
      "precision": 1.0,
      "recall": 0.0,
      "f1_score": 0.0,
      "update_norm": 343.7639465332031,
      "is_attacker": false
    },
    "14": {
      "accuracy": 0.007625319063663483,
      "test_loss": 306669.0,
      "precision": 1.0,
      "recall": 0.0,
      "f1_score": 0.0,
      "update_norm": 345.9017333984375,
      "is_attacker": false
    },
    "15": {
      "accuracy": 0.017950018867850304,
      "test_loss": 144137.640625,
      "precision": 1.0,
      "recall": 0.0,
      "f1_score": 0.0,
      "update_norm": 345.5843811035156,
      "is_attacker": false
    },
    "16": {
      "accuracy": 0.01216440461575985,
      "test_loss": 486.37310791015625,
      "precision": 1.0,
      "recall": 0.0,
      "f1_score": 0.0,
      "update_norm": 344.1164855957031,
      "is_attacker": false
    },
    "17": {
      "accuracy": 0.01216440461575985,
      "test_loss": 486.3731994628906,
      "precision": 1.0,
      "recall": 0.0,
      "f1_score": 0.0,
      "update_norm": 344.8957824707031,
      "is_attacker": false
    },
    "18": {
      "accuracy": 0.012344935908913612,
      "test_loss": 416352.53125,
      "precision": 1.0,
      "recall": 0.0,
      "f1_score": 0.0,
      "update_norm": 345.1340637207031,
      "is_attacker": false
    },
    "19": {
      "accuracy": 0.006825821474194527,
      "test_loss": 361.5924987792969,
      "precision": 1.0,
      "recall": 0.0,
      "f1_score": 0.0,
      "update_norm": 343.7344055175781,
      "is_attacker": false
    },
    "20": {
      "accuracy": 0.015852410346269608,
      "test_loss": 501.3411560058594,
      "precision": 1.0,
      "recall": 0.0,
      "f1_score": 0.0,
      "update_norm": 344.48516845703125,
      "is_attacker": false
    },
    "21": {
      "accuracy": 0.027999622747302055,
      "test_loss": 321423.875,
      "precision": 1.0,
      "recall": 0.0,
      "f1_score": 0.0,
      "update_norm": 344.55657958984375,
      "is_attacker": false
    },
    "22": {
      "accuracy": 0.012035452760756016,
      "test_loss": 279247.84375,
      "precision": 1.0,
      "recall": 0.0,
      "f1_score": 0.0,
      "update_norm": 345.7648620605469,
      "is_attacker": false
    },
    "23": {
      "accuracy": 0.019514627754688263,
      "test_loss": 253.16282653808594,
      "precision": 1.0,
      "recall": 0.0,
      "f1_score": 0.0,
      "update_norm": 343.66680908203125,
      "is_attacker": false
    },
    "24": {
      "accuracy": 0.02407950349152088,
      "test_loss": 504944.875,
      "precision": 1.0,
      "recall": 0.0,
      "f1_score": 0.0,
      "update_norm": 345.682373046875,
      "is_attacker": false
    },
    "25": {
      "accuracy": 0.016505764797329903,
      "test_loss": 212.99774169921875,
      "precision": 1.0,
      "recall": 0.0,
      "f1_score": 0.0,
      "update_norm": 344.9681701660156,
      "is_attacker": false
    },
    "26": {
      "accuracy": 0.016505764797329903,
      "test_loss": 212.99783325195312,
      "precision": 1.0,
      "recall": 0.0,
      "f1_score": 0.0,
      "update_norm": 343.97314453125,
      "is_attacker": false
    },
    "27": {
      "accuracy": 0.006774240639060736,
      "test_loss": 225.95545959472656,
      "precision": 1.0,
      "recall": 0.0,
      "f1_score": 0.0,
      "update_norm": 342.83831787109375,
      "is_attacker": false
    },
    "28": {
      "accuracy": 0.01253406424075365,
      "test_loss": 348747.625,
      "precision": 1.0,
      "recall": 0.0,
      "f1_score": 0.0,
      "update_norm": 344.29034423828125,
      "is_attacker": false
    },
    "29": {
      "accuracy": 0.011579825542867184,
      "test_loss": 183868.71875,
      "precision": 1.0,
      "recall": 0.0,
      "f1_score": 0.0,
      "update_norm": 344.0761413574219,
      "is_attacker": false
    },
    "30": {
      "accuracy": 0.007891818881034851,
      "test_loss": 216.2707977294922,
      "precision": 1.0,
      "recall": 0.0,
      "f1_score": 0.0,
      "update_norm": 343.3039855957031,
      "is_attacker": false
    },
    "31": {
      "accuracy": 0.011949485167860985,
      "test_loss": 184.6632080078125,
      "precision": 1.0,
      "recall": 0.0,
      "f1_score": 0.0,
      "update_norm": 345.88592529296875,
      "is_attacker": false
    },
    "32": {
      "accuracy": 0.018852677196264267,
      "test_loss": 313123.1875,
      "precision": 1.0,
      "recall": 0.0,
      "f1_score": 0.0,
      "update_norm": 344.05279541015625,
      "is_attacker": false
    },
    "33": {
      "accuracy": 0.022841570898890495,
      "test_loss": 237.08657836914062,
      "precision": 1.0,
      "recall": 0.0,
      "f1_score": 0.0,
      "update_norm": 345.3611755371094,
      "is_attacker": false
    },
    "34": {
      "accuracy": 0.022841570898890495,
      "test_loss": 237.08653259277344,
      "precision": 1.0,
      "recall": 0.0,
      "f1_score": 0.0,