{
  "round": 1,
  "nodes": {
    "0": {
      "accuracy": 0.04967203363776207,
      "test_loss": NaN,
      "precision": 1.0,
      "recall": 0.0,
      "f1_score": 0.0,
      "update_norm": NaN,
      "is_attacker": false
    },
    "1": {
      "accuracy": 0.04967203363776207,
      "test_loss": NaN,
      "precision": 1.0,
      "recall": 0.0,
      "f1_score": 0.0,
      "update_norm": NaN,
      "is_attacker": false
    },
    "2": {
      "accuracy": 0.045898061245679855,
      "test_loss": 207394.8125,
      "precision": 1.0,
      "recall": 0.0,
      "f1_score": 0.0,
      "update_norm": 343.6193542480469,
      "is_attacker": false
    },
    "3": {
      "accuracy": 0.04967203363776207,
      "test_loss": NaN,
      "precision": 1.0,
      "recall": 0.0,
      "f1_score": 0.0,
      "update_norm": 343.6393127441406,
      "is_attacker": false
    },
    "4": {
      "accuracy": 0.04967203363776207,
      "test_loss": NaN,
      "precision": 1.0,
      "recall": 0.0,
      "f1_score": 0.0,
      "update_norm": 344.2276916503906,
      "is_attacker": false
    },
    "5": {
      "accuracy": 0.024449164047837257,
      "test_loss": 2867168.25,
      "precision": 1.0,
      "recall": 0.0,
      "f1_score": 0.0,
      "update_norm": 345.30291748046875,
      "is_attacker": false
    },
    "6": {
      "accuracy": 0.04967203363776207,
      "test_loss": NaN,
      "precision": 1.0,
      "recall": 0.0,
      "f1_score": 0.0,
      "update_norm": 345.4537353515625,
      "is_attacker": false
    },
    "7": {
      "accuracy": 0.04967203363776207,
      "test_loss": NaN,
      "precision": 1.0,
      "recall": 0.0,
      "f1_score": 0.0,
      "update_norm": NaN,
      "is_attacker": false
    },
    "8": {
      "accuracy": 0.04967203363776207,
      "test_loss": NaN,
      "precision": 1.0,
      "recall": 0.0,
      "f1_score": 0.0,
      "update_norm": NaN,
      "is_attacker": false
    },
    "9": {
      "accuracy": 0.04967203363776207,
      "test_loss": NaN,
      "precision": 1.0,
      "recall": 0.0,
      "f1_score": 0.0,
      "update_norm": 345.1432189941406,
      "is_attacker": false
    },
    "10": {
      "accuracy": 0.04967203363776207,
      "test_loss": NaN,
      "precision": 1.0,
      "recall": 0.0,
      "f1_score": 0.0,
      "update_norm": NaN,
      "is_attacker": false
    },
    "11": {
      "accuracy": 0.04967203363776207,
      "test_loss": NaN,
      "precision": 1.0,
      "recall": 0.0,
      "f1_score": 0.0,
      "update_norm": 345.5373840332031,
      "is_attacker": false
    },
    "12": {
      "accuracy": 0.04967203363776207,
      "test_loss": NaN,
      "precision": 1.0,
      "recall": 0.0,
      "f1_score": 0.0,
      "update_norm": NaN,
      "is_attacker": false
    },
    "13": {
      "accuracy": 0.015800829976797104,
      "test_loss": 429200.1875,
      "precision": 1.0,
      "recall": 0.0,
      "f1_score": 0.0,
      "update_norm": 342.8829650878906,
      "is_attacker": false
    },
    "14": {
      "accuracy": 0.04967203363776207,
      "test_loss": NaN,
      "precision": 1.0,
      "recall": 0.0,
      "f1_score": 0.0,
      "update_norm": NaN,
      "is_attacker": false
    },
    "15": {
      "accuracy": 0.024836016818881035,
      "test_loss": 1416118.75,
      "precision": 1.0,
      "recall": 0.0,
      "f1_score": 0.0,
      "update_norm": 343.29180908203125,
      "is_attacker": false
    },
    "16": {
      "accuracy": 0.015293622389435768,
      "test_loss": 297401.1875,
      "precision": 1.0,
      "recall": 0.0,
      "f1_score": 0.0,
      "update_norm": 344.1757507324219,
      "is_attacker": false
    },
    "17": {
      "accuracy": 0.04967203363776207,
      "test_loss": NaN,
      "precision": 1.0,
      "recall": 0.0,
      "f1_score": 0.0,
      "update_norm": 343.65045166015625,
      "is_attacker": false
    },
    "18": {
      "accuracy": 0.04967203363776207,
      "test_loss": NaN,
      "precision": 1.0,
      "recall": 0.0,
      "f1_score": 0.0,
      "update_norm": 343.8230285644531,
      "is_attacker": false
    },
    "19": {
      "accuracy": 0.04967203363776207,
      "test_loss": NaN,
      "precision": 1.0,
      "recall": 0.0,
      "f1_score": 0.0,
      "update_norm": 345.3778381347656,
      "is_attacker": false
    },
    "20": {
      "accuracy": 0.04967203363776207,
      "test_loss": NaN,
      "precision": 1.0,
      "recall": 0.0,
      "f1_score": 0.0,
      "update_norm": 345.2463684082031,
      "is_attacker": false
    },
    "21": {
      "accuracy": 0.04967203363776207,
      "test_loss": NaN,
      "precision": 1.0,
      "recall": 0.0,
      "f1_score": 0.0,
      "update_norm": 344.3565979003906,
      "is_attacker": false
    },
    "22": {
      "accuracy": 0.009198524989187717,
      "test_loss": 571077.0,
      "precision": 1.0,
      "recall": 0.0,
      "f1_score": 0.0,
      "update_norm": 344.3910217285156,
      "is_attacker": false
    },
    "23": {
      "accuracy": 0.04967203363776207,
      "test_loss": NaN,
      "precision": 1.0,
      "recall": 0.0,
      "f1_score": 0.0,
      "update_norm": 342.5887756347656,
      "is_attacker": false
    },
    "24": {
      "accuracy": 0.04967203363776207,
      "test_loss": NaN,
      "precision": 1.0,
      "recall": 0.0,
      "f1_score": 0.0,
      "update_norm": NaN,
      "is_attacker": false
    },
    "25": {
      "accuracy": 0.04967203363776207,
      "test_loss": NaN,
      "precision": 1.0,
      "recall": 0.0,
      "f1_score": 0.0,
      "update_norm": 344.688720703125,
      "is_attacker": false
    },
    "26": {
      "accuracy": 0.012130017392337322,
      "test_loss": 137429.71875,
      "precision": 1.0,
      "recall": 0.0,
      "f1_score": 0.0,
      "update_norm": 344.2841796875,
      "is_attacker": false
    },
    "27": {
      "accuracy": 0.04967203363776207,
      "test_loss": NaN,
      "precision": 1.0,
      "recall": 0.0,
      "f1_score": 0.0,
      "update_norm": 344.7547607421875,
      "is_attacker": false
    },
    "28": {
      "accuracy": 0.04967203363776207,
      "test_loss": NaN,
      "precision": 1.0,
      "recall": 0.0,
      "f1_score": 0.0,
      "update_norm": NaN,
      "is_attacker": false
    },
    "29": {
      "accuracy": 0.04967203363776207,
      "test_loss": NaN,
      "precision": 1.0,
      "recall": 0.0,
      "f1_score": 0.0,
      "update_norm": NaN,
      "is_attacker": false
    },
    "30": {
      "accuracy": 0.04967203363776207,
      "test_loss": NaN,
      "precision": 1.0,
      "recall": 0.0,
      "f1_score": 0.0,
      "update_norm": 344.55157470703125,
      "is_attacker": false
    },
    "31": {
      "accuracy": 0.034593332558870316,
      "test_loss": 326453.03125,
      "precision": 1.0,
      "recall": 0.0,
      "f1_score": 0.0,
      "update_norm": 346.9294738769531,
      "is_attacker": false
    },
    "32": {
      "accuracy": 0.04967203363776207,
      "test_loss": NaN,
      "precision": 1.0,
      "recall": 0.0,
      "f1_score": 0.0,
      "update_norm": NaN,
      "is_attacker": false
    },
    "33": {
      "accuracy": 0.04967203363776207,
      "test_loss": NaN,
      "precision": 1.0,
      "recall": 0.0,
      "f1_score": 0.0,
      "update_norm": 345.2066650390625,
      "is_attacker": false
    },
    "34": {
      "accuracy": 0.04967203363776207,
      "test_loss": NaN,
      "precision": 1.0,
      "recall": 0.0,
      "f1_score": 0.0,
      "update_norm": 344.4374694824219,
      "is_attacker": false
    },
    "35": {
      "accuracy": 0.04967203363776207,
      "test_loss": NaN,
      "precision": 1.0,
      "recall": 0.0,
      "f1_score": 0.0,
      "update_norm": 344.88189697265625,
      "is_attacker": false
    },
    "36": {
      "accuracy": 0.007814447395503521,
      "test_loss": 397781.28125,
      "precision": 1.0,
      "recall": 0.0,
      "f1_score": 0.0,
      "update_norm": 343.85015869140625,
      "is_attacker": false
    },