{
  "round": 53,
  "nodes": {
    "0": {
      "accuracy": 0.5225020051002502,
      "test_loss": 2.337629556655884,
      "precision": 1.0,
      "recall": 0.0,
      "f1_score": 0.0,
      "update_norm": 1.0976042747497559,
      "is_attacker": true
    },
    "1": {
      "accuracy": 0.5334198474884033,
      "test_loss": 2.262528419494629,
      "precision": 1.0,
      "recall": 0.0,
      "f1_score": 0.0,
      "update_norm": 1.1056245565414429,
      "is_attacker": true
    },
    "2": {
      "accuracy": 0.5459281802177429,
      "test_loss": 2.121587038040161,
      "precision": 1.0,
      "recall": 0.0,
      "f1_score": 0.0,
      "update_norm": 1.0948516130447388,
      "is_attacker": true
    },
    "3": {
      "accuracy": 0.5138880610466003,
      "test_loss": 2.3552095890045166,
      "precision": 1.0,
      "recall": 0.0,
      "f1_score": 0.0,
      "update_norm": 1.0960015058517456,
      "is_attacker": true
    },
    "4": {
      "accuracy": 0.5085064768791199,
      "test_loss": 2.370352029800415,
      "precision": 1.0,
      "recall": 0.0,
      "f1_score": 0.0,
      "update_norm": 1.1028645038604736,
      "is_attacker": true
    },
    "5": {
      "accuracy": 0.543056845664978,
      "test_loss": 2.122490167617798,
      "precision": 1.0,
      "recall": 0.0,
      "f1_score": 0.0,
      "update_norm": 1.099304437637329,
      "is_attacker": false
    },
    "6": {
      "accuracy": 0.5472434759140015,
      "test_loss": 2.1383249759674072,
      "precision": 1.0,
      "recall": 0.0,
      "f1_score": 0.0,
      "update_norm": 1.0959540605545044,
      "is_attacker": false
    },
    "7": {
      "accuracy": 0.5502523183822632,
      "test_loss": 2.1358144283294678,
      "precision": 1.0,
      "recall": 0.0,
      "f1_score": 0.0,
      "update_norm": 1.0996851921081543,
      "is_attacker": false
    },
    "8": {
      "accuracy": 0.546994149684906,
      "test_loss": 2.1272685527801514,
      "precision": 1.0,
      "recall": 0.0,
      "f1_score": 0.0,
      "update_norm": 1.1026625633239746,
      "is_attacker": false
    },
    "9": {
      "accuracy": 0.5521092414855957,
      "test_loss": 2.142676591873169,
      "precision": 1.0,
      "recall": 0.0,
      "f1_score": 0.0,
      "update_norm": 1.0982478857040405,
      "is_attacker": false
    },
    "10": {
      "accuracy": 0.547191858291626,
      "test_loss": 2.130337715148926,
      "precision": 1.0,
      "recall": 0.0,
      "f1_score": 0.0,
      "update_norm": 1.0910203456878662,
      "is_attacker": false
    },
    "11": {
      "accuracy": 0.5445612668991089,
      "test_loss": 2.1704914569854736,
      "precision": 1.0,
      "recall": 0.0,
      "f1_score": 0.0,
      "update_norm": 1.0979747772216797,
      "is_attacker": false
    },
    "12": {
      "accuracy": 0.5473294258117676,
      "test_loss": 2.0842580795288086,
      "precision": 1.0,
      "recall": 0.0,
      "f1_score": 0.0,
      "update_norm": 1.0996861457824707,
      "is_attacker": false
    },
    "13": {
      "accuracy": 0.5535878539085388,
      "test_loss": 2.128843069076538,
      "precision": 1.0,
      "recall": 0.0,
      "f1_score": 0.0,
      "update_norm": 1.0991981029510498,
      "is_attacker": false
    },
    "14": {
      "accuracy": 0.5496849417686462,
      "test_loss": 2.095041036605835,
      "precision": 1.0,
      "recall": 0.0,
      "f1_score": 0.0,
      "update_norm": 1.0976184606552124,
      "is_attacker": false
    },
    "15": {
      "accuracy": 0.5434780716896057,
      "test_loss": 2.16157865524292,
      "precision": 1.0,
      "recall": 0.0,
      "f1_score": 0.0,
      "update_norm": 1.0940943956375122,
      "is_attacker": false
    },
    "16": {
      "accuracy": 0.5529001355171204,
      "test_loss": 2.1066646575927734,
      "precision": 1.0,
      "recall": 0.0,
      "f1_score": 0.0,
      "update_norm": 1.0993834733963013,
      "is_attacker": false
    },
    "17": {
      "accuracy": 0.5468050241470337,
      "test_loss": 2.147273063659668,
      "precision": 1.0,
      "recall": 0.0,
      "f1_score": 0.0,
      "update_norm": 1.0990723371505737,
      "is_attacker": false
    },
    "18": {
      "accuracy": 0.552126407623291,
      "test_loss": 2.1064162254333496,
      "precision": 1.0,
      "recall": 0.0,
      "f1_score": 0.0,
      "update_norm": 1.091210126876831,
      "is_attacker": false
    },
    "19": {
      "accuracy": 0.5450341105461121,
      "test_loss": 2.1719822883605957,
      "precision": 1.0,
      "recall": 0.0,
      "f1_score": 0.0,
      "update_norm": 1.1044985055923462,
      "is_attacker": false
    },
    "20": {
      "accuracy": 0.5497279167175293,
      "test_loss": 2.149733543395996,
      "precision": 1.0,
      "recall": 0.0,
      "f1_score": 0.0,
      "update_norm": 1.1040687561035156,
      "is_attacker": false
    },
    "21": {
      "accuracy": 0.5497623085975647,
      "test_loss": 2.1055960655212402,
      "precision": 1.0,
      "recall": 0.0,
      "f1_score": 0.0,
      "update_norm": 1.098009467124939,
      "is_attacker": false
    },
    "22": {
      "accuracy": 0.5446988344192505,
      "test_loss": 2.1023292541503906,
      "precision": 1.0,
      "recall": 0.0,
      "f1_score": 0.0,
      "update_norm": 1.098338007926941,
      "is_attacker": false
    },
    "23": {
      "accuracy": 0.5487393140792847,
      "test_loss": 2.1607284545898438,
      "precision": 1.0,
      "recall": 0.0,
      "f1_score": 0.0,
      "update_norm": 1.1061747074127197,
      "is_attacker": false
    },
    "24": {
      "accuracy": 0.5472520589828491,
      "test_loss": 2.189143657684326,
      "precision": 1.0,
      "recall": 0.0,
      "f1_score": 0.0,
      "update_norm": 1.0974724292755127,
      "is_attacker": false
    },
    "25": {
      "accuracy": 0.5467190742492676,
      "test_loss": 2.1478283405303955,
      "precision": 1.0,
      "recall": 0.0,
      "f1_score": 0.0,
      "update_norm": 1.099916934967041,
      "is_attacker": false
    },
    "26": {
      "accuracy": 0.5455929040908813,
      "test_loss": 2.126603364944458,
      "precision": 1.0,
      "recall": 0.0,
      "f1_score": 0.0,
      "update_norm": 1.0993496179580688,
      "is_attacker": false
    },
    "27": {
      "accuracy": 0.544234573841095,
      "test_loss": 2.12776255607605,
      "precision": 1.0,
      "recall": 0.0,
      "f1_score": 0.0,
      "update_norm": 1.1004385948181152,
      "is_attacker": false
    },
    "28": {
      "accuracy": 0.5515934228897095,
      "test_loss": 2.163306951522827,
      "precision": 1.0,
      "recall": 0.0,
      "f1_score": 0.0,
      "update_norm": 1.0996050834655762,
      "is_attacker": false
    },
    "29": {
      "accuracy": 0.5506047606468201,
      "test_loss": 2.082066297531128,
      "precision": 1.0,
      "recall": 0.0,
      "f1_score": 0.0,
      "update_norm": 1.0951911211013794,
      "is_attacker": false
    },
    "30": {
      "accuracy": 0.5484040379524231,
      "test_loss": 2.152435302734375,
      "precision": 1.0,
      "recall": 0.0,
      "f1_score": 0.0,
      "update_norm": 1.099387288093567,
      "is_attacker": false
    },
    "31": {
      "accuracy": 0.5477334856987,
      "test_loss": 2.1010682582855225,
      "precision": 1.0,
      "recall": 0.0,
      "f1_score": 0.0,
      "update_norm": 1.096114158630371,
      "is_attacker": false
    },
    "32": {
      "accuracy": 0.545429527759552,
      "test_loss": 2.1428184509277344,
      "precision": 1.0,
      "recall": 0.0,
      "f1_score": 0.0,
      "update_norm": 1.0979357957839966,
      "is_attacker": false
    },
    "33": {
      "accuracy": 0.5508713126182556,
      "test_loss": 2.114990711212158,
      "precision": 1.0,
      "recall": 0.0,
      "f1_score": 0.0,
      "update_norm": 1.1003271341323853,
      "is_attacker": false
    },
    "34": {
      "accuracy": 0.5449653267860413,
      "test_loss": 2.120408058166504,
      "precision": 1.0,
      "recall": 0.0,