{
  "round": 76,
  "nodes": {
    "0": {
      "accuracy": 0.49261969327926636,
      "test_loss": 2.8208887577056885,
      "precision": 1.0,
      "recall": 0.0,
      "f1_score": 0.0,
      "update_norm": 1.1038628816604614,
      "is_attacker": true
    },
    "1": {
      "accuracy": 0.528683066368103,
      "test_loss": 2.4401354789733887,
      "precision": 1.0,
      "recall": 0.0,
      "f1_score": 0.0,
      "update_norm": 1.1027450561523438,
      "is_attacker": true
    },
    "2": {
      "accuracy": 0.5679616332054138,
      "test_loss": 2.0796055793762207,
      "precision": 1.0,
      "recall": 0.0,
      "f1_score": 0.0,
      "update_norm": 1.0984216928482056,
      "is_attacker": true
    },
    "3": {
      "accuracy": 0.5136817097663879,
      "test_loss": 2.5187647342681885,
      "precision": 1.0,
      "recall": 0.0,
      "f1_score": 0.0,
      "update_norm": 1.0987544059753418,
      "is_attacker": true
    },
    "4": {
      "accuracy": 0.4927314519882202,
      "test_loss": 2.683406352996826,
      "precision": 1.0,
      "recall": 0.0,
      "f1_score": 0.0,
      "update_norm": 1.1010740995407104,
      "is_attacker": true
    },
    "5": {
      "accuracy": 0.5701624155044556,
      "test_loss": 2.0868005752563477,
      "precision": 1.0,
      "recall": 0.0,
      "f1_score": 0.0,
      "update_norm": 1.1054859161376953,
      "is_attacker": false
    },
    "6": {
      "accuracy": 0.5690018534660339,
      "test_loss": 2.0907230377197266,
      "precision": 1.0,
      "recall": 0.0,
      "f1_score": 0.0,
      "update_norm": 1.0944427251815796,
      "is_attacker": false
    },
    "7": {
      "accuracy": 0.571417510509491,
      "test_loss": 2.094966411590576,
      "precision": 1.0,
      "recall": 0.0,
      "f1_score": 0.0,
      "update_norm": 1.0984514951705933,
      "is_attacker": false
    },
    "8": {
      "accuracy": 0.5710392594337463,
      "test_loss": 2.115036725997925,
      "precision": 1.0,
      "recall": 0.0,
      "f1_score": 0.0,
      "update_norm": 1.0950912237167358,
      "is_attacker": false
    },
    "9": {
      "accuracy": 0.5754665732383728,
      "test_loss": 2.1372368335723877,
      "precision": 1.0,
      "recall": 0.0,
      "f1_score": 0.0,
      "update_norm": 1.09988272190094,
      "is_attacker": false
    },
    "10": {
      "accuracy": 0.5717785954475403,
      "test_loss": 2.083935260772705,
      "precision": 1.0,
      "recall": 0.0,
      "f1_score": 0.0,
      "update_norm": 1.099055290222168,
      "is_attacker": false
    },
    "11": {
      "accuracy": 0.5715808868408203,
      "test_loss": 2.1275436878204346,
      "precision": 1.0,
      "recall": 0.0,
      "f1_score": 0.0,
      "update_norm": 1.1050524711608887,
      "is_attacker": false
    },
    "12": {
      "accuracy": 0.5739363431930542,
      "test_loss": 2.0741820335388184,
      "precision": 1.0,
      "recall": 0.0,
      "f1_score": 0.0,
      "update_norm": 1.098930835723877,
      "is_attacker": false
    },
    "13": {
      "accuracy": 0.5722600221633911,
      "test_loss": 2.1184542179107666,
      "precision": 1.0,
      "recall": 0.0,
      "f1_score": 0.0,
      "update_norm": 1.0972647666931152,
      "is_attacker": false
    },
    "14": {
      "accuracy": 0.5750367641448975,
      "test_loss": 2.0634682178497314,
      "precision": 1.0,
      "recall": 0.0,
      "f1_score": 0.0,
      "update_norm": 1.0932178497314453,
      "is_attacker": false
    },
    "15": {
      "accuracy": 0.5634311437606812,
      "test_loss": 2.1108596324920654,
      "precision": 1.0,
      "recall": 0.0,
      "f1_score": 0.0,
      "update_norm": 1.0978713035583496,
      "is_attacker": false
    },
    "16": {
      "accuracy": 0.5738503932952881,
      "test_loss": 2.050353527069092,
      "precision": 1.0,
      "recall": 0.0,
      "f1_score": 0.0,
      "update_norm": 1.1020615100860596,
      "is_attacker": false
    },
    "17": {
      "accuracy": 0.573394775390625,
      "test_loss": 2.036799192428589,
      "precision": 1.0,
      "recall": 0.0,
      "f1_score": 0.0,
      "update_norm": 1.0941390991210938,
      "is_attacker": false
    },
    "18": {
      "accuracy": 0.5728359818458557,
      "test_loss": 2.094187021255493,
      "precision": 1.0,
      "recall": 0.0,
      "f1_score": 0.0,
      "update_norm": 1.0929043292999268,
      "is_attacker": false
    },
    "19": {
      "accuracy": 0.5701194405555725,
      "test_loss": 2.1764609813690186,
      "precision": 1.0,
      "recall": 0.0,
      "f1_score": 0.0,
      "update_norm": 1.1039419174194336,
      "is_attacker": false
    },
    "20": {
      "accuracy": 0.5725436806678772,
      "test_loss": 2.1064422130584717,
      "precision": 1.0,
      "recall": 0.0,
      "f1_score": 0.0,
      "update_norm": 1.0989614725112915,
      "is_attacker": false
    },
    "21": {
      "accuracy": 0.5706695914268494,
      "test_loss": 2.092228889465332,
      "precision": 1.0,
      "recall": 0.0,
      "f1_score": 0.0,
      "update_norm": 1.0978434085845947,
      "is_attacker": false
    },
    "22": {
      "accuracy": 0.5726640224456787,
      "test_loss": 2.0738790035247803,
      "precision": 1.0,
      "recall": 0.0,
      "f1_score": 0.0,
      "update_norm": 1.0987566709518433,
      "is_attacker": false
    },
    "23": {
      "accuracy": 0.5738418102264404,
      "test_loss": 2.0505940914154053,
      "precision": 1.0,
      "recall": 0.0,
      "f1_score": 0.0,
      "update_norm": 1.0963915586471558,
      "is_attacker": false
    },
    "24": {
      "accuracy": 0.5654857754707336,
      "test_loss": 2.1395323276519775,
      "precision": 1.0,
      "recall": 0.0,
      "f1_score": 0.0,
      "update_norm": 1.1022427082061768,
      "is_attacker": false
    },
    "25": {
      "accuracy": 0.5699130892753601,
      "test_loss": 2.1479783058166504,
      "precision": 1.0,
      "recall": 0.0,
      "f1_score": 0.0,
      "update_norm": 1.0983089208602905,
      "is_attacker": false
    },
    "26": {
      "accuracy": 0.567892849445343,
      "test_loss": 2.0596885681152344,
      "precision": 1.0,
      "recall": 0.0,
      "f1_score": 0.0,
      "update_norm": 1.0951982736587524,
      "is_attacker": false
    },
    "27": {
      "accuracy": 0.5728445649147034,
      "test_loss": 2.1011345386505127,
      "precision": 1.0,
      "recall": 0.0,
      "f1_score": 0.0,
      "update_norm": 1.0912392139434814,
      "is_attacker": false
    },
    "28": {
      "accuracy": 0.5727156400680542,
      "test_loss": 2.1345527172088623,
      "precision": 1.0,
      "recall": 0.0,
      "f1_score": 0.0,
      "update_norm": 1.0959389209747314,
      "is_attacker": false
    },
    "29": {
      "accuracy": 0.5686579346656799,
      "test_loss": 2.07246732711792,
      "precision": 1.0,
      "recall": 0.0,
      "f1_score": 0.0,
      "update_norm": 1.096222162246704,
      "is_attacker": false
    },
    "30": {
      "accuracy": 0.5710134506225586,
      "test_loss": 2.1155846118927,
      "precision": 1.0,
      "recall": 0.0,
      "f1_score": 0.0,
      "update_norm": 1.1013356447219849,
      "is_attacker": false
    },
    "31": {
      "accuracy": 0.5723545551300049,
      "test_loss": 2.065647840499878,
      "precision": 1.0,
      "recall": 0.0,
      "f1_score": 0.0,
      "update_norm": 1.1023149490356445,
      "is_attacker": false
    },
    "32": {
      "accuracy": 0.5717957615852356,
      "test_loss": 2.0929222106933594,
      "precision": 1.0,
      "recall": 0.0,
      "f1_score": 0.0,
      "update_norm": 1.0994880199432373,
      "is_attacker": false
    },
    "33": {
      "accuracy": 0.5726382732391357,
      "test_loss": 2.057892084121704,
      "precision": 1.0,
      "recall": 0.0,
      "f1_score": 0.0,
      "update_norm": 1.0952363014221191,
      "is_attacker": false
    },
    "34": {
      "accuracy": 0.5722342133522034,
      "test_loss": 2.06476092338562,
      "precision": 1.0,