{
  "round": 29,
  "nodes": {
    "0": {
      "accuracy": 0.5072169899940491,
      "test_loss": 2.1802279949188232,
      "precision": 1.0,
      "recall": 0.0,
      "f1_score": 0.0,
      "update_norm": 1.0994206666946411,
      "is_attacker": true
    },
    "1": {
      "accuracy": 0.5101054906845093,
      "test_loss": 2.171827793121338,
      "precision": 1.0,
      "recall": 0.0,
      "f1_score": 0.0,
      "update_norm": 1.0969716310501099,
      "is_attacker": true
    },
    "2": {
      "accuracy": 0.5109479427337646,
      "test_loss": 2.16321063041687,
      "precision": 1.0,
      "recall": 0.0,
      "f1_score": 0.0,
      "update_norm": 1.1002548933029175,
      "is_attacker": true
    },
    "3": {
      "accuracy": 0.5033312439918518,
      "test_loss": 2.201509952545166,
      "precision": 1.0,
      "recall": 0.0,
      "f1_score": 0.0,
      "update_norm": 1.096672534942627,
      "is_attacker": true
    },
    "4": {
      "accuracy": 0.5024027824401855,
      "test_loss": 2.197256326675415,
      "precision": 1.0,
      "recall": 0.0,
      "f1_score": 0.0,
      "update_norm": 1.098086953163147,
      "is_attacker": true
    },
    "5": {
      "accuracy": 0.506417453289032,
      "test_loss": 2.2216310501098633,
      "precision": 1.0,
      "recall": 0.0,
      "f1_score": 0.0,
      "update_norm": 1.1018683910369873,
      "is_attacker": false
    },
    "6": {
      "accuracy": 0.5026692748069763,
      "test_loss": 2.201622486114502,
      "precision": 1.0,
      "recall": 0.0,
      "f1_score": 0.0,
      "update_norm": 1.1025115251541138,
      "is_attacker": false
    },
    "7": {
      "accuracy": 0.5066409707069397,
      "test_loss": 2.2298600673675537,
      "precision": 1.0,
      "recall": 0.0,
      "f1_score": 0.0,
      "update_norm": 1.1046079397201538,
      "is_attacker": false
    },
    "8": {
      "accuracy": 0.5049903988838196,
      "test_loss": 2.222243309020996,
      "precision": 1.0,
      "recall": 0.0,
      "f1_score": 0.0,
      "update_norm": 1.1001125574111938,
      "is_attacker": false
    },
    "9": {
      "accuracy": 0.5146273970603943,
      "test_loss": 2.245194911956787,
      "precision": 1.0,
      "recall": 0.0,
      "f1_score": 0.0,
      "update_norm": 1.1020660400390625,
      "is_attacker": false
    },
    "10": {
      "accuracy": 0.5092802047729492,
      "test_loss": 2.1833293437957764,
      "precision": 1.0,
      "recall": 0.0,
      "f1_score": 0.0,
      "update_norm": 1.0989896059036255,
      "is_attacker": false
    },
    "11": {
      "accuracy": 0.5054288506507874,
      "test_loss": 2.2350692749023438,
      "precision": 1.0,
      "recall": 0.0,
      "f1_score": 0.0,
      "update_norm": 1.0965341329574585,
      "is_attacker": false
    },
    "12": {
      "accuracy": 0.5004513263702393,
      "test_loss": 2.185953378677368,
      "precision": 1.0,
      "recall": 0.0,
      "f1_score": 0.0,
      "update_norm": 1.1004518270492554,
      "is_attacker": false
    },
    "13": {
      "accuracy": 0.5069504976272583,
      "test_loss": 2.2102649211883545,
      "precision": 1.0,
      "recall": 0.0,
      "f1_score": 0.0,
      "update_norm": 1.1033060550689697,
      "is_attacker": false
    },
    "14": {
      "accuracy": 0.5103633999824524,
      "test_loss": 2.2248504161834717,
      "precision": 1.0,
      "recall": 0.0,
      "f1_score": 0.0,
      "update_norm": 1.1015830039978027,
      "is_attacker": false
    },
    "15": {
      "accuracy": 0.501500129699707,
      "test_loss": 2.203099012374878,
      "precision": 1.0,
      "recall": 0.0,
      "f1_score": 0.0,
      "update_norm": 1.0993739366531372,
      "is_attacker": false
    },
    "16": {
      "accuracy": 0.5144726634025574,
      "test_loss": 2.1998701095581055,
      "precision": 1.0,
      "recall": 0.0,
      "f1_score": 0.0,
      "update_norm": 1.0965569019317627,
      "is_attacker": false
    },
    "17": {
      "accuracy": 0.5014915466308594,
      "test_loss": 2.21718430519104,
      "precision": 1.0,
      "recall": 0.0,
      "f1_score": 0.0,
      "update_norm": 1.0961066484451294,
      "is_attacker": false
    },
    "18": {
      "accuracy": 0.5096584558486938,
      "test_loss": 2.198585271835327,
      "precision": 1.0,
      "recall": 0.0,
      "f1_score": 0.0,
      "update_norm": 1.0934268236160278,
      "is_attacker": false
    },
    "19": {
      "accuracy": 0.5039845705032349,
      "test_loss": 2.249122381210327,
      "precision": 1.0,
      "recall": 0.0,
      "f1_score": 0.0,
      "update_norm": 1.100893497467041,
      "is_attacker": false
    },
    "20": {
      "accuracy": 0.5079047083854675,
      "test_loss": 2.2179319858551025,
      "precision": 1.0,
      "recall": 0.0,
      "f1_score": 0.0,
      "update_norm": 1.098562479019165,
      "is_attacker": false
    },
    "21": {
      "accuracy": 0.5106213092803955,
      "test_loss": 2.1889357566833496,
      "precision": 1.0,
      "recall": 0.0,
      "f1_score": 0.0,
      "update_norm": 1.0990352630615234,
      "is_attacker": false
    },
    "22": {
      "accuracy": 0.5043456554412842,
      "test_loss": 2.2363193035125732,
      "precision": 1.0,
      "recall": 0.0,
      "f1_score": 0.0,
      "update_norm": 1.0954341888427734,
      "is_attacker": false
    },
    "23": {
      "accuracy": 0.5027036666870117,
      "test_loss": 2.197582483291626,
      "precision": 1.0,
      "recall": 0.0,
      "f1_score": 0.0,
      "update_norm": 1.0977952480316162,
      "is_attacker": false
    },
    "24": {
      "accuracy": 0.5049302577972412,
      "test_loss": 2.2330541610717773,
      "precision": 1.0,
      "recall": 0.0,
      "f1_score": 0.0,
      "update_norm": 1.0958861112594604,
      "is_attacker": false
    },
    "25": {
      "accuracy": 0.5062971115112305,
      "test_loss": 2.2172718048095703,
      "precision": 1.0,
      "recall": 0.0,
      "f1_score": 0.0,
      "update_norm": 1.1018919944763184,
      "is_attacker": false
    },
    "26": {
      "accuracy": 0.5110769271850586,
      "test_loss": 2.195349931716919,
      "precision": 1.0,
      "recall": 0.0,
      "f1_score": 0.0,
      "update_norm": 1.099218726158142,
      "is_attacker": false
    },
    "27": {
      "accuracy": 0.5031163096427917,
      "test_loss": 2.196035861968994,
      "precision": 1.0,
      "recall": 0.0,
      "f1_score": 0.0,
      "update_norm": 1.094014286994934,
      "is_attacker": false
    },
    "28": {
      "accuracy": 0.5086612105369568,
      "test_loss": 2.2168116569519043,
      "precision": 1.0,
      "recall": 0.0,
      "f1_score": 0.0,
      "update_norm": 1.0938893556594849,
      "is_attacker": false
    },
    "29": {
      "accuracy": 0.5087987780570984,
      "test_loss": 2.1987690925598145,
      "precision": 1.0,
      "recall": 0.0,
      "f1_score": 0.0,
      "update_norm": 1.1004955768585205,
      "is_attacker": false
    },
    "30": {
      "accuracy": 0.5073975324630737,
      "test_loss": 2.203519582748413,
      "precision": 1.0,
      "recall": 0.0,
      "f1_score": 0.0,
      "update_norm": 1.0975350141525269,
      "is_attacker": false
    },
    "31": {
      "accuracy": 0.5045691728591919,
      "test_loss": 2.1931886672973633,
      "precision": 1.0,
      "recall": 0.0,
      "f1_score": 0.0,
      "update_norm": 1.098776936531067,
      "is_attacker": false
    },
    "32": {
      "accuracy": 0.5025489330291748,
      "test_loss": 2.2187142372131348,
      "precision": 1.0,
      "recall": 0.0,
      "f1_score": 0.0,
      "update_norm": 1.0943318605422974,
      "is_attacker": false
    },
    "33": {
      "accuracy": 0.5060650110244751,
      "test_loss": 2.2145614624023438,
      "precision": 1.0,
      "recall": 0.0,
      "f1_score": 0.0,
      "update_norm": 1.0988203287124634,
      "is_attacker": false
    },
    "34": {
      "accuracy": 0.5033570528030396,
      "test_loss": 2.1832404136657715,
      "precision": 1.0,