{
  "round": 34,
  "nodes": {
    "0": {
      "accuracy": 0.5184959173202515,
      "test_loss": 2.163052797317505,
      "precision": 1.0,
      "recall": 0.0,
      "f1_score": 0.0,
      "update_norm": 1.09913969039917,
      "is_attacker": true
    },
    "1": {
      "accuracy": 0.5216767191886902,
      "test_loss": 2.153923749923706,
      "precision": 1.0,
      "recall": 0.0,
      "f1_score": 0.0,
      "update_norm": 1.0989584922790527,
      "is_attacker": true
    },
    "2": {
      "accuracy": 0.5220635533332825,
      "test_loss": 2.143932580947876,
      "precision": 1.0,
      "recall": 0.0,
      "f1_score": 0.0,
      "update_norm": 1.1002274751663208,
      "is_attacker": true
    },
    "3": {
      "accuracy": 0.5150657892227173,
      "test_loss": 2.187030076980591,
      "precision": 1.0,
      "recall": 0.0,
      "f1_score": 0.0,
      "update_norm": 1.1027567386627197,
      "is_attacker": true
    },
    "4": {
      "accuracy": 0.5137677192687988,
      "test_loss": 2.1838197708129883,
      "precision": 1.0,
      "recall": 0.0,
      "f1_score": 0.0,
      "update_norm": 1.1017431020736694,
      "is_attacker": true
    },
    "5": {
      "accuracy": 0.5175416469573975,
      "test_loss": 2.183610200881958,
      "precision": 1.0,
      "recall": 0.0,
      "f1_score": 0.0,
      "update_norm": 1.1038193702697754,
      "is_attacker": false
    },
    "6": {
      "accuracy": 0.5150142312049866,
      "test_loss": 2.172579765319824,
      "precision": 1.0,
      "recall": 0.0,
      "f1_score": 0.0,
      "update_norm": 1.0985320806503296,
      "is_attacker": false
    },
    "7": {
      "accuracy": 0.5174298882484436,
      "test_loss": 2.209493637084961,
      "precision": 1.0,
      "recall": 0.0,
      "f1_score": 0.0,
      "update_norm": 1.1003921031951904,
      "is_attacker": false
    },
    "8": {
      "accuracy": 0.5157793164253235,
      "test_loss": 2.2071075439453125,
      "precision": 1.0,
      "recall": 0.0,
      "f1_score": 0.0,
      "update_norm": 1.1027450561523438,
      "is_attacker": false
    },
    "9": {
      "accuracy": 0.5295599102973938,
      "test_loss": 2.2221782207489014,
      "precision": 1.0,
      "recall": 0.0,
      "f1_score": 0.0,
      "update_norm": 1.0978989601135254,
      "is_attacker": false
    },
    "10": {
      "accuracy": 0.5198026299476624,
      "test_loss": 2.182145595550537,
      "precision": 1.0,
      "recall": 0.0,
      "f1_score": 0.0,
      "update_norm": 1.0991395711898804,
      "is_attacker": false
    },
    "11": {
      "accuracy": 0.5208772420883179,
      "test_loss": 2.1890125274658203,
      "precision": 1.0,
      "recall": 0.0,
      "f1_score": 0.0,
      "update_norm": 1.1027235984802246,
      "is_attacker": false
    },
    "12": {
      "accuracy": 0.5154956579208374,
      "test_loss": 2.1409668922424316,
      "precision": 1.0,
      "recall": 0.0,
      "f1_score": 0.0,
      "update_norm": 1.0938736200332642,
      "is_attacker": false
    },
    "13": {
      "accuracy": 0.5207052826881409,
      "test_loss": 2.1722252368927,
      "precision": 1.0,
      "recall": 0.0,
      "f1_score": 0.0,
      "update_norm": 1.099191427230835,
      "is_attacker": false
    },
    "14": {
      "accuracy": 0.5231295824050903,
      "test_loss": 2.164752721786499,
      "precision": 1.0,
      "recall": 0.0,
      "f1_score": 0.0,
      "update_norm": 1.0952566862106323,
      "is_attacker": false
    },
    "15": {
      "accuracy": 0.5134238600730896,
      "test_loss": 2.189249277114868,
      "precision": 1.0,
      "recall": 0.0,
      "f1_score": 0.0,
      "update_norm": 1.0985373258590698,
      "is_attacker": false
    },
    "16": {
      "accuracy": 0.52885502576828,
      "test_loss": 2.1732959747314453,
      "precision": 1.0,
      "recall": 0.0,
      "f1_score": 0.0,
      "update_norm": 1.0975877046585083,
      "is_attacker": false
    },
    "17": {
      "accuracy": 0.5157879590988159,
      "test_loss": 2.193060874938965,
      "precision": 1.0,
      "recall": 0.0,
      "f1_score": 0.0,
      "update_norm": 1.1030842065811157,
      "is_attacker": false
    },
    "18": {
      "accuracy": 0.5211265087127686,
      "test_loss": 2.1707894802093506,
      "precision": 1.0,
      "recall": 0.0,
      "f1_score": 0.0,
      "update_norm": 1.1005750894546509,
      "is_attacker": false
    },
    "19": {
      "accuracy": 0.5140256285667419,
      "test_loss": 2.2318620681762695,
      "precision": 1.0,
      "recall": 0.0,
      "f1_score": 0.0,
      "update_norm": 1.0992010831832886,
      "is_attacker": false
    },
    "20": {
      "accuracy": 0.5234992504119873,
      "test_loss": 2.176800489425659,
      "precision": 1.0,
      "recall": 0.0,
      "f1_score": 0.0,
      "update_norm": 1.096372365951538,
      "is_attacker": false
    },
    "21": {
      "accuracy": 0.522355854511261,
      "test_loss": 2.148341655731201,
      "precision": 1.0,
      "recall": 0.0,
      "f1_score": 0.0,
      "update_norm": 1.1003739833831787,
      "is_attacker": false
    },
    "22": {
      "accuracy": 0.5182121992111206,
      "test_loss": 2.199985980987549,
      "precision": 1.0,
      "recall": 0.0,
      "f1_score": 0.0,
      "update_norm": 1.0966092348098755,
      "is_attacker": false
    },
    "23": {
      "accuracy": 0.5117732286453247,
      "test_loss": 2.2219977378845215,
      "precision": 1.0,
      "recall": 0.0,
      "f1_score": 0.0,
      "update_norm": 1.1018080711364746,
      "is_attacker": false
    },
    "24": {
      "accuracy": 0.5155816078186035,
      "test_loss": 2.209397554397583,
      "precision": 1.0,
      "recall": 0.0,
      "f1_score": 0.0,
      "update_norm": 1.0993232727050781,
      "is_attacker": false
    },
    "25": {
      "accuracy": 0.5196994543075562,
      "test_loss": 2.2051808834075928,
      "precision": 1.0,
      "recall": 0.0,
      "f1_score": 0.0,
      "update_norm": 1.1023218631744385,
      "is_attacker": false
    },
    "26": {
      "accuracy": 0.5183497667312622,
      "test_loss": 2.1836185455322266,
      "precision": 1.0,
      "recall": 0.0,
      "f1_score": 0.0,
      "update_norm": 1.1007180213928223,
      "is_attacker": false
    },
    "27": {
      "accuracy": 0.514481246471405,
      "test_loss": 2.193132162094116,
      "precision": 1.0,
      "recall": 0.0,
      "f1_score": 0.0,
      "update_norm": 1.1009787321090698,
      "is_attacker": false
    },
    "28": {
      "accuracy": 0.5212984681129456,
      "test_loss": 2.1804583072662354,
      "precision": 1.0,
      "recall": 0.0,
      "f1_score": 0.0,
      "update_norm": 1.1034693717956543,
      "is_attacker": false
    },
    "29": {
      "accuracy": 0.517421305179596,
      "test_loss": 2.169912338256836,
      "precision": 1.0,
      "recall": 0.0,
      "f1_score": 0.0,
      "update_norm": 1.099275827407837,
      "is_attacker": false
    },
    "30": {
      "accuracy": 0.5179199576377869,
      "test_loss": 2.1935360431671143,
      "precision": 1.0,
      "recall": 0.0,
      "f1_score": 0.0,
      "update_norm": 1.1014366149902344,
      "is_attacker": false
    },
    "31": {
      "accuracy": 0.5185818672180176,
      "test_loss": 2.165038585662842,
      "precision": 1.0,
      "recall": 0.0,
      "f1_score": 0.0,
      "update_norm": 1.1016018390655518,
      "is_attacker": false
    },
    "32": {
      "accuracy": 0.5150228142738342,
      "test_loss": 2.186790704727173,
      "precision": 1.0,
      "recall": 0.0,
      "f1_score": 0.0,
      "update_norm": 1.0943984985351562,
      "is_attacker": false
    },
    "33": {
      "accuracy": 0.5165186524391174,
      "test_loss": 2.184884786605835,
      "precision": 1.0,
      "recall": 0.0,
      "f1_score": 0.0,
      "update_norm": 1.099379539489746,
      "is_attacker": false
    },
    "34": {
      "accuracy": 0.5144984126091003,
      "test_loss": 2.1568543910980225,
      "precision": 1.0,