{
  "round": 55,
  "nodes": {
    "0": {
      "accuracy": 0.5195361375808716,
      "test_loss": 2.372011184692383,
      "precision": 1.0,
      "recall": 0.0,
      "f1_score": 0.0,
      "update_norm": 1.0964351892471313,
      "is_attacker": true
    },
    "1": {
      "accuracy": 0.5339786410331726,
      "test_loss": 2.26888108253479,
      "precision": 1.0,
      "recall": 0.0,
      "f1_score": 0.0,
      "update_norm": 1.1073635816574097,
      "is_attacker": true
    },
    "2": {
      "accuracy": 0.5490315556526184,
      "test_loss": 2.110896587371826,
      "precision": 1.0,
      "recall": 0.0,
      "f1_score": 0.0,
      "update_norm": 1.1005769968032837,
      "is_attacker": true
    },
    "3": {
      "accuracy": 0.5180574655532837,
      "test_loss": 2.336005687713623,
      "precision": 1.0,
      "recall": 0.0,
      "f1_score": 0.0,
      "update_norm": 1.1044272184371948,
      "is_attacker": true
    },
    "4": {
      "accuracy": 0.5133206844329834,
      "test_loss": 2.3486826419830322,
      "precision": 1.0,
      "recall": 0.0,
      "f1_score": 0.0,
      "update_norm": 1.1013166904449463,
      "is_attacker": true
    },
    "5": {
      "accuracy": 0.5451200604438782,
      "test_loss": 2.128373384475708,
      "precision": 1.0,
      "recall": 0.0,
      "f1_score": 0.0,
      "update_norm": 1.0938328504562378,
      "is_attacker": false
    },
    "6": {
      "accuracy": 0.5503984689712524,
      "test_loss": 2.094850778579712,
      "precision": 1.0,
      "recall": 0.0,
      "f1_score": 0.0,
      "update_norm": 1.100404977798462,
      "is_attacker": false
    },
    "7": {
      "accuracy": 0.5489197969436646,
      "test_loss": 2.140528917312622,
      "precision": 1.0,
      "recall": 0.0,
      "f1_score": 0.0,
      "update_norm": 1.099058985710144,
      "is_attacker": false
    },
    "8": {
      "accuracy": 0.5531837940216064,
      "test_loss": 2.1006696224212646,
      "precision": 1.0,
      "recall": 0.0,
      "f1_score": 0.0,
      "update_norm": 1.0980188846588135,
      "is_attacker": false
    },
    "9": {
      "accuracy": 0.5551954507827759,
      "test_loss": 2.154477119445801,
      "precision": 1.0,
      "recall": 0.0,
      "f1_score": 0.0,
      "update_norm": 1.1032625436782837,
      "is_attacker": false
    },
    "10": {
      "accuracy": 0.5503469109535217,
      "test_loss": 2.148789405822754,
      "precision": 1.0,
      "recall": 0.0,
      "f1_score": 0.0,
      "update_norm": 1.1045798063278198,
      "is_attacker": false
    },
    "11": {
      "accuracy": 0.5454123616218567,
      "test_loss": 2.1835989952087402,
      "precision": 1.0,
      "recall": 0.0,
      "f1_score": 0.0,
      "update_norm": 1.0975573062896729,
      "is_attacker": false
    },
    "12": {
      "accuracy": 0.5510776042938232,
      "test_loss": 2.0727651119232178,
      "precision": 1.0,
      "recall": 0.0,
      "f1_score": 0.0,
      "update_norm": 1.0934897661209106,
      "is_attacker": false
    },
    "13": {
      "accuracy": 0.5563818216323853,
      "test_loss": 2.098493814468384,
      "precision": 1.0,
      "recall": 0.0,
      "f1_score": 0.0,
      "update_norm": 1.0982162952423096,
      "is_attacker": false
    },
    "14": {
      "accuracy": 0.5537855625152588,
      "test_loss": 2.1073858737945557,
      "precision": 1.0,
      "recall": 0.0,
      "f1_score": 0.0,
      "update_norm": 1.0967293977737427,
      "is_attacker": false
    },
    "15": {
      "accuracy": 0.5421112179756165,
      "test_loss": 2.18462872505188,
      "precision": 1.0,
      "recall": 0.0,
      "f1_score": 0.0,
      "update_norm": 1.098920226097107,
      "is_attacker": false
    },
    "16": {
      "accuracy": 0.5523757338523865,
      "test_loss": 2.1166272163391113,
      "precision": 1.0,
      "recall": 0.0,
      "f1_score": 0.0,
      "update_norm": 1.0979176759719849,
      "is_attacker": false
    },
    "17": {
      "accuracy": 0.5476561188697815,
      "test_loss": 2.1371445655822754,
      "precision": 1.0,
      "recall": 0.0,
      "f1_score": 0.0,
      "update_norm": 1.0984095335006714,
      "is_attacker": false
    },
    "18": {
      "accuracy": 0.555324375629425,
      "test_loss": 2.08146595954895,
      "precision": 1.0,
      "recall": 0.0,
      "f1_score": 0.0,
      "update_norm": 1.101863145828247,
      "is_attacker": false
    },
    "19": {
      "accuracy": 0.5505102276802063,
      "test_loss": 2.1421146392822266,
      "precision": 1.0,
      "recall": 0.0,
      "f1_score": 0.0,
      "update_norm": 1.1025100946426392,
      "is_attacker": false
    },
    "20": {
      "accuracy": 0.556235671043396,
      "test_loss": 2.1020302772521973,
      "precision": 1.0,
      "recall": 0.0,
      "f1_score": 0.0,
      "update_norm": 1.0947283506393433,
      "is_attacker": false
    },
    "21": {
      "accuracy": 0.5517051815986633,
      "test_loss": 2.1198408603668213,
      "precision": 1.0,
      "recall": 0.0,
      "f1_score": 0.0,
      "update_norm": 1.0980029106140137,
      "is_attacker": false
    },
    "22": {
      "accuracy": 0.5494270324707031,
      "test_loss": 2.10406231880188,
      "precision": 1.0,
      "recall": 0.0,
      "f1_score": 0.0,
      "update_norm": 1.0923418998718262,
      "is_attacker": false
    },
    "23": {
      "accuracy": 0.551713764667511,
      "test_loss": 2.1517751216888428,
      "precision": 1.0,
      "recall": 0.0,
      "f1_score": 0.0,
      "update_norm": 1.1017119884490967,
      "is_attacker": false
    },
    "24": {
      "accuracy": 0.5505446195602417,
      "test_loss": 2.204813241958618,
      "precision": 1.0,
      "recall": 0.0,
      "f1_score": 0.0,
      "update_norm": 1.0995887517929077,
      "is_attacker": false
    },
    "25": {
      "accuracy": 0.5488510727882385,
      "test_loss": 2.1556761264801025,
      "precision": 1.0,
      "recall": 0.0,
      "f1_score": 0.0,
      "update_norm": 1.095666766166687,
      "is_attacker": false
    },
    "26": {
      "accuracy": 0.5481547117233276,
      "test_loss": 2.122222423553467,
      "precision": 1.0,
      "recall": 0.0,
      "f1_score": 0.0,
      "update_norm": 1.104158878326416,
      "is_attacker": false
    },
    "27": {
      "accuracy": 0.5512323379516602,
      "test_loss": 2.114807605743408,
      "precision": 1.0,
      "recall": 0.0,
      "f1_score": 0.0,
      "update_norm": 1.0980685949325562,
      "is_attacker": false
    },
    "28": {
      "accuracy": 0.5546280741691589,
      "test_loss": 2.163999080657959,
      "precision": 1.0,
      "recall": 0.0,
      "f1_score": 0.0,
      "update_norm": 1.0987249612808228,
      "is_attacker": false
    },
    "29": {
      "accuracy": 0.550690770149231,
      "test_loss": 2.083122968673706,
      "precision": 1.0,
      "recall": 0.0,
      "f1_score": 0.0,
      "update_norm": 1.100635051727295,
      "is_attacker": false
    },
    "30": {
      "accuracy": 0.5521607995033264,
      "test_loss": 2.1469008922576904,
      "precision": 1.0,
      "recall": 0.0,
      "f1_score": 0.0,
      "update_norm": 1.0946829319000244,
      "is_attacker": false
    },
    "31": {
      "accuracy": 0.549126148223877,
      "test_loss": 2.1338322162628174,
      "precision": 1.0,
      "recall": 0.0,
      "f1_score": 0.0,
      "update_norm": 1.0957123041152954,
      "is_attacker": false
    },
    "32": {
      "accuracy": 0.549951434135437,
      "test_loss": 2.1142091751098633,
      "precision": 1.0,
      "recall": 0.0,
      "f1_score": 0.0,
      "update_norm": 1.101854920387268,
      "is_attacker": false
    },
    "33": {
      "accuracy": 0.5540950894355774,
      "test_loss": 2.1176533699035645,
      "precision": 1.0,
      "recall": 0.0,
      "f1_score": 0.0,
      "update_norm": 1.0978922843933105,
      "is_attacker": false
    },
    "34": {
      "accuracy": 0.5488768219947815,
      "test_loss": 2.1151182651519775,
      "precision": 1.0,
      "recall": 0.0,