{
  "round": 87,
  "nodes": {
    "0": {
      "accuracy": 0.4728643596172333,
      "test_loss": 3.3480029106140137,
      "precision": 1.0,
      "recall": 0.0,
      "f1_score": 0.0,
      "update_norm": 1.1102656126022339,
      "is_attacker": true
    },
    "1": {
      "accuracy": 0.5243932604789734,
      "test_loss": 2.59720778465271,
      "precision": 1.0,
      "recall": 0.0,
      "f1_score": 0.0,
      "update_norm": 1.1068164110183716,
      "is_attacker": true
    },
    "2": {
      "accuracy": 0.5739535689353943,
      "test_loss": 2.1176366806030273,
      "precision": 1.0,
      "recall": 0.0,
      "f1_score": 0.0,
      "update_norm": 1.0964607000350952,
      "is_attacker": true
    },
    "3": {
      "accuracy": 0.48426365852355957,
      "test_loss": 2.8672873973846436,
      "precision": 1.0,
      "recall": 0.0,
      "f1_score": 0.0,
      "update_norm": 1.1005524396896362,
      "is_attacker": true
    },
    "4": {
      "accuracy": 0.4239746332168579,
      "test_loss": 3.4705679416656494,
      "precision": 1.0,
      "recall": 0.0,
      "f1_score": 0.0,
      "update_norm": 1.106432318687439,
      "is_attacker": true
    },
    "5": {
      "accuracy": 0.5794038772583008,
      "test_loss": 2.0859720706939697,
      "precision": 1.0,
      "recall": 0.0,
      "f1_score": 0.0,
      "update_norm": 1.0990501642227173,
      "is_attacker": false
    },
    "6": {
      "accuracy": 0.5748991966247559,
      "test_loss": 2.0849733352661133,
      "precision": 1.0,
      "recall": 0.0,
      "f1_score": 0.0,
      "update_norm": 1.0997387170791626,
      "is_attacker": false
    },
    "7": {
      "accuracy": 0.5788794755935669,
      "test_loss": 2.076758861541748,
      "precision": 1.0,
      "recall": 0.0,
      "f1_score": 0.0,
      "update_norm": 1.0968371629714966,
      "is_attacker": false
    },
    "8": {
      "accuracy": 0.5027294754981995,
      "test_loss": 2.8368730545043945,
      "precision": 1.0,
      "recall": 0.0,
      "f1_score": 0.0,
      "update_norm": 1.0960545539855957,
      "is_attacker": false
    },
    "9": {
      "accuracy": 0.581896960735321,
      "test_loss": 2.095141649246216,
      "precision": 1.0,
      "recall": 0.0,
      "f1_score": 0.0,
      "update_norm": 1.097427248954773,
      "is_attacker": false
    },
    "10": {
      "accuracy": 0.5790170431137085,
      "test_loss": 2.053494691848755,
      "precision": 1.0,
      "recall": 0.0,
      "f1_score": 0.0,
      "update_norm": 1.100959300994873,
      "is_attacker": false
    },
    "11": {
      "accuracy": 0.5697841644287109,
      "test_loss": 2.198333740234375,
      "precision": 1.0,
      "recall": 0.0,
      "f1_score": 0.0,
      "update_norm": 1.0986520051956177,
      "is_attacker": false
    },
    "12": {
      "accuracy": 0.5814069509506226,
      "test_loss": 2.0702602863311768,
      "precision": 1.0,
      "recall": 0.0,
      "f1_score": 0.0,
      "update_norm": 1.1012173891067505,
      "is_attacker": false
    },
    "13": {
      "accuracy": 0.5785700082778931,
      "test_loss": 2.107900857925415,
      "precision": 1.0,
      "recall": 0.0,
      "f1_score": 0.0,
      "update_norm": 1.098406195640564,
      "is_attacker": false
    },
    "14": {
      "accuracy": 0.583444356918335,
      "test_loss": 2.023817777633667,
      "precision": 1.0,
      "recall": 0.0,
      "f1_score": 0.0,
      "update_norm": 1.0972342491149902,
      "is_attacker": false
    },
    "15": {
      "accuracy": 0.5730509161949158,
      "test_loss": 2.107189893722534,
      "precision": 1.0,
      "recall": 0.0,
      "f1_score": 0.0,
      "update_norm": 1.100435733795166,
      "is_attacker": false
    },
    "16": {
      "accuracy": 0.5808137655258179,
      "test_loss": 2.058450222015381,
      "precision": 1.0,
      "recall": 0.0,
      "f1_score": 0.0,
      "update_norm": 1.101524829864502,
      "is_attacker": false
    },
    "17": {
      "accuracy": 0.5788021087646484,
      "test_loss": 2.0445117950439453,
      "precision": 1.0,
      "recall": 0.0,
      "f1_score": 0.0,
      "update_norm": 1.0967437028884888,
      "is_attacker": false
    },
    "18": {
      "accuracy": 0.5803065896034241,
      "test_loss": 2.0766782760620117,
      "precision": 1.0,
      "recall": 0.0,
      "f1_score": 0.0,
      "update_norm": 1.099275827407837,
      "is_attacker": false
    },
    "19": {
      "accuracy": 0.5776071548461914,
      "test_loss": 2.1716699600219727,
      "precision": 1.0,
      "recall": 0.0,
      "f1_score": 0.0,
      "update_norm": 1.1030257940292358,
      "is_attacker": false
    },
    "20": {
      "accuracy": 0.5781917572021484,
      "test_loss": 2.1297013759613037,
      "precision": 1.0,
      "recall": 0.0,
      "f1_score": 0.0,
      "update_norm": 1.1045690774917603,
      "is_attacker": false
    },
    "21": {
      "accuracy": 0.5792061686515808,
      "test_loss": 2.093683958053589,
      "precision": 1.0,
      "recall": 0.0,
      "f1_score": 0.0,
      "update_norm": 1.102086067199707,
      "is_attacker": false
    },
    "22": {
      "accuracy": 0.5812092423439026,
      "test_loss": 2.0747039318084717,
      "precision": 1.0,
      "recall": 0.0,
      "f1_score": 0.0,
      "update_norm": 1.0995733737945557,
      "is_attacker": false
    },
    "23": {
      "accuracy": 0.5819399356842041,
      "test_loss": 2.038578987121582,
      "precision": 1.0,
      "recall": 0.0,
      "f1_score": 0.0,
      "update_norm": 1.1006577014923096,
      "is_attacker": false
    },
    "24": {
      "accuracy": 0.5782003402709961,
      "test_loss": 2.1164255142211914,
      "precision": 1.0,
      "recall": 0.0,
      "f1_score": 0.0,
      "update_norm": 1.1022404432296753,
      "is_attacker": false
    },
    "25": {
      "accuracy": 0.5787763595581055,
      "test_loss": 2.0780506134033203,
      "precision": 1.0,
      "recall": 0.0,
      "f1_score": 0.0,
      "update_norm": 1.0937308073043823,
      "is_attacker": false
    },
    "26": {
      "accuracy": 0.5767990946769714,
      "test_loss": 2.0318686962127686,
      "precision": 1.0,
      "recall": 0.0,
      "f1_score": 0.0,
      "update_norm": 1.0984909534454346,
      "is_attacker": false
    },
    "27": {
      "accuracy": 0.5772375464439392,
      "test_loss": 2.1041412353515625,
      "precision": 1.0,
      "recall": 0.0,
      "f1_score": 0.0,
      "update_norm": 1.1014649868011475,
      "is_attacker": false
    },
    "28": {
      "accuracy": 0.5741942524909973,
      "test_loss": 2.1822566986083984,
      "precision": 1.0,
      "recall": 0.0,
      "f1_score": 0.0,
      "update_norm": 1.104385495185852,
      "is_attacker": false
    },
    "29": {
      "accuracy": 0.5786731839179993,
      "test_loss": 2.0720245838165283,
      "precision": 1.0,
      "recall": 0.0,
      "f1_score": 0.0,
      "update_norm": 1.106968641281128,
      "is_attacker": false
    },
    "30": {
      "accuracy": 0.5787333846092224,
      "test_loss": 2.076129198074341,
      "precision": 1.0,
      "recall": 0.0,
      "f1_score": 0.0,
      "update_norm": 1.0980224609375,
      "is_attacker": false
    },
    "31": {
      "accuracy": 0.5813210010528564,
      "test_loss": 2.0624163150787354,
      "precision": 1.0,
      "recall": 0.0,
      "f1_score": 0.0,
      "update_norm": 1.1059118509292603,
      "is_attacker": false
    },
    "32": {
      "accuracy": 0.5801690220832825,
      "test_loss": 2.079928159713745,
      "precision": 1.0,
      "recall": 0.0,
      "f1_score": 0.0,
      "update_norm": 1.1001553535461426,
      "is_attacker": false
    },
    "33": {
      "accuracy": 0.5839945673942566,
      "test_loss": 2.01723575592041,
      "precision": 1.0,
      "recall": 0.0,
      "f1_score": 0.0,
      "update_norm": 1.094425916671753,
      "is_attacker": false
    },
    "34": {
      "accuracy": 0.5803237557411194,
      "test_loss": 2.0576083660125732,
      "precision": 1.0,