{
  "round": 72,
  "nodes": {
    "0": {
      "accuracy": 0.5053170919418335,
      "test_loss": 2.627291679382324,
      "precision": 1.0,
      "recall": 0.0,
      "f1_score": 0.0,
      "update_norm": 1.1040079593658447,
      "is_attacker": true
    },
    "1": {
      "accuracy": 0.5337379574775696,
      "test_loss": 2.358867883682251,
      "precision": 1.0,
      "recall": 0.0,
      "f1_score": 0.0,
      "update_norm": 1.1046602725982666,
      "is_attacker": true
    },
    "2": {
      "accuracy": 0.5618493556976318,
      "test_loss": 2.093005418777466,
      "precision": 1.0,
      "recall": 0.0,
      "f1_score": 0.0,
      "update_norm": 1.0980849266052246,
      "is_attacker": true
    },
    "3": {
      "accuracy": 0.5116786956787109,
      "test_loss": 2.4989778995513916,
      "precision": 1.0,
      "recall": 0.0,
      "f1_score": 0.0,
      "update_norm": 1.102237582206726,
      "is_attacker": true
    },
    "4": {
      "accuracy": 0.4943734407424927,
      "test_loss": 2.6376702785491943,
      "precision": 1.0,
      "recall": 0.0,
      "f1_score": 0.0,
      "update_norm": 1.1024534702301025,
      "is_attacker": true
    },
    "5": {
      "accuracy": 0.5642306208610535,
      "test_loss": 2.090907096862793,
      "precision": 1.0,
      "recall": 0.0,
      "f1_score": 0.0,
      "update_norm": 1.1048495769500732,
      "is_attacker": false
    },
    "6": {
      "accuracy": 0.5544561147689819,
      "test_loss": 2.207108974456787,
      "precision": 1.0,
      "recall": 0.0,
      "f1_score": 0.0,
      "update_norm": 1.097088098526001,
      "is_attacker": false
    },
    "7": {
      "accuracy": 0.5658296346664429,
      "test_loss": 2.114767551422119,
      "precision": 1.0,
      "recall": 0.0,
      "f1_score": 0.0,
      "update_norm": 1.0932005643844604,
      "is_attacker": false
    },
    "8": {
      "accuracy": 0.5670503973960876,
      "test_loss": 2.1126577854156494,
      "precision": 1.0,
      "recall": 0.0,
      "f1_score": 0.0,
      "update_norm": 1.102602481842041,
      "is_attacker": false
    },
    "9": {
      "accuracy": 0.569852888584137,
      "test_loss": 2.2252509593963623,
      "precision": 1.0,
      "recall": 0.0,
      "f1_score": 0.0,
      "update_norm": 1.103162169456482,
      "is_attacker": false
    },
    "10": {
      "accuracy": 0.5690878033638,
      "test_loss": 2.058701753616333,
      "precision": 1.0,
      "recall": 0.0,
      "f1_score": 0.0,
      "update_norm": 1.1001285314559937,
      "is_attacker": false
    },
    "11": {
      "accuracy": 0.5654685497283936,
      "test_loss": 2.1497457027435303,
      "precision": 1.0,
      "recall": 0.0,
      "f1_score": 0.0,
      "update_norm": 1.0952528715133667,
      "is_attacker": false
    },
    "12": {
      "accuracy": 0.5698357224464417,
      "test_loss": 2.033747911453247,
      "precision": 1.0,
      "recall": 0.0,
      "f1_score": 0.0,
      "update_norm": 1.1007535457611084,
      "is_attacker": false
    },
    "13": {
      "accuracy": 0.5717183947563171,
      "test_loss": 2.1178488731384277,
      "precision": 1.0,
      "recall": 0.0,
      "f1_score": 0.0,
      "update_norm": 1.0974974632263184,
      "is_attacker": false
    },
    "14": {
      "accuracy": 0.5716668367385864,
      "test_loss": 2.054070234298706,
      "precision": 1.0,
      "recall": 0.0,
      "f1_score": 0.0,
      "update_norm": 1.098142385482788,
      "is_attacker": false
    },
    "15": {
      "accuracy": 0.561737596988678,
      "test_loss": 2.1141371726989746,
      "precision": 1.0,
      "recall": 0.0,
      "f1_score": 0.0,
      "update_norm": 1.094782829284668,
      "is_attacker": false
    },
    "16": {
      "accuracy": 0.5735495090484619,
      "test_loss": 2.0474393367767334,
      "precision": 1.0,
      "recall": 0.0,
      "f1_score": 0.0,
      "update_norm": 1.0951887369155884,
      "is_attacker": false
    },
    "17": {
      "accuracy": 0.5686493515968323,
      "test_loss": 2.0406413078308105,
      "precision": 1.0,
      "recall": 0.0,
      "f1_score": 0.0,
      "update_norm": 1.0940836668014526,
      "is_attacker": false
    },
    "18": {
      "accuracy": 0.5716840028762817,
      "test_loss": 2.0758183002471924,
      "precision": 1.0,
      "recall": 0.0,
      "f1_score": 0.0,
      "update_norm": 1.101586937904358,
      "is_attacker": false
    },
    "19": {
      "accuracy": 0.5666893124580383,
      "test_loss": 2.1692843437194824,
      "precision": 1.0,
      "recall": 0.0,
      "f1_score": 0.0,
      "update_norm": 1.0981544256210327,
      "is_attacker": false
    },
    "20": {
      "accuracy": 0.5727414488792419,
      "test_loss": 2.0864689350128174,
      "precision": 1.0,
      "recall": 0.0,
      "f1_score": 0.0,
      "update_norm": 1.0994699001312256,
      "is_attacker": false
    },
    "21": {
      "accuracy": 0.5681249499320984,
      "test_loss": 2.084686756134033,
      "precision": 1.0,
      "recall": 0.0,
      "f1_score": 0.0,
      "update_norm": 1.1031978130340576,
      "is_attacker": false
    },
    "22": {
      "accuracy": 0.5669299960136414,
      "test_loss": 2.0935912132263184,
      "precision": 1.0,
      "recall": 0.0,
      "f1_score": 0.0,
      "update_norm": 1.0971301794052124,
      "is_attacker": false
    },
    "23": {
      "accuracy": 0.5682367086410522,
      "test_loss": 2.0619258880615234,
      "precision": 1.0,
      "recall": 0.0,
      "f1_score": 0.0,
      "update_norm": 1.0955853462219238,
      "is_attacker": false
    },
    "24": {
      "accuracy": 0.5649011731147766,
      "test_loss": 2.144252061843872,
      "precision": 1.0,
      "recall": 0.0,
      "f1_score": 0.0,
      "update_norm": 1.0992599725723267,
      "is_attacker": false
    },
    "25": {
      "accuracy": 0.566087543964386,
      "test_loss": 2.1321589946746826,
      "precision": 1.0,
      "recall": 0.0,
      "f1_score": 0.0,
      "update_norm": 1.099250316619873,
      "is_attacker": false
    },
    "26": {
      "accuracy": 0.5635256767272949,
      "test_loss": 2.058192014694214,
      "precision": 1.0,
      "recall": 0.0,
      "f1_score": 0.0,
      "update_norm": 1.100583791732788,
      "is_attacker": false
    },
    "27": {
      "accuracy": 0.5662336945533752,
      "test_loss": 2.1344869136810303,
      "precision": 1.0,
      "recall": 0.0,
      "f1_score": 0.0,
      "update_norm": 1.0955619812011719,
      "is_attacker": false
    },
    "28": {
      "accuracy": 0.5664829611778259,
      "test_loss": 2.109557867050171,
      "precision": 1.0,
      "recall": 0.0,
      "f1_score": 0.0,
      "update_norm": 1.0945780277252197,
      "is_attacker": false
    },
    "29": {
      "accuracy": 0.5643767714500427,
      "test_loss": 2.0665009021759033,
      "precision": 1.0,
      "recall": 0.0,
      "f1_score": 0.0,
      "update_norm": 1.098745346069336,
      "is_attacker": false
    },
    "30": {
      "accuracy": 0.5690276026725769,
      "test_loss": 2.1104795932769775,
      "precision": 1.0,
      "recall": 0.0,
      "f1_score": 0.0,
      "update_norm": 1.0992798805236816,
      "is_attacker": false
    },
    "31": {
      "accuracy": 0.5698357224464417,
      "test_loss": 2.054511308670044,
      "precision": 1.0,
      "recall": 0.0,
      "f1_score": 0.0,
      "update_norm": 1.092576026916504,
      "is_attacker": false
    },
    "32": {
      "accuracy": 0.566500186920166,
      "test_loss": 2.1209380626678467,
      "precision": 1.0,
      "recall": 0.0,
      "f1_score": 0.0,
      "update_norm": 1.1002037525177002,
      "is_attacker": false
    },
    "33": {
      "accuracy": 0.5707383751869202,
      "test_loss": 2.04797625541687,
      "precision": 1.0,
      "recall": 0.0,
      "f1_score": 0.0,
      "update_norm": 1.099595069885254,
      "is_attacker": false
    },
    "34": {
      "accuracy": 0.5674887895584106,
      "test_loss": 2.0485315322875977,
      "precision": 1.0,