{
  "round": 90,
  "nodes": {
    "0": {
      "accuracy": 0.466390997171402,
      "test_loss": 3.4784908294677734,
      "precision": 1.0,
      "recall": 0.0,
      "f1_score": 0.0,
      "update_norm": 1.1030559539794922,
      "is_attacker": true
    },
    "1": {
      "accuracy": 0.5144038796424866,
      "test_loss": 2.708393096923828,
      "precision": 1.0,
      "recall": 0.0,
      "f1_score": 0.0,
      "update_norm": 1.1023074388504028,
      "is_attacker": true
    },
    "2": {
      "accuracy": 0.5770999789237976,
      "test_loss": 2.0954699516296387,
      "precision": 1.0,
      "recall": 0.0,
      "f1_score": 0.0,
      "update_norm": 1.1006938219070435,
      "is_attacker": true
    },
    "3": {
      "accuracy": 0.48954206705093384,
      "test_loss": 2.804903507232666,
      "precision": 1.0,
      "recall": 0.0,
      "f1_score": 0.0,
      "update_norm": 1.1057085990905762,
      "is_attacker": true
    },
    "4": {
      "accuracy": 0.4268459379673004,
      "test_loss": 3.3948237895965576,
      "precision": 1.0,
      "recall": 0.0,
      "f1_score": 0.0,
      "update_norm": 1.1085195541381836,
      "is_attacker": true
    },
    "5": {
      "accuracy": 0.5816218852996826,
      "test_loss": 2.0580687522888184,
      "precision": 1.0,
      "recall": 0.0,
      "f1_score": 0.0,
      "update_norm": 1.101315975189209,
      "is_attacker": false
    },
    "6": {
      "accuracy": 0.5835389494895935,
      "test_loss": 2.0177533626556396,
      "precision": 1.0,
      "recall": 0.0,
      "f1_score": 0.0,
      "update_norm": 1.0947922468185425,
      "is_attacker": false
    },
    "7": {
      "accuracy": 0.580487072467804,
      "test_loss": 2.0292887687683105,
      "precision": 1.0,
      "recall": 0.0,
      "f1_score": 0.0,
      "update_norm": 1.0991160869598389,
      "is_attacker": false
    },
    "8": {
      "accuracy": 0.578355073928833,
      "test_loss": 2.1069819927215576,
      "precision": 1.0,
      "recall": 0.0,
      "f1_score": 0.0,
      "update_norm": 1.1005409955978394,
      "is_attacker": false
    },
    "9": {
      "accuracy": 0.5852066874504089,
      "test_loss": 2.076591968536377,
      "precision": 1.0,
      "recall": 0.0,
      "f1_score": 0.0,
      "update_norm": 1.0990811586380005,
      "is_attacker": false
    },
    "10": {
      "accuracy": 0.5815960764884949,
      "test_loss": 2.0826642513275146,
      "precision": 1.0,
      "recall": 0.0,
      "f1_score": 0.0,
      "update_norm": 1.0977952480316162,
      "is_attacker": false
    },
    "11": {
      "accuracy": 0.57955002784729,
      "test_loss": 2.117976188659668,
      "precision": 1.0,
      "recall": 0.0,
      "f1_score": 0.0,
      "update_norm": 1.1000332832336426,
      "is_attacker": false
    },
    "12": {
      "accuracy": 0.5854732394218445,
      "test_loss": 2.0394740104675293,
      "precision": 1.0,
      "recall": 0.0,
      "f1_score": 0.0,
      "update_norm": 1.1009992361068726,
      "is_attacker": false
    },
    "13": {
      "accuracy": 0.5799970626831055,
      "test_loss": 2.0943288803100586,
      "precision": 1.0,
      "recall": 0.0,
      "f1_score": 0.0,
      "update_norm": 1.0964277982711792,
      "is_attacker": false
    },
    "14": {
      "accuracy": 0.5826878547668457,
      "test_loss": 2.063162088394165,
      "precision": 1.0,
      "recall": 0.0,
      "f1_score": 0.0,
      "update_norm": 1.101641297340393,
      "is_attacker": false
    },
    "15": {
      "accuracy": 0.5764465928077698,
      "test_loss": 2.0946414470672607,
      "precision": 1.0,
      "recall": 0.0,
      "f1_score": 0.0,
      "update_norm": 1.0957732200622559,
      "is_attacker": false
    },
    "16": {
      "accuracy": 0.5847510695457458,
      "test_loss": 2.0189621448516846,
      "precision": 1.0,
      "recall": 0.0,
      "f1_score": 0.0,
      "update_norm": 1.0961486101150513,
      "is_attacker": false
    },
    "17": {
      "accuracy": 0.5821376442909241,
      "test_loss": 2.0243473052978516,
      "precision": 1.0,
      "recall": 0.0,
      "f1_score": 0.0,
      "update_norm": 1.100425124168396,
      "is_attacker": false
    },
    "18": {
      "accuracy": 0.5816132426261902,
      "test_loss": 2.073768377304077,
      "precision": 1.0,
      "recall": 0.0,
      "f1_score": 0.0,
      "update_norm": 1.0981545448303223,
      "is_attacker": false
    },
    "19": {
      "accuracy": 0.5835647583007812,
      "test_loss": 2.145543336868286,
      "precision": 1.0,
      "recall": 0.0,
      "f1_score": 0.0,
      "update_norm": 1.099475383758545,
      "is_attacker": false
    },
    "20": {
      "accuracy": 0.580702006816864,
      "test_loss": 2.1062066555023193,
      "precision": 1.0,
      "recall": 0.0,
      "f1_score": 0.0,
      "update_norm": 1.0973234176635742,
      "is_attacker": false
    },
    "21": {
      "accuracy": 0.5796961784362793,
      "test_loss": 2.117374897003174,
      "precision": 1.0,
      "recall": 0.0,
      "f1_score": 0.0,
      "update_norm": 1.1019377708435059,
      "is_attacker": false
    },
    "22": {
      "accuracy": 0.5830231308937073,
      "test_loss": 2.052380323410034,
      "precision": 1.0,
      "recall": 0.0,
      "f1_score": 0.0,
      "update_norm": 1.0955678224563599,
      "is_attacker": false
    },
    "23": {
      "accuracy": 0.580289363861084,
      "test_loss": 2.0725760459899902,
      "precision": 1.0,
      "recall": 0.0,
      "f1_score": 0.0,
      "update_norm": 1.101521372795105,
      "is_attacker": false
    },
    "24": {
      "accuracy": 0.5784754753112793,
      "test_loss": 2.1401329040527344,
      "precision": 1.0,
      "recall": 0.0,
      "f1_score": 0.0,
      "update_norm": 1.1035109758377075,
      "is_attacker": false
    },
    "25": {
      "accuracy": 0.5810974836349487,
      "test_loss": 2.1343834400177,
      "precision": 1.0,
      "recall": 0.0,
      "f1_score": 0.0,
      "update_norm": 1.1001849174499512,
      "is_attacker": false
    },
    "26": {
      "accuracy": 0.5805472731590271,
      "test_loss": 2.036865472793579,
      "precision": 1.0,
      "recall": 0.0,
      "f1_score": 0.0,
      "update_norm": 1.1008061170578003,
      "is_attacker": false
    },
    "27": {
      "accuracy": 0.5809427499771118,
      "test_loss": 2.0861029624938965,
      "precision": 1.0,
      "recall": 0.0,
      "f1_score": 0.0,
      "update_norm": 1.102997064590454,
      "is_attacker": false
    },
    "28": {
      "accuracy": 0.581071674823761,
      "test_loss": 2.0866315364837646,
      "precision": 1.0,
      "recall": 0.0,
      "f1_score": 0.0,
      "update_norm": 1.0918970108032227,
      "is_attacker": false
    },
    "29": {
      "accuracy": 0.5811662673950195,
      "test_loss": 2.046520948410034,
      "precision": 1.0,
      "recall": 0.0,
      "f1_score": 0.0,
      "update_norm": 1.1003433465957642,
      "is_attacker": false
    },
    "30": {
      "accuracy": 0.582507312297821,
      "test_loss": 2.065603256225586,
      "precision": 1.0,
      "recall": 0.0,
      "f1_score": 0.0,
      "update_norm": 1.095165729522705,
      "is_attacker": false
    },
    "31": {
      "accuracy": 0.5827566385269165,
      "test_loss": 2.03515362739563,
      "precision": 1.0,
      "recall": 0.0,
      "f1_score": 0.0,
      "update_norm": 1.0950849056243896,
      "is_attacker": false
    },
    "32": {
      "accuracy": 0.5794469118118286,
      "test_loss": 2.086369276046753,
      "precision": 1.0,
      "recall": 0.0,
      "f1_score": 0.0,
      "update_norm": 1.1026962995529175,
      "is_attacker": false
    },
    "33": {
      "accuracy": 0.5851637125015259,
      "test_loss": 2.048611879348755,
      "precision": 1.0,
      "recall": 0.0,
      "f1_score": 0.0,
      "update_norm": 1.0982714891433716,
      "is_attacker": false
    },
    "34": {
      "accuracy": 0.5826190710067749,
      "test_loss": 2.0262155532836914,
      "precision": 1.0,