{
  "round": 6,
  "nodes": {
    "0": {
      "accuracy": 0.2845095098018646,
      "test_loss": 3.2495594024658203,
      "precision": 1.0,
      "recall": 0.0,
      "f1_score": 0.0,
      "update_norm": 1.1141645908355713,
      "is_attacker": true
    },
    "1": {
      "accuracy": 0.28184452652931213,
      "test_loss": 3.2500991821289062,
      "precision": 1.0,
      "recall": 0.0,
      "f1_score": 0.0,
      "update_norm": 1.1094419956207275,
      "is_attacker": true
    },
    "2": {
      "accuracy": 0.2737721800804138,
      "test_loss": 3.25115704536438,
      "precision": 1.0,
      "recall": 0.0,
      "f1_score": 0.0,
      "update_norm": 1.1127279996871948,
      "is_attacker": true
    },
    "3": {
      "accuracy": 0.269757479429245,
      "test_loss": 3.252959728240967,
      "precision": 1.0,
      "recall": 0.0,
      "f1_score": 0.0,
      "update_norm": 1.1151111125946045,
      "is_attacker": true
    },
    "4": {
      "accuracy": 0.2837443947792053,
      "test_loss": 3.250303030014038,
      "precision": 1.0,
      "recall": 0.0,
      "f1_score": 0.0,
      "update_norm": 1.120057225227356,
      "is_attacker": true
    },
    "5": {
      "accuracy": 0.2834177315235138,
      "test_loss": 3.264559507369995,
      "precision": 1.0,
      "recall": 0.0,
      "f1_score": 0.0,
      "update_norm": 1.110113501548767,
      "is_attacker": false
    },
    "6": {
      "accuracy": 0.2843203842639923,
      "test_loss": 3.261443614959717,
      "precision": 1.0,
      "recall": 0.0,
      "f1_score": 0.0,
      "update_norm": 1.1107646226882935,
      "is_attacker": false
    },
    "7": {
      "accuracy": 0.27292969822883606,
      "test_loss": 3.245732069015503,
      "precision": 1.0,
      "recall": 0.0,
      "f1_score": 0.0,
      "update_norm": 1.1144365072250366,
      "is_attacker": false
    },
    "8": {
      "accuracy": 0.26153039932250977,
      "test_loss": 3.256936550140381,
      "precision": 1.0,
      "recall": 0.0,
      "f1_score": 0.0,
      "update_norm": 1.1149803400039673,
      "is_attacker": false
    },
    "9": {
      "accuracy": 0.28130292892456055,
      "test_loss": 3.246772289276123,
      "precision": 1.0,
      "recall": 0.0,
      "f1_score": 0.0,
      "update_norm": 1.1155961751937866,
      "is_attacker": false
    },
    "10": {
      "accuracy": 0.26149600744247437,
      "test_loss": 3.2607479095458984,
      "precision": 1.0,
      "recall": 0.0,
      "f1_score": 0.0,
      "update_norm": 1.111002802848816,
      "is_attacker": false
    },
    "11": {
      "accuracy": 0.2729726731777191,
      "test_loss": 3.247170925140381,
      "precision": 1.0,
      "recall": 0.0,
      "f1_score": 0.0,
      "update_norm": 1.115842342376709,
      "is_attacker": false
    },
    "12": {
      "accuracy": 0.29238414764404297,
      "test_loss": 3.234321355819702,
      "precision": 1.0,
      "recall": 0.0,
      "f1_score": 0.0,
      "update_norm": 1.1110010147094727,
      "is_attacker": false
    },
    "13": {
      "accuracy": 0.2601463198661804,
      "test_loss": 3.2491095066070557,
      "precision": 1.0,
      "recall": 0.0,
      "f1_score": 0.0,
      "update_norm": 1.1127279996871948,
      "is_attacker": false
    },
    "14": {
      "accuracy": 0.27583539485931396,
      "test_loss": 3.240201711654663,
      "precision": 1.0,
      "recall": 0.0,
      "f1_score": 0.0,
      "update_norm": 1.1115766763687134,
      "is_attacker": false
    },
    "15": {
      "accuracy": 0.2635764181613922,
      "test_loss": 3.266044855117798,
      "precision": 1.0,
      "recall": 0.0,
      "f1_score": 0.0,
      "update_norm": 1.112629771232605,
      "is_attacker": false
    },
    "16": {
      "accuracy": 0.2892291247844696,
      "test_loss": 3.231914520263672,
      "precision": 1.0,
      "recall": 0.0,
      "f1_score": 0.0,
      "update_norm": 1.1076921224594116,
      "is_attacker": false
    },
    "17": {
      "accuracy": 0.29706937074661255,
      "test_loss": 3.2545065879821777,
      "precision": 1.0,
      "recall": 0.0,
      "f1_score": 0.0,
      "update_norm": 1.1067253351211548,
      "is_attacker": false
    },
    "18": {
      "accuracy": 0.3137986361980438,
      "test_loss": 3.243004083633423,
      "precision": 1.0,
      "recall": 0.0,
      "f1_score": 0.0,
      "update_norm": 1.11249577999115,
      "is_attacker": false
    },
    "19": {
      "accuracy": 0.2685195505619049,
      "test_loss": 3.261009454727173,
      "precision": 1.0,
      "recall": 0.0,
      "f1_score": 0.0,
      "update_norm": 1.1085715293884277,
      "is_attacker": false
    },
    "20": {
      "accuracy": 0.2712189257144928,
      "test_loss": 3.249464988708496,
      "precision": 1.0,
      "recall": 0.0,
      "f1_score": 0.0,
      "update_norm": 1.1138615608215332,
      "is_attacker": false
    },
    "21": {
      "accuracy": 0.29443874955177307,
      "test_loss": 3.246049642562866,
      "precision": 1.0,
      "recall": 0.0,
      "f1_score": 0.0,
      "update_norm": 1.1130716800689697,
      "is_attacker": false
    },
    "22": {
      "accuracy": 0.2888852655887604,
      "test_loss": 3.2477266788482666,
      "precision": 1.0,
      "recall": 0.0,
      "f1_score": 0.0,
      "update_norm": 1.1134591102600098,
      "is_attacker": false
    },
    "23": {
      "accuracy": 0.27399569749832153,
      "test_loss": 3.2453489303588867,
      "precision": 1.0,
      "recall": 0.0,
      "f1_score": 0.0,
      "update_norm": 1.1154588460922241,
      "is_attacker": false
    },
    "24": {
      "accuracy": 0.29355329275131226,
      "test_loss": 3.248504877090454,
      "precision": 1.0,
      "recall": 0.0,
      "f1_score": 0.0,
      "update_norm": 1.1024361848831177,
      "is_attacker": false
    },
    "25": {
      "accuracy": 0.2866157293319702,
      "test_loss": 3.2576444149017334,
      "precision": 1.0,
      "recall": 0.0,
      "f1_score": 0.0,
      "update_norm": 1.1149414777755737,
      "is_attacker": false
    },
    "26": {
      "accuracy": 0.2594327926635742,
      "test_loss": 3.2627620697021484,
      "precision": 1.0,
      "recall": 0.0,
      "f1_score": 0.0,
      "update_norm": 1.1124390363693237,
      "is_attacker": false
    },
    "27": {
      "accuracy": 0.26062774658203125,
      "test_loss": 3.2946231365203857,
      "precision": 1.0,
      "recall": 0.0,
      "f1_score": 0.0,
      "update_norm": 1.120029091835022,
      "is_attacker": false
    },
    "28": {
      "accuracy": 0.2900802195072174,
      "test_loss": 3.2679824829101562,
      "precision": 1.0,
      "recall": 0.0,
      "f1_score": 0.0,
      "update_norm": 1.1104968786239624,
      "is_attacker": false
    },
    "29": {
      "accuracy": 0.2699122428894043,
      "test_loss": 3.2688047885894775,
      "precision": 1.0,
      "recall": 0.0,
      "f1_score": 0.0,
      "update_norm": 1.117235779762268,
      "is_attacker": false
    },
    "30": {
      "accuracy": 0.2609028220176697,
      "test_loss": 3.259788751602173,
      "precision": 1.0,
      "recall": 0.0,
      "f1_score": 0.0,
      "update_norm": 1.111982822418213,
      "is_attacker": false
    },
    "31": {
      "accuracy": 0.2740558683872223,
      "test_loss": 3.2441301345825195,
      "precision": 1.0,
      "recall": 0.0,
      "f1_score": 0.0,
      "update_norm": 1.11611807346344,
      "is_attacker": false
    },
    "32": {
      "accuracy": 0.2958572208881378,
      "test_loss": 3.2696638107299805,
      "precision": 1.0,
      "recall": 0.0,
      "f1_score": 0.0,
      "update_norm": 1.1065137386322021,
      "is_attacker": false
    },
    "33": {
      "accuracy": 0.28107941150665283,
      "test_loss": 3.2575790882110596,
      "precision": 1.0,
      "recall": 0.0,
      "f1_score": 0.0,
      "update_norm": 1.1176667213439941,
      "is_attacker": false
    },
    "34": {
      "accuracy": 0.28683924674987793,
      "test_loss": 3.256129503250122,
      "precision": 1.0,