{
  "round": 50,
  "nodes": {
    "0": {
      "accuracy": 0.5221237540245056,
      "test_loss": 2.310985565185547,
      "precision": 1.0,
      "recall": 0.0,
      "f1_score": 0.0,
      "update_norm": 1.097491979598999,
      "is_attacker": true
    },
    "1": {
      "accuracy": 0.5321303606033325,
      "test_loss": 2.2430074214935303,
      "precision": 1.0,
      "recall": 0.0,
      "f1_score": 0.0,
      "update_norm": 1.0987237691879272,
      "is_attacker": true
    },
    "2": {
      "accuracy": 0.5443377494812012,
      "test_loss": 2.1280977725982666,
      "precision": 1.0,
      "recall": 0.0,
      "f1_score": 0.0,
      "update_norm": 1.0975909233093262,
      "is_attacker": true
    },
    "3": {
      "accuracy": 0.5186678767204285,
      "test_loss": 2.2875869274139404,
      "precision": 1.0,
      "recall": 0.0,
      "f1_score": 0.0,
      "update_norm": 1.0994051694869995,
      "is_attacker": true
    },
    "4": {
      "accuracy": 0.5137075185775757,
      "test_loss": 2.3052897453308105,
      "precision": 1.0,
      "recall": 0.0,
      "f1_score": 0.0,
      "update_norm": 1.0955802202224731,
      "is_attacker": true
    },
    "5": {
      "accuracy": 0.537950336933136,
      "test_loss": 2.1384127140045166,
      "precision": 1.0,
      "recall": 0.0,
      "f1_score": 0.0,
      "update_norm": 1.1020759344100952,
      "is_attacker": false
    },
    "6": {
      "accuracy": 0.5416813492774963,
      "test_loss": 2.155043840408325,
      "precision": 1.0,
      "recall": 0.0,
      "f1_score": 0.0,
      "update_norm": 1.0972912311553955,
      "is_attacker": false
    },
    "7": {
      "accuracy": 0.541732907295227,
      "test_loss": 2.1941044330596924,
      "precision": 1.0,
      "recall": 0.0,
      "f1_score": 0.0,
      "update_norm": 1.103441834449768,
      "is_attacker": false
    },
    "8": {
      "accuracy": 0.544208824634552,
      "test_loss": 2.125762939453125,
      "precision": 1.0,
      "recall": 0.0,
      "f1_score": 0.0,
      "update_norm": 1.0997424125671387,
      "is_attacker": false
    },
    "9": {
      "accuracy": 0.550321102142334,
      "test_loss": 2.1735448837280273,
      "precision": 1.0,
      "recall": 0.0,
      "f1_score": 0.0,
      "update_norm": 1.1010932922363281,
      "is_attacker": false
    },
    "10": {
      "accuracy": 0.5474669933319092,
      "test_loss": 2.1292836666107178,
      "precision": 1.0,
      "recall": 0.0,
      "f1_score": 0.0,
      "update_norm": 1.0992511510849,
      "is_attacker": false
    },
    "11": {
      "accuracy": 0.5442259907722473,
      "test_loss": 2.1725430488586426,
      "precision": 1.0,
      "recall": 0.0,
      "f1_score": 0.0,
      "update_norm": 1.1026123762130737,
      "is_attacker": false
    },
    "12": {
      "accuracy": 0.5430654287338257,
      "test_loss": 2.097641706466675,
      "precision": 1.0,
      "recall": 0.0,
      "f1_score": 0.0,
      "update_norm": 1.0914605855941772,
      "is_attacker": false
    },
    "13": {
      "accuracy": 0.5445870757102966,
      "test_loss": 2.174172878265381,
      "precision": 1.0,
      "recall": 0.0,
      "f1_score": 0.0,
      "update_norm": 1.0990599393844604,
      "is_attacker": false
    },
    "14": {
      "accuracy": 0.5483438372612,
      "test_loss": 2.0962910652160645,
      "precision": 1.0,
      "recall": 0.0,
      "f1_score": 0.0,
      "update_norm": 1.0993741750717163,
      "is_attacker": false
    },
    "15": {
      "accuracy": 0.5407872796058655,
      "test_loss": 2.1568922996520996,
      "precision": 1.0,
      "recall": 0.0,
      "f1_score": 0.0,
      "update_norm": 1.093465805053711,
      "is_attacker": false
    },
    "16": {
      "accuracy": 0.5494614243507385,
      "test_loss": 2.1106903553009033,
      "precision": 1.0,
      "recall": 0.0,
      "f1_score": 0.0,
      "update_norm": 1.101030945777893,
      "is_attacker": false
    },
    "17": {
      "accuracy": 0.5433061122894287,
      "test_loss": 2.1515188217163086,
      "precision": 1.0,
      "recall": 0.0,
      "f1_score": 0.0,
      "update_norm": 1.1011018753051758,
      "is_attacker": false
    },
    "18": {
      "accuracy": 0.5506305694580078,
      "test_loss": 2.08892822265625,
      "precision": 1.0,
      "recall": 0.0,
      "f1_score": 0.0,
      "update_norm": 1.101349949836731,
      "is_attacker": false
    },
    "19": {
      "accuracy": 0.5443205833435059,
      "test_loss": 2.170135021209717,
      "precision": 1.0,
      "recall": 0.0,
      "f1_score": 0.0,
      "update_norm": 1.1010361909866333,
      "is_attacker": false
    },
    "20": {
      "accuracy": 0.5479226112365723,
      "test_loss": 2.157710313796997,
      "precision": 1.0,
      "recall": 0.0,
      "f1_score": 0.0,
      "update_norm": 1.0985376834869385,
      "is_attacker": false
    },
    "21": {
      "accuracy": 0.5463751554489136,
      "test_loss": 2.1247730255126953,
      "precision": 1.0,
      "recall": 0.0,
      "f1_score": 0.0,
      "update_norm": 1.0961353778839111,
      "is_attacker": false
    },
    "22": {
      "accuracy": 0.5421541929244995,
      "test_loss": 2.118553876876831,
      "precision": 1.0,
      "recall": 0.0,
      "f1_score": 0.0,
      "update_norm": 1.103767991065979,
      "is_attacker": false
    },
    "23": {
      "accuracy": 0.545971155166626,
      "test_loss": 2.145484685897827,
      "precision": 1.0,
      "recall": 0.0,
      "f1_score": 0.0,
      "update_norm": 1.1089621782302856,
      "is_attacker": false
    },
    "24": {
      "accuracy": 0.5430310368537903,
      "test_loss": 2.19092059135437,
      "precision": 1.0,
      "recall": 0.0,
      "f1_score": 0.0,
      "update_norm": 1.0990837812423706,
      "is_attacker": false
    },
    "25": {
      "accuracy": 0.5437531471252441,
      "test_loss": 2.143599033355713,
      "precision": 1.0,
      "recall": 0.0,
      "f1_score": 0.0,
      "update_norm": 1.0943220853805542,
      "is_attacker": false
    },
    "26": {
      "accuracy": 0.5428247451782227,
      "test_loss": 2.1540000438690186,
      "precision": 1.0,
      "recall": 0.0,
      "f1_score": 0.0,
      "update_norm": 1.0936130285263062,
      "is_attacker": false
    },
    "27": {
      "accuracy": 0.5400479435920715,
      "test_loss": 2.1371514797210693,
      "precision": 1.0,
      "recall": 0.0,
      "f1_score": 0.0,
      "update_norm": 1.101934552192688,
      "is_attacker": false
    },
    "28": {
      "accuracy": 0.5464267730712891,
      "test_loss": 2.1884243488311768,
      "precision": 1.0,
      "recall": 0.0,
      "f1_score": 0.0,
      "update_norm": 1.0973433256149292,
      "is_attacker": false
    },
    "29": {
      "accuracy": 0.5466588735580444,
      "test_loss": 2.1182057857513428,
      "precision": 1.0,
      "recall": 0.0,
      "f1_score": 0.0,
      "update_norm": 1.1004339456558228,
      "is_attacker": false
    },
    "30": {
      "accuracy": 0.5444666743278503,
      "test_loss": 2.1338582038879395,
      "precision": 1.0,
      "recall": 0.0,
      "f1_score": 0.0,
      "update_norm": 1.1028903722763062,
      "is_attacker": false
    },
    "31": {
      "accuracy": 0.5443635582923889,
      "test_loss": 2.122258424758911,
      "precision": 1.0,
      "recall": 0.0,
      "f1_score": 0.0,
      "update_norm": 1.098604440689087,
      "is_attacker": false
    },
    "32": {
      "accuracy": 0.5421885848045349,
      "test_loss": 2.132382392883301,
      "precision": 1.0,
      "recall": 0.0,
      "f1_score": 0.0,
      "update_norm": 1.0977331399917603,
      "is_attacker": false
    },
    "33": {
      "accuracy": 0.5459281802177429,
      "test_loss": 2.0952260494232178,
      "precision": 1.0,
      "recall": 0.0,
      "f1_score": 0.0,
      "update_norm": 1.0986053943634033,
      "is_attacker": false
    },
    "34": {
      "accuracy": 0.5412859320640564,
      "test_loss": 2.1425559520721436,
      "precision": 1.0,