{
  "round": 27,
  "nodes": {
    "0": {
      "accuracy": 0.5020847320556641,
      "test_loss": 2.1984941959381104,
      "precision": 1.0,
      "recall": 0.0,
      "f1_score": 0.0,
      "update_norm": 1.1002767086029053,
      "is_attacker": true
    },
    "1": {
      "accuracy": 0.5051108002662659,
      "test_loss": 2.187253475189209,
      "precision": 1.0,
      "recall": 0.0,
      "f1_score": 0.0,
      "update_norm": 1.099509835243225,
      "is_attacker": true
    },
    "2": {
      "accuracy": 0.505437433719635,
      "test_loss": 2.1831181049346924,
      "precision": 1.0,
      "recall": 0.0,
      "f1_score": 0.0,
      "update_norm": 1.0965346097946167,
      "is_attacker": true
    },
    "3": {
      "accuracy": 0.49846547842025757,
      "test_loss": 2.2162959575653076,
      "precision": 1.0,
      "recall": 0.0,
      "f1_score": 0.0,
      "update_norm": 1.1046781539916992,
      "is_attacker": true
    },
    "4": {
      "accuracy": 0.49758002161979675,
      "test_loss": 2.211043119430542,
      "precision": 1.0,
      "recall": 0.0,
      "f1_score": 0.0,
      "update_norm": 1.1006669998168945,
      "is_attacker": true
    },
    "5": {
      "accuracy": 0.4995056986808777,
      "test_loss": 2.2357242107391357,
      "precision": 1.0,
      "recall": 0.0,
      "f1_score": 0.0,
      "update_norm": 1.094821572303772,
      "is_attacker": false
    },
    "6": {
      "accuracy": 0.4964022636413574,
      "test_loss": 2.21665096282959,
      "precision": 1.0,
      "recall": 0.0,
      "f1_score": 0.0,
      "update_norm": 1.0943554639816284,
      "is_attacker": false
    },
    "7": {
      "accuracy": 0.5013883709907532,
      "test_loss": 2.243530511856079,
      "precision": 1.0,
      "recall": 0.0,
      "f1_score": 0.0,
      "update_norm": 1.0978772640228271,
      "is_attacker": false
    },
    "8": {
      "accuracy": 0.5029959678649902,
      "test_loss": 2.23213791847229,
      "precision": 1.0,
      "recall": 0.0,
      "f1_score": 0.0,
      "update_norm": 1.0995594263076782,
      "is_attacker": false
    },
    "9": {
      "accuracy": 0.505807101726532,
      "test_loss": 2.2522294521331787,
      "precision": 1.0,
      "recall": 0.0,
      "f1_score": 0.0,
      "update_norm": 1.104280710220337,
      "is_attacker": false
    },
    "10": {
      "accuracy": 0.5050935745239258,
      "test_loss": 2.2056727409362793,
      "precision": 1.0,
      "recall": 0.0,
      "f1_score": 0.0,
      "update_norm": 1.10494863986969,
      "is_attacker": false
    },
    "11": {
      "accuracy": 0.5024973750114441,
      "test_loss": 2.2260971069335938,
      "precision": 1.0,
      "recall": 0.0,
      "f1_score": 0.0,
      "update_norm": 1.099930763244629,
      "is_attacker": false
    },
    "12": {
      "accuracy": 0.4965140223503113,
      "test_loss": 2.1985549926757812,
      "precision": 1.0,
      "recall": 0.0,
      "f1_score": 0.0,
      "update_norm": 1.0971932411193848,
      "is_attacker": false
    },
    "13": {
      "accuracy": 0.4958176910877228,
      "test_loss": 2.2211034297943115,
      "precision": 1.0,
      "recall": 0.0,
      "f1_score": 0.0,
      "update_norm": 1.1019885540008545,
      "is_attacker": false
    },
    "14": {
      "accuracy": 0.505196750164032,
      "test_loss": 2.2334492206573486,
      "precision": 1.0,
      "recall": 0.0,
      "f1_score": 0.0,
      "update_norm": 1.0978864431381226,
      "is_attacker": false
    },
    "15": {
      "accuracy": 0.5003224015235901,
      "test_loss": 2.216318368911743,
      "precision": 1.0,
      "recall": 0.0,
      "f1_score": 0.0,
      "update_norm": 1.101261019706726,
      "is_attacker": false
    },
    "16": {
      "accuracy": 0.5095295310020447,
      "test_loss": 2.200165271759033,
      "precision": 1.0,
      "recall": 0.0,
      "f1_score": 0.0,
      "update_norm": 1.0999568700790405,
      "is_attacker": false
    },
    "17": {
      "accuracy": 0.4999355375766754,
      "test_loss": 2.206688404083252,
      "precision": 1.0,
      "recall": 0.0,
      "f1_score": 0.0,
      "update_norm": 1.1027957201004028,
      "is_attacker": false
    },
    "18": {
      "accuracy": 0.5035977363586426,
      "test_loss": 2.195695638656616,
      "precision": 1.0,
      "recall": 0.0,
      "f1_score": 0.0,
      "update_norm": 1.10199773311615,
      "is_attacker": false
    },
    "19": {
      "accuracy": 0.4945453703403473,
      "test_loss": 2.2626664638519287,
      "precision": 1.0,
      "recall": 0.0,
      "f1_score": 0.0,
      "update_norm": 1.1008307933807373,
      "is_attacker": false
    },
    "20": {
      "accuracy": 0.5063400864601135,
      "test_loss": 2.1949799060821533,
      "precision": 1.0,
      "recall": 0.0,
      "f1_score": 0.0,
      "update_norm": 1.1027753353118896,
      "is_attacker": false
    },
    "21": {
      "accuracy": 0.5051451325416565,
      "test_loss": 2.2085556983947754,
      "precision": 1.0,
      "recall": 0.0,
      "f1_score": 0.0,
      "update_norm": 1.1001254320144653,
      "is_attacker": false
    },
    "22": {
      "accuracy": 0.5040361881256104,
      "test_loss": 2.225816488265991,
      "precision": 1.0,
      "recall": 0.0,
      "f1_score": 0.0,
      "update_norm": 1.0975669622421265,
      "is_attacker": false
    },
    "23": {
      "accuracy": 0.49279162287712097,
      "test_loss": 2.2222537994384766,
      "precision": 1.0,
      "recall": 0.0,
      "f1_score": 0.0,
      "update_norm": 1.0968053340911865,
      "is_attacker": false
    },
    "24": {
      "accuracy": 0.5026692748069763,
      "test_loss": 2.228296995162964,
      "precision": 1.0,
      "recall": 0.0,
      "f1_score": 0.0,
      "update_norm": 1.1017613410949707,
      "is_attacker": false
    },
    "25": {
      "accuracy": 0.5012938380241394,
      "test_loss": 2.2314577102661133,
      "precision": 1.0,
      "recall": 0.0,
      "f1_score": 0.0,
      "update_norm": 1.0974974632263184,
      "is_attacker": false
    },
    "26": {
      "accuracy": 0.5026435256004333,
      "test_loss": 2.22066330909729,
      "precision": 1.0,
      "recall": 0.0,
      "f1_score": 0.0,
      "update_norm": 1.095999002456665,
      "is_attacker": false
    },
    "27": {
      "accuracy": 0.49414992332458496,
      "test_loss": 2.1936590671539307,
      "precision": 1.0,
      "recall": 0.0,
      "f1_score": 0.0,
      "update_norm": 1.0971784591674805,
      "is_attacker": false
    },
    "28": {
      "accuracy": 0.5079476833343506,
      "test_loss": 2.202573299407959,
      "precision": 1.0,
      "recall": 0.0,
      "f1_score": 0.0,
      "update_norm": 1.0987143516540527,
      "is_attacker": false
    },
    "29": {
      "accuracy": 0.5001848340034485,
      "test_loss": 2.21771502494812,
      "precision": 1.0,
      "recall": 0.0,
      "f1_score": 0.0,
      "update_norm": 1.102992057800293,
      "is_attacker": false
    },
    "30": {
      "accuracy": 0.5036836862564087,
      "test_loss": 2.2100300788879395,
      "precision": 1.0,
      "recall": 0.0,
      "f1_score": 0.0,
      "update_norm": 1.0972397327423096,
      "is_attacker": false
    },
    "31": {
      "accuracy": 0.5003997683525085,
      "test_loss": 2.2137057781219482,
      "precision": 1.0,
      "recall": 0.0,
      "f1_score": 0.0,
      "update_norm": 1.1005938053131104,
      "is_attacker": false
    },
    "32": {
      "accuracy": 0.49768316745758057,
      "test_loss": 2.2353012561798096,
      "precision": 1.0,
      "recall": 0.0,
      "f1_score": 0.0,
      "update_norm": 1.0973842144012451,
      "is_attacker": false
    },
    "33": {
      "accuracy": 0.5046809315681458,
      "test_loss": 2.2009365558624268,
      "precision": 1.0,
      "recall": 0.0,
      "f1_score": 0.0,
      "update_norm": 1.1016521453857422,
      "is_attacker": false
    },
    "34": {
      "accuracy": 0.4963850677013397,
      "test_loss": 2.222440242767334,
      "precision": 1.0,