{
  "round": 10,
  "nodes": {
    "0": {
      "accuracy": 0.3802085518836975,
      "test_loss": 2.70656418800354,
      "precision": 1.0,
      "recall": 0.0,
      "f1_score": 0.0,
      "update_norm": 1.1060889959335327,
      "is_attacker": true
    },
    "1": {
      "accuracy": 0.37751778960227966,
      "test_loss": 2.709092140197754,
      "precision": 1.0,
      "recall": 0.0,
      "f1_score": 0.0,
      "update_norm": 1.105901837348938,
      "is_attacker": true
    },
    "2": {
      "accuracy": 0.3665311336517334,
      "test_loss": 2.711940288543701,
      "precision": 1.0,
      "recall": 0.0,
      "f1_score": 0.0,
      "update_norm": 1.1062971353530884,
      "is_attacker": true
    },
    "3": {
      "accuracy": 0.3668062090873718,
      "test_loss": 2.717881441116333,
      "precision": 1.0,
      "recall": 0.0,
      "f1_score": 0.0,
      "update_norm": 1.1066454648971558,
      "is_attacker": true
    },
    "4": {
      "accuracy": 0.3726949989795685,
      "test_loss": 2.713454484939575,
      "precision": 1.0,
      "recall": 0.0,
      "f1_score": 0.0,
      "update_norm": 1.1047495603561401,
      "is_attacker": true
    },
    "5": {
      "accuracy": 0.36727043986320496,
      "test_loss": 2.7416791915893555,
      "precision": 1.0,
      "recall": 0.0,
      "f1_score": 0.0,
      "update_norm": 1.1062551736831665,
      "is_attacker": false
    },
    "6": {
      "accuracy": 0.3690069913864136,
      "test_loss": 2.7353479862213135,
      "precision": 1.0,
      "recall": 0.0,
      "f1_score": 0.0,
      "update_norm": 1.1023448705673218,
      "is_attacker": false
    },
    "7": {
      "accuracy": 0.36956578493118286,
      "test_loss": 2.717339038848877,
      "precision": 1.0,
      "recall": 0.0,
      "f1_score": 0.0,
      "update_norm": 1.1066358089447021,
      "is_attacker": false
    },
    "8": {
      "accuracy": 0.3646656274795532,
      "test_loss": 2.73081636428833,
      "precision": 1.0,
      "recall": 0.0,
      "f1_score": 0.0,
      "update_norm": 1.1128381490707397,
      "is_attacker": false
    },
    "9": {
      "accuracy": 0.3662388324737549,
      "test_loss": 2.714040517807007,
      "precision": 1.0,
      "recall": 0.0,
      "f1_score": 0.0,
      "update_norm": 1.1050359010696411,
      "is_attacker": false
    },
    "10": {
      "accuracy": 0.3492172658443451,
      "test_loss": 2.7492854595184326,
      "precision": 1.0,
      "recall": 0.0,
      "f1_score": 0.0,
      "update_norm": 1.1066672801971436,
      "is_attacker": false
    },
    "11": {
      "accuracy": 0.3683278560638428,
      "test_loss": 2.7097671031951904,
      "precision": 1.0,
      "recall": 0.0,
      "f1_score": 0.0,
      "update_norm": 1.1127617359161377,
      "is_attacker": false
    },
    "12": {
      "accuracy": 0.378523588180542,
      "test_loss": 2.692169427871704,
      "precision": 1.0,
      "recall": 0.0,
      "f1_score": 0.0,
      "update_norm": 1.1036949157714844,
      "is_attacker": false
    },
    "13": {
      "accuracy": 0.35571640729904175,
      "test_loss": 2.730506658554077,
      "precision": 1.0,
      "recall": 0.0,
      "f1_score": 0.0,
      "update_norm": 1.110337257385254,
      "is_attacker": false
    },
    "14": {
      "accuracy": 0.3803976774215698,
      "test_loss": 2.6989452838897705,
      "precision": 1.0,
      "recall": 0.0,
      "f1_score": 0.0,
      "update_norm": 1.1073827743530273,
      "is_attacker": false
    },
    "15": {
      "accuracy": 0.36767449975013733,
      "test_loss": 2.7570176124572754,
      "precision": 1.0,
      "recall": 0.0,
      "f1_score": 0.0,
      "update_norm": 1.1057485342025757,
      "is_attacker": false
    },
    "16": {
      "accuracy": 0.370064377784729,
      "test_loss": 2.6771533489227295,
      "precision": 1.0,
      "recall": 0.0,
      "f1_score": 0.0,
      "update_norm": 1.1106401681900024,
      "is_attacker": false
    },
    "17": {
      "accuracy": 0.36081427335739136,
      "test_loss": 2.729512929916382,
      "precision": 1.0,
      "recall": 0.0,
      "f1_score": 0.0,
      "update_norm": 1.1068412065505981,
      "is_attacker": false
    },
    "18": {
      "accuracy": 0.3786611557006836,
      "test_loss": 2.695239305496216,
      "precision": 1.0,
      "recall": 0.0,
      "f1_score": 0.0,
      "update_norm": 1.1060869693756104,
      "is_attacker": false
    },
    "19": {
      "accuracy": 0.36947980523109436,
      "test_loss": 2.736929178237915,
      "precision": 1.0,
      "recall": 0.0,
      "f1_score": 0.0,
      "update_norm": 1.1036756038665771,
      "is_attacker": false
    },
    "20": {
      "accuracy": 0.356842577457428,
      "test_loss": 2.710261106491089,
      "precision": 1.0,
      "recall": 0.0,
      "f1_score": 0.0,
      "update_norm": 1.109427809715271,
      "is_attacker": false
    },
    "21": {
      "accuracy": 0.3949348032474518,
      "test_loss": 2.701230049133301,
      "precision": 1.0,
      "recall": 0.0,
      "f1_score": 0.0,
      "update_norm": 1.1057623624801636,
      "is_attacker": false
    },
    "22": {
      "accuracy": 0.37400171160697937,
      "test_loss": 2.714904546737671,
      "precision": 1.0,
      "recall": 0.0,
      "f1_score": 0.0,
      "update_norm": 1.1046162843704224,
      "is_attacker": false
    },
    "23": {
      "accuracy": 0.34847795963287354,
      "test_loss": 2.739837646484375,
      "precision": 1.0,
      "recall": 0.0,
      "f1_score": 0.0,
      "update_norm": 1.111506700515747,
      "is_attacker": false
    },
    "24": {
      "accuracy": 0.363952100276947,
      "test_loss": 2.742706775665283,
      "precision": 1.0,
      "recall": 0.0,
      "f1_score": 0.0,
      "update_norm": 1.103289246559143,
      "is_attacker": false
    },
    "25": {
      "accuracy": 0.37579843401908875,
      "test_loss": 2.7425897121429443,
      "precision": 1.0,
      "recall": 0.0,
      "f1_score": 0.0,
      "update_norm": 1.1029316186904907,
      "is_attacker": false
    },
    "26": {
      "accuracy": 0.36356523633003235,
      "test_loss": 2.737516403198242,
      "precision": 1.0,
      "recall": 0.0,
      "f1_score": 0.0,
      "update_norm": 1.1112662553787231,
      "is_attacker": false
    },
    "27": {
      "accuracy": 0.3592754602432251,
      "test_loss": 2.755559206008911,
      "precision": 1.0,
      "recall": 0.0,
      "f1_score": 0.0,
      "update_norm": 1.1095342636108398,
      "is_attacker": false
    },
    "28": {
      "accuracy": 0.3715430200099945,
      "test_loss": 2.734048843383789,
      "precision": 1.0,
      "recall": 0.0,
      "f1_score": 0.0,
      "update_norm": 1.103951334953308,
      "is_attacker": false
    },
    "29": {
      "accuracy": 0.3750247061252594,
      "test_loss": 2.7388644218444824,
      "precision": 1.0,
      "recall": 0.0,
      "f1_score": 0.0,
      "update_norm": 1.1083786487579346,
      "is_attacker": false
    },
    "30": {
      "accuracy": 0.34766125679016113,
      "test_loss": 2.7345292568206787,
      "precision": 1.0,
      "recall": 0.0,
      "f1_score": 0.0,
      "update_norm": 1.10886549949646,
      "is_attacker": false
    },
    "31": {
      "accuracy": 0.37435418367385864,
      "test_loss": 2.70572566986084,
      "precision": 1.0,
      "recall": 0.0,
      "f1_score": 0.0,
      "update_norm": 1.10490083694458,
      "is_attacker": false
    },
    "32": {
      "accuracy": 0.3638489544391632,
      "test_loss": 2.719557762145996,
      "precision": 1.0,
      "recall": 0.0,
      "f1_score": 0.0,
      "update_norm": 1.1075022220611572,
      "is_attacker": false
    },
    "33": {
      "accuracy": 0.36866313219070435,
      "test_loss": 2.698498249053955,
      "precision": 1.0,
      "recall": 0.0,
      "f1_score": 0.0,
      "update_norm": 1.1069988012313843,
      "is_attacker": false
    },
    "34": {
      "accuracy": 0.36631619930267334,
      "test_loss": 2.7230634689331055,
      "precision": 1.0,