{
  "round": 18,
  "nodes": {
    "0": {
      "accuracy": 0.4606569707393646,
      "test_loss": 2.307776689529419,
      "precision": 1.0,
      "recall": 0.0,
      "f1_score": 0.0,
      "update_norm": 1.103310227394104,
      "is_attacker": true
    },
    "1": {
      "accuracy": 0.46314144134521484,
      "test_loss": 2.3102011680603027,
      "precision": 1.0,
      "recall": 0.0,
      "f1_score": 0.0,
      "update_norm": 1.100221037864685,
      "is_attacker": true
    },
    "2": {
      "accuracy": 0.464052677154541,
      "test_loss": 2.300992488861084,
      "precision": 1.0,
      "recall": 0.0,
      "f1_score": 0.0,
      "update_norm": 1.1017334461212158,
      "is_attacker": true
    },
    "3": {
      "accuracy": 0.4575449526309967,
      "test_loss": 2.3201162815093994,
      "precision": 1.0,
      "recall": 0.0,
      "f1_score": 0.0,
      "update_norm": 1.101831316947937,
      "is_attacker": true
    },
    "4": {
      "accuracy": 0.46045923233032227,
      "test_loss": 2.30895733833313,
      "precision": 1.0,
      "recall": 0.0,
      "f1_score": 0.0,
      "update_norm": 1.1001262664794922,
      "is_attacker": true
    },
    "5": {
      "accuracy": 0.4537365734577179,
      "test_loss": 2.3552465438842773,
      "precision": 1.0,
      "recall": 0.0,
      "f1_score": 0.0,
      "update_norm": 1.1013249158859253,
      "is_attacker": false
    },
    "6": {
      "accuracy": 0.45508626103401184,
      "test_loss": 2.346090793609619,
      "precision": 1.0,
      "recall": 0.0,
      "f1_score": 0.0,
      "update_norm": 1.105873465538025,
      "is_attacker": false
    },
    "7": {
      "accuracy": 0.4564703404903412,
      "test_loss": 2.365703582763672,
      "precision": 1.0,
      "recall": 0.0,
      "f1_score": 0.0,
      "update_norm": 1.1043561697006226,
      "is_attacker": false
    },
    "8": {
      "accuracy": 0.46057960391044617,
      "test_loss": 2.342273712158203,
      "precision": 1.0,
      "recall": 0.0,
      "f1_score": 0.0,
      "update_norm": 1.0971827507019043,
      "is_attacker": false
    },
    "9": {
      "accuracy": 0.46867772936820984,
      "test_loss": 2.332406759262085,
      "precision": 1.0,
      "recall": 0.0,
      "f1_score": 0.0,
      "update_norm": 1.1017279624938965,
      "is_attacker": false
    },
    "10": {
      "accuracy": 0.45743319392204285,
      "test_loss": 2.3303849697113037,
      "precision": 1.0,
      "recall": 0.0,
      "f1_score": 0.0,
      "update_norm": 1.1019264459609985,
      "is_attacker": false
    },
    "11": {
      "accuracy": 0.4606225788593292,
      "test_loss": 2.352947473526001,
      "precision": 1.0,
      "recall": 0.0,
      "f1_score": 0.0,
      "update_norm": 1.0959891080856323,
      "is_attacker": false
    },
    "12": {
      "accuracy": 0.46013256907463074,
      "test_loss": 2.2993245124816895,
      "precision": 1.0,
      "recall": 0.0,
      "f1_score": 0.0,
      "update_norm": 1.0962916612625122,
      "is_attacker": false
    },
    "13": {
      "accuracy": 0.4552839994430542,
      "test_loss": 2.343444347381592,
      "precision": 1.0,
      "recall": 0.0,
      "f1_score": 0.0,
      "update_norm": 1.099674940109253,
      "is_attacker": false
    },
    "14": {
      "accuracy": 0.4711020290851593,
      "test_loss": 2.2974584102630615,
      "precision": 1.0,
      "recall": 0.0,
      "f1_score": 0.0,
      "update_norm": 1.0991305112838745,
      "is_attacker": false
    },
    "15": {
      "accuracy": 0.4570291340351105,
      "test_loss": 2.3290255069732666,
      "precision": 1.0,
      "recall": 0.0,
      "f1_score": 0.0,
      "update_norm": 1.1050468683242798,
      "is_attacker": false
    },
    "16": {
      "accuracy": 0.4602443277835846,
      "test_loss": 2.341597080230713,
      "precision": 1.0,
      "recall": 0.0,
      "f1_score": 0.0,
      "update_norm": 1.1020386219024658,
      "is_attacker": false
    },
    "17": {
      "accuracy": 0.45506906509399414,
      "test_loss": 2.3261802196502686,
      "precision": 1.0,
      "recall": 0.0,
      "f1_score": 0.0,
      "update_norm": 1.1015347242355347,
      "is_attacker": false
    },
    "18": {
      "accuracy": 0.45461344718933105,
      "test_loss": 2.344478130340576,
      "precision": 1.0,
      "recall": 0.0,
      "f1_score": 0.0,
      "update_norm": 1.098969578742981,
      "is_attacker": false
    },
    "19": {
      "accuracy": 0.45517224073410034,
      "test_loss": 2.3685495853424072,
      "precision": 1.0,
      "recall": 0.0,
      "f1_score": 0.0,
      "update_norm": 1.105510950088501,
      "is_attacker": false
    },
    "20": {
      "accuracy": 0.4642848074436188,
      "test_loss": 2.309340000152588,
      "precision": 1.0,
      "recall": 0.0,
      "f1_score": 0.0,
      "update_norm": 1.1009527444839478,
      "is_attacker": false
    },
    "21": {
      "accuracy": 0.4664425849914551,
      "test_loss": 2.3000640869140625,
      "precision": 1.0,
      "recall": 0.0,
      "f1_score": 0.0,
      "update_norm": 1.0995122194290161,
      "is_attacker": false
    },
    "22": {
      "accuracy": 0.4604678452014923,
      "test_loss": 2.3249282836914062,
      "precision": 1.0,
      "recall": 0.0,
      "f1_score": 0.0,
      "update_norm": 1.0947003364562988,
      "is_attacker": false
    },
    "23": {
      "accuracy": 0.4595136046409607,
      "test_loss": 2.336712598800659,
      "precision": 1.0,
      "recall": 0.0,
      "f1_score": 0.0,
      "update_norm": 1.1011971235275269,
      "is_attacker": false
    },
    "24": {
      "accuracy": 0.4609406590461731,
      "test_loss": 2.347136974334717,
      "precision": 1.0,
      "recall": 0.0,
      "f1_score": 0.0,
      "update_norm": 1.0987485647201538,
      "is_attacker": false
    },
    "25": {
      "accuracy": 0.4607171416282654,
      "test_loss": 2.3346498012542725,
      "precision": 1.0,
      "recall": 0.0,
      "f1_score": 0.0,
      "update_norm": 1.098768711090088,
      "is_attacker": false
    },
    "26": {
      "accuracy": 0.4569345712661743,
      "test_loss": 2.359035015106201,
      "precision": 1.0,
      "recall": 0.0,
      "f1_score": 0.0,
      "update_norm": 1.1006983518600464,
      "is_attacker": false
    },
    "27": {
      "accuracy": 0.45690879225730896,
      "test_loss": 2.3079633712768555,
      "precision": 1.0,
      "recall": 0.0,
      "f1_score": 0.0,
      "update_norm": 1.1037557125091553,
      "is_attacker": false
    },
    "28": {
      "accuracy": 0.4635368883609772,
      "test_loss": 2.3219027519226074,
      "precision": 1.0,
      "recall": 0.0,
      "f1_score": 0.0,
      "update_norm": 1.1042412519454956,
      "is_attacker": false
    },
    "29": {
      "accuracy": 0.4610094428062439,
      "test_loss": 2.3272058963775635,
      "precision": 1.0,
      "recall": 0.0,
      "f1_score": 0.0,
      "update_norm": 1.0988391637802124,
      "is_attacker": false
    },
    "30": {
      "accuracy": 0.46096643805503845,
      "test_loss": 2.3182156085968018,
      "precision": 1.0,
      "recall": 0.0,
      "f1_score": 0.0,
      "update_norm": 1.0994107723236084,
      "is_attacker": false
    },
    "31": {
      "accuracy": 0.45903217792510986,
      "test_loss": 2.3219330310821533,
      "precision": 1.0,
      "recall": 0.0,
      "f1_score": 0.0,
      "update_norm": 1.1041511297225952,
      "is_attacker": false
    },
    "32": {
      "accuracy": 0.4653593897819519,
      "test_loss": 2.304668664932251,
      "precision": 1.0,
      "recall": 0.0,
      "f1_score": 0.0,
      "update_norm": 1.0978695154190063,
      "is_attacker": false
    },
    "33": {
      "accuracy": 0.4612157642841339,
      "test_loss": 2.310568332672119,
      "precision": 1.0,
      "recall": 0.0,
      "f1_score": 0.0,
      "update_norm": 1.102858543395996,
      "is_attacker": false
    },
    "34": {
      "accuracy": 0.4493006467819214,
      "test_loss": 2.34005069732666,
      "precision": 1.0,