{
  "round": 30,
  "nodes": {
    "0": {
      "accuracy": 0.5106642842292786,
      "test_loss": 2.165888786315918,
      "precision": 1.0,
      "recall": 0.0,
      "f1_score": 0.0,
      "update_norm": 1.1005522012710571,
      "is_attacker": true
    },
    "1": {
      "accuracy": 0.5126501321792603,
      "test_loss": 2.1590473651885986,
      "precision": 1.0,
      "recall": 0.0,
      "f1_score": 0.0,
      "update_norm": 1.1014958620071411,
      "is_attacker": true
    },
    "2": {
      "accuracy": 0.5132433176040649,
      "test_loss": 2.158559799194336,
      "precision": 1.0,
      "recall": 0.0,
      "f1_score": 0.0,
      "update_norm": 1.0981444120407104,
      "is_attacker": true
    },
    "3": {
      "accuracy": 0.5062541365623474,
      "test_loss": 2.1964118480682373,
      "precision": 1.0,
      "recall": 0.0,
      "f1_score": 0.0,
      "update_norm": 1.0984655618667603,
      "is_attacker": true
    },
    "4": {
      "accuracy": 0.5044316053390503,
      "test_loss": 2.191497564315796,
      "precision": 1.0,
      "recall": 0.0,
      "f1_score": 0.0,
      "update_norm": 1.0967185497283936,
      "is_attacker": true
    },
    "5": {
      "accuracy": 0.508764386177063,
      "test_loss": 2.213953971862793,
      "precision": 1.0,
      "recall": 0.0,
      "f1_score": 0.0,
      "update_norm": 1.0994412899017334,
      "is_attacker": false
    },
    "6": {
      "accuracy": 0.5044058561325073,
      "test_loss": 2.194140672683716,
      "precision": 1.0,
      "recall": 0.0,
      "f1_score": 0.0,
      "update_norm": 1.1018925905227661,
      "is_attacker": false
    },
    "7": {
      "accuracy": 0.5088331699371338,
      "test_loss": 2.2241909503936768,
      "precision": 1.0,
      "recall": 0.0,
      "f1_score": 0.0,
      "update_norm": 1.1009448766708374,
      "is_attacker": false
    },
    "8": {
      "accuracy": 0.5083001852035522,
      "test_loss": 2.216435670852661,
      "precision": 1.0,
      "recall": 0.0,
      "f1_score": 0.0,
      "update_norm": 1.0996381044387817,
      "is_attacker": false
    },
    "9": {
      "accuracy": 0.5176706314086914,
      "test_loss": 2.2360315322875977,
      "precision": 1.0,
      "recall": 0.0,
      "f1_score": 0.0,
      "update_norm": 1.0987441539764404,
      "is_attacker": false
    },
    "10": {
      "accuracy": 0.5122718811035156,
      "test_loss": 2.1753976345062256,
      "precision": 1.0,
      "recall": 0.0,
      "f1_score": 0.0,
      "update_norm": 1.097339153289795,
      "is_attacker": false
    },
    "11": {
      "accuracy": 0.5069246888160706,
      "test_loss": 2.237200975418091,
      "precision": 1.0,
      "recall": 0.0,
      "f1_score": 0.0,
      "update_norm": 1.1011316776275635,
      "is_attacker": false
    },
    "12": {
      "accuracy": 0.5022738575935364,
      "test_loss": 2.180856704711914,
      "precision": 1.0,
      "recall": 0.0,
      "f1_score": 0.0,
      "update_norm": 1.1051756143569946,
      "is_attacker": false
    },
    "13": {
      "accuracy": 0.5081368088722229,
      "test_loss": 2.2089385986328125,
      "precision": 1.0,
      "recall": 0.0,
      "f1_score": 0.0,
      "update_norm": 1.0992122888565063,
      "is_attacker": false
    },
    "14": {
      "accuracy": 0.5121257305145264,
      "test_loss": 2.211177110671997,
      "precision": 1.0,
      "recall": 0.0,
      "f1_score": 0.0,
      "update_norm": 1.1015123128890991,
      "is_attacker": false
    },
    "15": {
      "accuracy": 0.5044058561325073,
      "test_loss": 2.1999621391296387,
      "precision": 1.0,
      "recall": 0.0,
      "f1_score": 0.0,
      "update_norm": 1.0984113216400146,
      "is_attacker": false
    },
    "16": {
      "accuracy": 0.5152291655540466,
      "test_loss": 2.2032854557037354,
      "precision": 1.0,
      "recall": 0.0,
      "f1_score": 0.0,
      "update_norm": 1.1044080257415771,
      "is_attacker": false
    },
    "17": {
      "accuracy": 0.5045520067214966,
      "test_loss": 2.205838203430176,
      "precision": 1.0,
      "recall": 0.0,
      "f1_score": 0.0,
      "update_norm": 1.1021053791046143,
      "is_attacker": false
    },
    "18": {
      "accuracy": 0.5112488269805908,
      "test_loss": 2.1915693283081055,
      "precision": 1.0,
      "recall": 0.0,
      "f1_score": 0.0,
      "update_norm": 1.0944008827209473,
      "is_attacker": false
    },
    "19": {
      "accuracy": 0.50934898853302,
      "test_loss": 2.23221492767334,
      "precision": 1.0,
      "recall": 0.0,
      "f1_score": 0.0,
      "update_norm": 1.1012375354766846,
      "is_attacker": false
    },
    "20": {
      "accuracy": 0.5139998197555542,
      "test_loss": 2.184447765350342,
      "precision": 1.0,
      "recall": 0.0,
      "f1_score": 0.0,
      "update_norm": 1.0982120037078857,
      "is_attacker": false
    },
    "21": {
      "accuracy": 0.5133808255195618,
      "test_loss": 2.163632869720459,
      "precision": 1.0,
      "recall": 0.0,
      "f1_score": 0.0,
      "update_norm": 1.098454475402832,
      "is_attacker": false
    },
    "22": {
      "accuracy": 0.5071482062339783,
      "test_loss": 2.2390050888061523,
      "precision": 1.0,
      "recall": 0.0,
      "f1_score": 0.0,
      "update_norm": 1.096506118774414,
      "is_attacker": false
    },
    "23": {
      "accuracy": 0.5046035647392273,
      "test_loss": 2.1935019493103027,
      "precision": 1.0,
      "recall": 0.0,
      "f1_score": 0.0,
      "update_norm": 1.0993127822875977,
      "is_attacker": false
    },
    "24": {
      "accuracy": 0.5072169899940491,
      "test_loss": 2.233488082885742,
      "precision": 1.0,
      "recall": 0.0,
      "f1_score": 0.0,
      "update_norm": 1.1032861471176147,
      "is_attacker": false
    },
    "25": {
      "accuracy": 0.5084033012390137,
      "test_loss": 2.2307589054107666,
      "precision": 1.0,
      "recall": 0.0,
      "f1_score": 0.0,
      "update_norm": 1.0988807678222656,
      "is_attacker": false
    },
    "26": {
      "accuracy": 0.5129768252372742,
      "test_loss": 2.189873695373535,
      "precision": 1.0,
      "recall": 0.0,
      "f1_score": 0.0,
      "update_norm": 1.0981148481369019,
      "is_attacker": false
    },
    "27": {
      "accuracy": 0.5058414936065674,
      "test_loss": 2.200676918029785,
      "precision": 1.0,
      "recall": 0.0,
      "f1_score": 0.0,
      "update_norm": 1.0958164930343628,
      "is_attacker": false
    },
    "28": {
      "accuracy": 0.5091856122016907,
      "test_loss": 2.233873128890991,
      "precision": 1.0,
      "recall": 0.0,
      "f1_score": 0.0,
      "update_norm": 1.1052532196044922,
      "is_attacker": false
    },
    "29": {
      "accuracy": 0.5102258324623108,
      "test_loss": 2.202017307281494,
      "precision": 1.0,
      "recall": 0.0,
      "f1_score": 0.0,
      "update_norm": 1.0979365110397339,
      "is_attacker": false
    },
    "30": {
      "accuracy": 0.5121945142745972,
      "test_loss": 2.179626941680908,
      "precision": 1.0,
      "recall": 0.0,
      "f1_score": 0.0,
      "update_norm": 1.1015011072158813,
      "is_attacker": false
    },
    "31": {
      "accuracy": 0.5062455534934998,
      "test_loss": 2.1990487575531006,
      "precision": 1.0,
      "recall": 0.0,
      "f1_score": 0.0,
      "update_norm": 1.0990771055221558,
      "is_attacker": false
    },
    "32": {
      "accuracy": 0.5041823387145996,
      "test_loss": 2.2256245613098145,
      "precision": 1.0,
      "recall": 0.0,
      "f1_score": 0.0,
      "update_norm": 1.098596215248108,
      "is_attacker": false
    },
    "33": {
      "accuracy": 0.5131831169128418,
      "test_loss": 2.1630730628967285,
      "precision": 1.0,
      "recall": 0.0,
      "f1_score": 0.0,
      "update_norm": 1.1003755331039429,
      "is_attacker": false
    },
    "34": {
      "accuracy": 0.5065292119979858,
      "test_loss": 2.1889684200286865,
      "precision": 1.0,