{
  "round": 26,
  "nodes": {
    "0": {
      "accuracy": 0.4981989860534668,
      "test_loss": 2.2051942348480225,
      "precision": 1.0,
      "recall": 0.0,
      "f1_score": 0.0,
      "update_norm": 1.102306604385376,
      "is_attacker": true
    },
    "1": {
      "accuracy": 0.5012938380241394,
      "test_loss": 2.1996114253997803,
      "precision": 1.0,
      "recall": 0.0,
      "f1_score": 0.0,
      "update_norm": 1.1012334823608398,
      "is_attacker": true
    },
    "2": {
      "accuracy": 0.5012250542640686,
      "test_loss": 2.194563388824463,
      "precision": 1.0,
      "recall": 0.0,
      "f1_score": 0.0,
      "update_norm": 1.1016608476638794,
      "is_attacker": true
    },
    "3": {
      "accuracy": 0.49523311853408813,
      "test_loss": 2.2269785404205322,
      "precision": 1.0,
      "recall": 0.0,
      "f1_score": 0.0,
      "update_norm": 1.1034668684005737,
      "is_attacker": true
    },
    "4": {
      "accuracy": 0.49450236558914185,
      "test_loss": 2.22178316116333,
      "precision": 1.0,
      "recall": 0.0,
      "f1_score": 0.0,
      "update_norm": 1.1014190912246704,
      "is_attacker": true
    },
    "5": {
      "accuracy": 0.49763160943984985,
      "test_loss": 2.2401154041290283,
      "precision": 1.0,
      "recall": 0.0,
      "f1_score": 0.0,
      "update_norm": 1.0995417833328247,
      "is_attacker": false
    },
    "6": {
      "accuracy": 0.4945453703403473,
      "test_loss": 2.2429604530334473,
      "precision": 1.0,
      "recall": 0.0,
      "f1_score": 0.0,
      "update_norm": 1.0970983505249023,
      "is_attacker": false
    },
    "7": {
      "accuracy": 0.49361690878868103,
      "test_loss": 2.2719807624816895,
      "precision": 1.0,
      "recall": 0.0,
      "f1_score": 0.0,
      "update_norm": 1.0988709926605225,
      "is_attacker": false
    },
    "8": {
      "accuracy": 0.5003739595413208,
      "test_loss": 2.234269857406616,
      "precision": 1.0,
      "recall": 0.0,
      "f1_score": 0.0,
      "update_norm": 1.0984923839569092,
      "is_attacker": false
    },
    "9": {
      "accuracy": 0.5019901394844055,
      "test_loss": 2.2740988731384277,
      "precision": 1.0,
      "recall": 0.0,
      "f1_score": 0.0,
      "update_norm": 1.1024384498596191,
      "is_attacker": false
    },
    "10": {
      "accuracy": 0.502110481262207,
      "test_loss": 2.217097759246826,
      "precision": 1.0,
      "recall": 0.0,
      "f1_score": 0.0,
      "update_norm": 1.0984370708465576,
      "is_attacker": false
    },
    "11": {
      "accuracy": 0.5004857182502747,
      "test_loss": 2.233492612838745,
      "precision": 1.0,
      "recall": 0.0,
      "f1_score": 0.0,
      "update_norm": 1.1007401943206787,
      "is_attacker": false
    },
    "12": {
      "accuracy": 0.4952417016029358,
      "test_loss": 2.213580369949341,
      "precision": 1.0,
      "recall": 0.0,
      "f1_score": 0.0,
      "update_norm": 1.098276138305664,
      "is_attacker": false
    },
    "13": {
      "accuracy": 0.4922328293323517,
      "test_loss": 2.2600345611572266,
      "precision": 1.0,
      "recall": 0.0,
      "f1_score": 0.0,
      "update_norm": 1.0971816778182983,
      "is_attacker": false
    },
    "14": {
      "accuracy": 0.5031507015228271,
      "test_loss": 2.2333600521087646,
      "precision": 1.0,
      "recall": 0.0,
      "f1_score": 0.0,
      "update_norm": 1.0994234085083008,
      "is_attacker": false
    },
    "15": {
      "accuracy": 0.49756282567977905,
      "test_loss": 2.2217767238616943,
      "precision": 1.0,
      "recall": 0.0,
      "f1_score": 0.0,
      "update_norm": 1.1096503734588623,
      "is_attacker": false
    },
    "16": {
      "accuracy": 0.5092543959617615,
      "test_loss": 2.22359299659729,
      "precision": 1.0,
      "recall": 0.0,
      "f1_score": 0.0,
      "update_norm": 1.1031354665756226,
      "is_attacker": false
    },
    "17": {
      "accuracy": 0.4950697720050812,
      "test_loss": 2.2222025394439697,
      "precision": 1.0,
      "recall": 0.0,
      "f1_score": 0.0,
      "update_norm": 1.1005849838256836,
      "is_attacker": false
    },
    "18": {
      "accuracy": 0.4994541108608246,
      "test_loss": 2.218937635421753,
      "precision": 1.0,
      "recall": 0.0,
      "f1_score": 0.0,
      "update_norm": 1.101261019706726,
      "is_attacker": false
    },
    "19": {
      "accuracy": 0.4951041638851166,
      "test_loss": 2.257366180419922,
      "precision": 1.0,
      "recall": 0.0,
      "f1_score": 0.0,
      "update_norm": 1.1010881662368774,
      "is_attacker": false
    },
    "20": {
      "accuracy": 0.5031850934028625,
      "test_loss": 2.203775405883789,
      "precision": 1.0,
      "recall": 0.0,
      "f1_score": 0.0,
      "update_norm": 1.0989340543746948,
      "is_attacker": false
    },
    "21": {
      "accuracy": 0.5030905604362488,
      "test_loss": 2.211351156234741,
      "precision": 1.0,
      "recall": 0.0,
      "f1_score": 0.0,
      "update_norm": 1.1010332107543945,
      "is_attacker": false
    },
    "22": {
      "accuracy": 0.49594664573669434,
      "test_loss": 2.2462480068206787,
      "precision": 1.0,
      "recall": 0.0,
      "f1_score": 0.0,
      "update_norm": 1.0951820611953735,
      "is_attacker": false
    },
    "23": {
      "accuracy": 0.4961099624633789,
      "test_loss": 2.2321064472198486,
      "precision": 1.0,
      "recall": 0.0,
      "f1_score": 0.0,
      "update_norm": 1.100976824760437,
      "is_attacker": false
    },
    "24": {
      "accuracy": 0.49939393997192383,
      "test_loss": 2.2411460876464844,
      "precision": 1.0,
      "recall": 0.0,
      "f1_score": 0.0,
      "update_norm": 1.1013988256454468,
      "is_attacker": false
    },
    "25": {
      "accuracy": 0.4940209686756134,
      "test_loss": 2.242055654525757,
      "precision": 1.0,
      "recall": 0.0,
      "f1_score": 0.0,
      "update_norm": 1.1015690565109253,
      "is_attacker": false
    },
    "26": {
      "accuracy": 0.4976917803287506,
      "test_loss": 2.2593555450439453,
      "precision": 1.0,
      "recall": 0.0,
      "f1_score": 0.0,
      "update_norm": 1.1022193431854248,
      "is_attacker": false
    },
    "27": {
      "accuracy": 0.49512994289398193,
      "test_loss": 2.189573049545288,
      "precision": 1.0,
      "recall": 0.0,
      "f1_score": 0.0,
      "update_norm": 1.099679946899414,
      "is_attacker": false
    },
    "28": {
      "accuracy": 0.4998495578765869,
      "test_loss": 2.2423970699310303,
      "precision": 1.0,
      "recall": 0.0,
      "f1_score": 0.0,
      "update_norm": 1.100277304649353,
      "is_attacker": false
    },
    "29": {
      "accuracy": 0.4971931576728821,
      "test_loss": 2.22221302986145,
      "precision": 1.0,
      "recall": 0.0,
      "f1_score": 0.0,
      "update_norm": 1.1040408611297607,
      "is_attacker": false
    },
    "30": {
      "accuracy": 0.5028154253959656,
      "test_loss": 2.180196523666382,
      "precision": 1.0,
      "recall": 0.0,
      "f1_score": 0.0,
      "update_norm": 1.0931822061538696,
      "is_attacker": false
    },
    "31": {
      "accuracy": 0.49783793091773987,
      "test_loss": 2.2078211307525635,
      "precision": 1.0,
      "recall": 0.0,
      "f1_score": 0.0,
      "update_norm": 1.1044167280197144,
      "is_attacker": false
    },
    "32": {
      "accuracy": 0.49438202381134033,
      "test_loss": 2.243471384048462,
      "precision": 1.0,
      "recall": 0.0,
      "f1_score": 0.0,
      "update_norm": 1.0987393856048584,
      "is_attacker": false
    },
    "33": {
      "accuracy": 0.49832794070243835,
      "test_loss": 2.2268946170806885,
      "precision": 1.0,
      "recall": 0.0,
      "f1_score": 0.0,
      "update_norm": 1.092316746711731,
      "is_attacker": false
    },
    "34": {
      "accuracy": 0.4920866787433624,
      "test_loss": 2.2310051918029785,
      "precision": 1.0,