{
  "round": 24,
  "nodes": {
    "0": {
      "accuracy": 0.49316129088401794,
      "test_loss": 2.2182581424713135,
      "precision": 1.0,
      "recall": 0.0,
      "f1_score": 0.0,
      "update_norm": 1.102004051208496,
      "is_attacker": true
    },
    "1": {
      "accuracy": 0.4956801235675812,
      "test_loss": 2.214540481567383,
      "precision": 1.0,
      "recall": 0.0,
      "f1_score": 0.0,
      "update_norm": 1.0973091125488281,
      "is_attacker": true
    },
    "2": {
      "accuracy": 0.4963506758213043,
      "test_loss": 2.2061026096343994,
      "precision": 1.0,
      "recall": 0.0,
      "f1_score": 0.0,
      "update_norm": 1.104110836982727,
      "is_attacker": true
    },
    "3": {
      "accuracy": 0.4908917546272278,
      "test_loss": 2.2310643196105957,
      "precision": 1.0,
      "recall": 0.0,
      "f1_score": 0.0,
      "update_norm": 1.094373106956482,
      "is_attacker": true
    },
    "4": {
      "accuracy": 0.48935291171073914,
      "test_loss": 2.224713087081909,
      "precision": 1.0,
      "recall": 0.0,
      "f1_score": 0.0,
      "update_norm": 1.1007483005523682,
      "is_attacker": true
    },
    "5": {
      "accuracy": 0.48404014110565186,
      "test_loss": 2.2886362075805664,
      "precision": 1.0,
      "recall": 0.0,
      "f1_score": 0.0,
      "update_norm": 1.0953556299209595,
      "is_attacker": false
    },
    "6": {
      "accuracy": 0.48903483152389526,
      "test_loss": 2.2456889152526855,
      "precision": 1.0,
      "recall": 0.0,
      "f1_score": 0.0,
      "update_norm": 1.0969789028167725,
      "is_attacker": false
    },
    "7": {
      "accuracy": 0.4898257553577423,
      "test_loss": 2.259918212890625,
      "precision": 1.0,
      "recall": 0.0,
      "f1_score": 0.0,
      "update_norm": 1.099542498588562,
      "is_attacker": false
    },
    "8": {
      "accuracy": 0.49329882860183716,
      "test_loss": 2.242624044418335,
      "precision": 1.0,
      "recall": 0.0,
      "f1_score": 0.0,
      "update_norm": 1.098565697669983,
      "is_attacker": false
    },
    "9": {
      "accuracy": 0.49674612283706665,
      "test_loss": 2.267988681793213,
      "precision": 1.0,
      "recall": 0.0,
      "f1_score": 0.0,
      "update_norm": 1.0971992015838623,
      "is_attacker": false
    },
    "10": {
      "accuracy": 0.4935481548309326,
      "test_loss": 2.227461099624634,
      "precision": 1.0,
      "recall": 0.0,
      "f1_score": 0.0,
      "update_norm": 1.0950300693511963,
      "is_attacker": false
    },
    "11": {
      "accuracy": 0.49385762214660645,
      "test_loss": 2.2374563217163086,
      "precision": 1.0,
      "recall": 0.0,
      "f1_score": 0.0,
      "update_norm": 1.1022590398788452,
      "is_attacker": false
    },
    "12": {
      "accuracy": 0.4902813732624054,
      "test_loss": 2.2146453857421875,
      "precision": 1.0,
      "recall": 0.0,
      "f1_score": 0.0,
      "update_norm": 1.1031213998794556,
      "is_attacker": false
    },
    "13": {
      "accuracy": 0.4868168830871582,
      "test_loss": 2.274670124053955,
      "precision": 1.0,
      "recall": 0.0,
      "f1_score": 0.0,
      "update_norm": 1.0995614528656006,
      "is_attacker": false
    },
    "14": {
      "accuracy": 0.4934277832508087,
      "test_loss": 2.2324395179748535,
      "precision": 1.0,
      "recall": 0.0,
      "f1_score": 0.0,
      "update_norm": 1.1028269529342651,
      "is_attacker": false
    },
    "15": {
      "accuracy": 0.48900046944618225,
      "test_loss": 2.2291762828826904,
      "precision": 1.0,
      "recall": 0.0,
      "f1_score": 0.0,
      "update_norm": 1.0995689630508423,
      "is_attacker": false
    },
    "16": {
      "accuracy": 0.4985772371292114,
      "test_loss": 2.256267547607422,
      "precision": 1.0,
      "recall": 0.0,
      "f1_score": 0.0,
      "update_norm": 1.0969173908233643,
      "is_attacker": false
    },
    "17": {
      "accuracy": 0.4902297854423523,
      "test_loss": 2.2402684688568115,
      "precision": 1.0,
      "recall": 0.0,
      "f1_score": 0.0,
      "update_norm": 1.0990428924560547,
      "is_attacker": false
    },
    "18": {
      "accuracy": 0.4907541871070862,
      "test_loss": 2.2418642044067383,
      "precision": 1.0,
      "recall": 0.0,
      "f1_score": 0.0,
      "update_norm": 1.095404863357544,
      "is_attacker": false
    },
    "19": {
      "accuracy": 0.48879414796829224,
      "test_loss": 2.2676167488098145,
      "precision": 1.0,
      "recall": 0.0,
      "f1_score": 0.0,
      "update_norm": 1.099105954170227,
      "is_attacker": false
    },
    "20": {
      "accuracy": 0.4983537197113037,
      "test_loss": 2.2140748500823975,
      "precision": 1.0,
      "recall": 0.0,
      "f1_score": 0.0,
      "update_norm": 1.0991383790969849,
      "is_attacker": false
    },
    "21": {
      "accuracy": 0.49502676725387573,
      "test_loss": 2.230839490890503,
      "precision": 1.0,
      "recall": 0.0,
      "f1_score": 0.0,
      "update_norm": 1.1094415187835693,
      "is_attacker": false
    },
    "22": {
      "accuracy": 0.48776254057884216,
      "test_loss": 2.279677629470825,
      "precision": 1.0,
      "recall": 0.0,
      "f1_score": 0.0,
      "update_norm": 1.1028571128845215,
      "is_attacker": false
    },
    "23": {
      "accuracy": 0.48724672198295593,
      "test_loss": 2.2888312339782715,
      "precision": 1.0,
      "recall": 0.0,
      "f1_score": 0.0,
      "update_norm": 1.1010640859603882,
      "is_attacker": false
    },
    "24": {
      "accuracy": 0.4911324381828308,
      "test_loss": 2.2780842781066895,
      "precision": 1.0,
      "recall": 0.0,
      "f1_score": 0.0,
      "update_norm": 1.1004562377929688,
      "is_attacker": false
    },
    "25": {
      "accuracy": 0.4916912317276001,
      "test_loss": 2.2416279315948486,
      "precision": 1.0,
      "recall": 0.0,
      "f1_score": 0.0,
      "update_norm": 1.100488543510437,
      "is_attacker": false
    },
    "26": {
      "accuracy": 0.493573933839798,
      "test_loss": 2.242983818054199,
      "precision": 1.0,
      "recall": 0.0,
      "f1_score": 0.0,
      "update_norm": 1.0961576700210571,
      "is_attacker": false
    },
    "27": {
      "accuracy": 0.4873068928718567,
      "test_loss": 2.2277731895446777,
      "precision": 1.0,
      "recall": 0.0,
      "f1_score": 0.0,
      "update_norm": 1.1033917665481567,
      "is_attacker": false
    },
    "28": {
      "accuracy": 0.49472588300704956,
      "test_loss": 2.229280948638916,
      "precision": 1.0,
      "recall": 0.0,
      "f1_score": 0.0,
      "update_norm": 1.100465178489685,
      "is_attacker": false
    },
    "29": {
      "accuracy": 0.4915451109409332,
      "test_loss": 2.2388710975646973,
      "precision": 1.0,
      "recall": 0.0,
      "f1_score": 0.0,
      "update_norm": 1.0948283672332764,
      "is_attacker": false
    },
    "30": {
      "accuracy": 0.4964624345302582,
      "test_loss": 2.2059953212738037,
      "precision": 1.0,
      "recall": 0.0,
      "f1_score": 0.0,
      "update_norm": 1.0990594625473022,
      "is_attacker": false
    },
    "31": {
      "accuracy": 0.49343639612197876,
      "test_loss": 2.2196991443634033,
      "precision": 1.0,
      "recall": 0.0,
      "f1_score": 0.0,
      "update_norm": 1.1011995077133179,
      "is_attacker": false
    },
    "32": {
      "accuracy": 0.4896538257598877,
      "test_loss": 2.2559876441955566,
      "precision": 1.0,
      "recall": 0.0,
      "f1_score": 0.0,
      "update_norm": 1.0933765172958374,
      "is_attacker": false
    },
    "33": {
      "accuracy": 0.4922672212123871,
      "test_loss": 2.232844114303589,
      "precision": 1.0,
      "recall": 0.0,
      "f1_score": 0.0,
      "update_norm": 1.0985954999923706,
      "is_attacker": false
    },
    "34": {
      "accuracy": 0.48465049266815186,
      "test_loss": 2.249354362487793,