{
  "round": 23,
  "nodes": {
    "0": {
      "accuracy": 0.49028995633125305,
      "test_loss": 2.2187697887420654,
      "precision": 1.0,
      "recall": 0.0,
      "f1_score": 0.0,
      "update_norm": 1.0961401462554932,
      "is_attacker": true
    },
    "1": {
      "accuracy": 0.4934277832508087,
      "test_loss": 2.2155344486236572,
      "precision": 1.0,
      "recall": 0.0,
      "f1_score": 0.0,
      "update_norm": 1.0998114347457886,
      "is_attacker": true
    },
    "2": {
      "accuracy": 0.4922672212123871,
      "test_loss": 2.2148170471191406,
      "precision": 1.0,
      "recall": 0.0,
      "f1_score": 0.0,
      "update_norm": 1.100546956062317,
      "is_attacker": true
    },
    "3": {
      "accuracy": 0.48587125539779663,
      "test_loss": 2.2373626232147217,
      "precision": 1.0,
      "recall": 0.0,
      "f1_score": 0.0,
      "update_norm": 1.0929267406463623,
      "is_attacker": true
    },
    "4": {
      "accuracy": 0.4849685728549957,
      "test_loss": 2.230745553970337,
      "precision": 1.0,
      "recall": 0.0,
      "f1_score": 0.0,
      "update_norm": 1.0943175554275513,
      "is_attacker": true
    },
    "5": {
      "accuracy": 0.48103126883506775,
      "test_loss": 2.2858123779296875,
      "precision": 1.0,
      "recall": 0.0,
      "f1_score": 0.0,
      "update_norm": 1.0955555438995361,
      "is_attacker": false
    },
    "6": {
      "accuracy": 0.4866449534893036,
      "test_loss": 2.2439253330230713,
      "precision": 1.0,
      "recall": 0.0,
      "f1_score": 0.0,
      "update_norm": 1.1022416353225708,
      "is_attacker": false
    },
    "7": {
      "accuracy": 0.48203709721565247,
      "test_loss": 2.294973373413086,
      "precision": 1.0,
      "recall": 0.0,
      "f1_score": 0.0,
      "update_norm": 1.099979043006897,
      "is_attacker": false
    },
    "8": {
      "accuracy": 0.486885666847229,
      "test_loss": 2.2607057094573975,
      "precision": 1.0,
      "recall": 0.0,
      "f1_score": 0.0,
      "update_norm": 1.102902889251709,
      "is_attacker": false
    },
    "9": {
      "accuracy": 0.4951557219028473,
      "test_loss": 2.2708451747894287,
      "precision": 1.0,
      "recall": 0.0,
      "f1_score": 0.0,
      "update_norm": 1.1006351709365845,
      "is_attacker": false
    },
    "10": {
      "accuracy": 0.48889729380607605,
      "test_loss": 2.2397661209106445,
      "precision": 1.0,
      "recall": 0.0,
      "f1_score": 0.0,
      "update_norm": 1.0994027853012085,
      "is_attacker": false
    },
    "11": {
      "accuracy": 0.48726391792297363,
      "test_loss": 2.254215955734253,
      "precision": 1.0,
      "recall": 0.0,
      "f1_score": 0.0,
      "update_norm": 1.1029821634292603,
      "is_attacker": false
    },
    "12": {
      "accuracy": 0.48405733704566956,
      "test_loss": 2.230529308319092,
      "precision": 1.0,
      "recall": 0.0,
      "f1_score": 0.0,
      "update_norm": 1.1012187004089355,
      "is_attacker": false
    },
    "13": {
      "accuracy": 0.4803091287612915,
      "test_loss": 2.288527011871338,
      "precision": 1.0,
      "recall": 0.0,
      "f1_score": 0.0,
      "update_norm": 1.0994458198547363,
      "is_attacker": false
    },
    "14": {
      "accuracy": 0.49382323026657104,
      "test_loss": 2.251958131790161,
      "precision": 1.0,
      "recall": 0.0,
      "f1_score": 0.0,
      "update_norm": 1.0986989736557007,
      "is_attacker": false
    },
    "15": {
      "accuracy": 0.48339536786079407,
      "test_loss": 2.2454748153686523,
      "precision": 1.0,
      "recall": 0.0,
      "f1_score": 0.0,
      "update_norm": 1.1009349822998047,
      "is_attacker": false
    },
    "16": {
      "accuracy": 0.4926626682281494,
      "test_loss": 2.2737984657287598,
      "precision": 1.0,
      "recall": 0.0,
      "f1_score": 0.0,
      "update_norm": 1.100464105606079,
      "is_attacker": false
    },
    "17": {
      "accuracy": 0.4835931062698364,
      "test_loss": 2.261030435562134,
      "precision": 1.0,
      "recall": 0.0,
      "f1_score": 0.0,
      "update_norm": 1.1064516305923462,
      "is_attacker": false
    },
    "18": {
      "accuracy": 0.48522648215293884,
      "test_loss": 2.262265920639038,
      "precision": 1.0,
      "recall": 0.0,
      "f1_score": 0.0,
      "update_norm": 1.0968005657196045,
      "is_attacker": false
    },
    "19": {
      "accuracy": 0.4868512749671936,
      "test_loss": 2.264810085296631,
      "precision": 1.0,
      "recall": 0.0,
      "f1_score": 0.0,
      "update_norm": 1.102887511253357,
      "is_attacker": false
    },
    "20": {
      "accuracy": 0.4923532009124756,
      "test_loss": 2.2303903102874756,
      "precision": 1.0,
      "recall": 0.0,
      "f1_score": 0.0,
      "update_norm": 1.0976662635803223,
      "is_attacker": false
    },
    "21": {
      "accuracy": 0.4907971918582916,
      "test_loss": 2.2237000465393066,
      "precision": 1.0,
      "recall": 0.0,
      "f1_score": 0.0,
      "update_norm": 1.1002942323684692,
      "is_attacker": false
    },
    "22": {
      "accuracy": 0.4835844933986664,
      "test_loss": 2.2860772609710693,
      "precision": 1.0,
      "recall": 0.0,
      "f1_score": 0.0,
      "update_norm": 1.1024869680404663,
      "is_attacker": false
    },
    "23": {
      "accuracy": 0.481753408908844,
      "test_loss": 2.297088146209717,
      "precision": 1.0,
      "recall": 0.0,
      "f1_score": 0.0,
      "update_norm": 1.0960100889205933,
      "is_attacker": false
    },
    "24": {
      "accuracy": 0.4857079088687897,
      "test_loss": 2.2852797508239746,
      "precision": 1.0,
      "recall": 0.0,
      "f1_score": 0.0,
      "update_norm": 1.0984615087509155,
      "is_attacker": false
    },
    "25": {
      "accuracy": 0.4866965413093567,
      "test_loss": 2.2515926361083984,
      "precision": 1.0,
      "recall": 0.0,
      "f1_score": 0.0,
      "update_norm": 1.0977094173431396,
      "is_attacker": false
    },
    "26": {
      "accuracy": 0.4899117052555084,
      "test_loss": 2.2580041885375977,
      "precision": 1.0,
      "recall": 0.0,
      "f1_score": 0.0,
      "update_norm": 1.1020331382751465,
      "is_attacker": false
    },
    "27": {
      "accuracy": 0.4820800721645355,
      "test_loss": 2.237252712249756,
      "precision": 1.0,
      "recall": 0.0,
      "f1_score": 0.0,
      "update_norm": 1.0977712869644165,
      "is_attacker": false
    },
    "28": {
      "accuracy": 0.4889059066772461,
      "test_loss": 2.252579689025879,
      "precision": 1.0,
      "recall": 0.0,
      "f1_score": 0.0,
      "update_norm": 1.1028203964233398,
      "is_attacker": false
    },
    "29": {
      "accuracy": 0.4852866530418396,
      "test_loss": 2.251288890838623,
      "precision": 1.0,
      "recall": 0.0,
      "f1_score": 0.0,
      "update_norm": 1.0987640619277954,
      "is_attacker": false
    },
    "30": {
      "accuracy": 0.49209529161453247,
      "test_loss": 2.1911144256591797,
      "precision": 1.0,
      "recall": 0.0,
      "f1_score": 0.0,
      "update_norm": 1.1006789207458496,
      "is_attacker": false
    },
    "31": {
      "accuracy": 0.48760777711868286,
      "test_loss": 2.2310898303985596,
      "precision": 1.0,
      "recall": 0.0,
      "f1_score": 0.0,
      "update_norm": 1.1008009910583496,
      "is_attacker": false
    },
    "32": {
      "accuracy": 0.48736706376075745,
      "test_loss": 2.2553532123565674,
      "precision": 1.0,
      "recall": 0.0,
      "f1_score": 0.0,
      "update_norm": 1.0980026721954346,
      "is_attacker": false
    },
    "33": {
      "accuracy": 0.4875991940498352,
      "test_loss": 2.2470247745513916,
      "precision": 1.0,
      "recall": 0.0,
      "f1_score": 0.0,
      "update_norm": 1.100538730621338,
      "is_attacker": false
    },
    "34": {
      "accuracy": 0.47977614402770996,
      "test_loss": 2.2409987449645996,