{
  "round": 93,
  "nodes": {
    "0": {
      "accuracy": 0.4462316036224365,
      "test_loss": 3.849900245666504,
      "precision": 1.0,
      "recall": 0.0,
      "f1_score": 0.0,
      "update_norm": 1.1126145124435425,
      "is_attacker": true
    },
    "1": {
      "accuracy": 0.4926798641681671,
      "test_loss": 3.0063672065734863,
      "precision": 1.0,
      "recall": 0.0,
      "f1_score": 0.0,
      "update_norm": 1.104305624961853,
      "is_attacker": true
    },
    "2": {
      "accuracy": 0.5750969052314758,
      "test_loss": 2.146235704421997,
      "precision": 1.0,
      "recall": 0.0,
      "f1_score": 0.0,
      "update_norm": 1.0971988439559937,
      "is_attacker": true
    },
    "3": {
      "accuracy": 0.4666317105293274,
      "test_loss": 3.0533323287963867,
      "precision": 1.0,
      "recall": 0.0,
      "f1_score": 0.0,
      "update_norm": 1.107115626335144,
      "is_attacker": true
    },
    "4": {
      "accuracy": 0.3968604803085327,
      "test_loss": 3.741788864135742,
      "precision": 1.0,
      "recall": 0.0,
      "f1_score": 0.0,
      "update_norm": 1.1074001789093018,
      "is_attacker": true
    },
    "5": {
      "accuracy": 0.5839430093765259,
      "test_loss": 2.0462374687194824,
      "precision": 1.0,
      "recall": 0.0,
      "f1_score": 0.0,
      "update_norm": 1.098568320274353,
      "is_attacker": false
    },
    "6": {
      "accuracy": 0.5854302048683167,
      "test_loss": 2.0420920848846436,
      "precision": 1.0,
      "recall": 0.0,
      "f1_score": 0.0,
      "update_norm": 1.1018952131271362,
      "is_attacker": false
    },
    "7": {
      "accuracy": 0.5380535125732422,
      "test_loss": 2.413470506668091,
      "precision": 1.0,
      "recall": 0.0,
      "f1_score": 0.0,
      "update_norm": 1.0965690612792969,
      "is_attacker": false
    },
    "8": {
      "accuracy": 0.5842868685722351,
      "test_loss": 2.04423451423645,
      "precision": 1.0,
      "recall": 0.0,
      "f1_score": 0.0,
      "update_norm": 1.0985995531082153,
      "is_attacker": false
    },
    "9": {
      "accuracy": 0.5839859843254089,
      "test_loss": 2.1537067890167236,
      "precision": 1.0,
      "recall": 0.0,
      "f1_score": 0.0,
      "update_norm": 1.0962421894073486,
      "is_attacker": false
    },
    "10": {
      "accuracy": 0.5797907710075378,
      "test_loss": 2.0815019607543945,
      "precision": 1.0,
      "recall": 0.0,
      "f1_score": 0.0,
      "update_norm": 1.095018744468689,
      "is_attacker": false
    },
    "11": {
      "accuracy": 0.5810114741325378,
      "test_loss": 2.128723382949829,
      "precision": 1.0,
      "recall": 0.0,
      "f1_score": 0.0,
      "update_norm": 1.095185399055481,
      "is_attacker": false
    },
    "12": {
      "accuracy": 0.5871925354003906,
      "test_loss": 2.0447185039520264,
      "precision": 1.0,
      "recall": 0.0,
      "f1_score": 0.0,
      "update_norm": 1.0949712991714478,
      "is_attacker": false
    },
    "13": {
      "accuracy": 0.5819571614265442,
      "test_loss": 2.1242587566375732,
      "precision": 1.0,
      "recall": 0.0,
      "f1_score": 0.0,
      "update_norm": 1.0990420579910278,
      "is_attacker": false
    },
    "14": {
      "accuracy": 0.5853958129882812,
      "test_loss": 2.042121648788452,
      "precision": 1.0,
      "recall": 0.0,
      "f1_score": 0.0,
      "update_norm": 1.10150146484375,
      "is_attacker": false
    },
    "15": {
      "accuracy": 0.578767716884613,
      "test_loss": 2.0572378635406494,
      "precision": 1.0,
      "recall": 0.0,
      "f1_score": 0.0,
      "update_norm": 1.0978202819824219,
      "is_attacker": false
    },
    "16": {
      "accuracy": 0.5835303664207458,
      "test_loss": 2.033137321472168,
      "precision": 1.0,
      "recall": 0.0,
      "f1_score": 0.0,
      "update_norm": 1.0994051694869995,
      "is_attacker": false
    },
    "17": {
      "accuracy": 0.5834099650382996,
      "test_loss": 2.0383832454681396,
      "precision": 1.0,
      "recall": 0.0,
      "f1_score": 0.0,
      "update_norm": 1.095811367034912,
      "is_attacker": false
    },
    "18": {
      "accuracy": 0.5852153301239014,
      "test_loss": 2.078625202178955,
      "precision": 1.0,
      "recall": 0.0,
      "f1_score": 0.0,
      "update_norm": 1.1042426824569702,
      "is_attacker": false
    },
    "19": {
      "accuracy": 0.5839601755142212,
      "test_loss": 2.1460230350494385,
      "precision": 1.0,
      "recall": 0.0,
      "f1_score": 0.0,
      "update_norm": 1.0968018770217896,
      "is_attacker": false
    },
    "20": {
      "accuracy": 0.5863328576087952,
      "test_loss": 2.0692756175994873,
      "precision": 1.0,
      "recall": 0.0,
      "f1_score": 0.0,
      "update_norm": 1.0964932441711426,
      "is_attacker": false
    },
    "21": {
      "accuracy": 0.5832638740539551,
      "test_loss": 2.081017255783081,
      "precision": 1.0,
      "recall": 0.0,
      "f1_score": 0.0,
      "update_norm": 1.0893882513046265,
      "is_attacker": false
    },
    "22": {
      "accuracy": 0.5800658464431763,
      "test_loss": 2.0867245197296143,
      "precision": 1.0,
      "recall": 0.0,
      "f1_score": 0.0,
      "update_norm": 1.1029754877090454,
      "is_attacker": false
    },
    "23": {
      "accuracy": 0.5846651196479797,
      "test_loss": 2.025763511657715,
      "precision": 1.0,
      "recall": 0.0,
      "f1_score": 0.0,
      "update_norm": 1.0988740921020508,
      "is_attacker": false
    },
    "24": {
      "accuracy": 0.5824213624000549,
      "test_loss": 2.139338970184326,
      "precision": 1.0,
      "recall": 0.0,
      "f1_score": 0.0,
      "update_norm": 1.1003758907318115,
      "is_attacker": false
    },
    "25": {
      "accuracy": 0.5826534628868103,
      "test_loss": 2.132721424102783,
      "precision": 1.0,
      "recall": 0.0,
      "f1_score": 0.0,
      "update_norm": 1.099070429801941,
      "is_attacker": false
    },
    "26": {
      "accuracy": 0.5793437361717224,
      "test_loss": 2.0291643142700195,
      "precision": 1.0,
      "recall": 0.0,
      "f1_score": 0.0,
      "update_norm": 1.1025896072387695,
      "is_attacker": false
    },
    "27": {
      "accuracy": 0.5799970626831055,
      "test_loss": 2.1129839420318604,
      "precision": 1.0,
      "recall": 0.0,
      "f1_score": 0.0,
      "update_norm": 1.1015039682388306,
      "is_attacker": false
    },
    "28": {
      "accuracy": 0.5807363986968994,
      "test_loss": 2.11598539352417,
      "precision": 1.0,
      "recall": 0.0,
      "f1_score": 0.0,
      "update_norm": 1.0970762968063354,
      "is_attacker": false
    },
    "29": {
      "accuracy": 0.5830145478248596,
      "test_loss": 2.0704660415649414,
      "precision": 1.0,
      "recall": 0.0,
      "f1_score": 0.0,
      "update_norm": 1.1015701293945312,
      "is_attacker": false
    },
    "30": {
      "accuracy": 0.5847253203392029,
      "test_loss": 2.049898147583008,
      "precision": 1.0,
      "recall": 0.0,
      "f1_score": 0.0,
      "update_norm": 1.0938889980316162,
      "is_attacker": false
    },
    "31": {
      "accuracy": 0.5854130387306213,
      "test_loss": 2.0300838947296143,
      "precision": 1.0,
      "recall": 0.0,
      "f1_score": 0.0,
      "update_norm": 1.099008560180664,
      "is_attacker": false
    },
    "32": {
      "accuracy": 0.5814585089683533,
      "test_loss": 2.0827934741973877,
      "precision": 1.0,
      "recall": 0.0,
      "f1_score": 0.0,
      "update_norm": 1.0989587306976318,
      "is_attacker": false
    },
    "33": {
      "accuracy": 0.5863156914710999,
      "test_loss": 2.041325807571411,
      "precision": 1.0,
      "recall": 0.0,
      "f1_score": 0.0,
      "update_norm": 1.0961079597473145,
      "is_attacker": false
    },
    "34": {
      "accuracy": 0.5895394682884216,
      "test_loss": 2.028513193130493,
      "precision": 1.0,