{
  "round": 8,
  "nodes": {
    "0": {
      "accuracy": 0.3300035297870636,
      "test_loss": 2.952239990234375,
      "precision": 1.0,
      "recall": 0.0,
      "f1_score": 0.0,
      "update_norm": 1.1067802906036377,
      "is_attacker": true
    },
    "1": {
      "accuracy": 0.3287827968597412,
      "test_loss": 2.954639196395874,
      "precision": 1.0,
      "recall": 0.0,
      "f1_score": 0.0,
      "update_norm": 1.108750820159912,
      "is_attacker": true
    },
    "2": {
      "accuracy": 0.319197416305542,
      "test_loss": 2.95548152923584,
      "precision": 1.0,
      "recall": 0.0,
      "f1_score": 0.0,
      "update_norm": 1.1066056489944458,
      "is_attacker": true
    },
    "3": {
      "accuracy": 0.3163432776927948,
      "test_loss": 2.959782838821411,
      "precision": 1.0,
      "recall": 0.0,
      "f1_score": 0.0,
      "update_norm": 1.1094354391098022,
      "is_attacker": true
    },
    "4": {
      "accuracy": 0.32665079832077026,
      "test_loss": 2.95600962638855,
      "precision": 1.0,
      "recall": 0.0,
      "f1_score": 0.0,
      "update_norm": 1.1090893745422363,
      "is_attacker": true
    },
    "5": {
      "accuracy": 0.3112110197544098,
      "test_loss": 2.97737979888916,
      "precision": 1.0,
      "recall": 0.0,
      "f1_score": 0.0,
      "update_norm": 1.11198091506958,
      "is_attacker": false
    },
    "6": {
      "accuracy": 0.3281380236148834,
      "test_loss": 2.9752626419067383,
      "precision": 1.0,
      "recall": 0.0,
      "f1_score": 0.0,
      "update_norm": 1.1073936223983765,
      "is_attacker": false
    },
    "7": {
      "accuracy": 0.3235989511013031,
      "test_loss": 2.952460527420044,
      "precision": 1.0,
      "recall": 0.0,
      "f1_score": 0.0,
      "update_norm": 1.1091564893722534,
      "is_attacker": false
    },
    "8": {
      "accuracy": 0.3242608904838562,
      "test_loss": 2.97284197807312,
      "precision": 1.0,
      "recall": 0.0,
      "f1_score": 0.0,
      "update_norm": 1.110490322113037,
      "is_attacker": false
    },
    "9": {
      "accuracy": 0.32691729068756104,
      "test_loss": 2.949836254119873,
      "precision": 1.0,
      "recall": 0.0,
      "f1_score": 0.0,
      "update_norm": 1.1169151067733765,
      "is_attacker": false
    },
    "10": {
      "accuracy": 0.30902746319770813,
      "test_loss": 2.970118761062622,
      "precision": 1.0,
      "recall": 0.0,
      "f1_score": 0.0,
      "update_norm": 1.109878659248352,
      "is_attacker": false
    },
    "11": {
      "accuracy": 0.3289461135864258,
      "test_loss": 2.953308343887329,
      "precision": 1.0,
      "recall": 0.0,
      "f1_score": 0.0,
      "update_norm": 1.1118544340133667,
      "is_attacker": false
    },
    "12": {
      "accuracy": 0.34285566210746765,
      "test_loss": 2.9289441108703613,
      "precision": 1.0,
      "recall": 0.0,
      "f1_score": 0.0,
      "update_norm": 1.1101131439208984,
      "is_attacker": false
    },
    "13": {
      "accuracy": 0.3016342520713806,
      "test_loss": 2.9580881595611572,
      "precision": 1.0,
      "recall": 0.0,
      "f1_score": 0.0,
      "update_norm": 1.1139596700668335,
      "is_attacker": false
    },
    "14": {
      "accuracy": 0.32856786251068115,
      "test_loss": 2.946859836578369,
      "precision": 1.0,
      "recall": 0.0,
      "f1_score": 0.0,
      "update_norm": 1.1113520860671997,
      "is_attacker": false
    },
    "15": {
      "accuracy": 0.3190942406654358,
      "test_loss": 2.990142822265625,
      "precision": 1.0,
      "recall": 0.0,
      "f1_score": 0.0,
      "update_norm": 1.1134459972381592,
      "is_attacker": false
    },
    "16": {
      "accuracy": 0.3306826651096344,
      "test_loss": 2.931001901626587,
      "precision": 1.0,
      "recall": 0.0,
      "f1_score": 0.0,
      "update_norm": 1.1102302074432373,
      "is_attacker": false
    },
    "17": {
      "accuracy": 0.32510337233543396,
      "test_loss": 2.965266704559326,
      "precision": 1.0,
      "recall": 0.0,
      "f1_score": 0.0,
      "update_norm": 1.1134876012802124,
      "is_attacker": false
    },
    "18": {
      "accuracy": 0.35665345191955566,
      "test_loss": 2.9402432441711426,
      "precision": 1.0,
      "recall": 0.0,
      "f1_score": 0.0,
      "update_norm": 1.1162896156311035,
      "is_attacker": false
    },
    "19": {
      "accuracy": 0.3078497052192688,
      "test_loss": 2.986476421356201,
      "precision": 1.0,
      "recall": 0.0,
      "f1_score": 0.0,
      "update_norm": 1.1154366731643677,
      "is_attacker": false
    },
    "20": {
      "accuracy": 0.3090360462665558,
      "test_loss": 2.9561054706573486,
      "precision": 1.0,
      "recall": 0.0,
      "f1_score": 0.0,
      "update_norm": 1.1126333475112915,
      "is_attacker": false
    },
    "21": {
      "accuracy": 0.3388409912586212,
      "test_loss": 2.9410107135772705,
      "precision": 1.0,
      "recall": 0.0,
      "f1_score": 0.0,
      "update_norm": 1.1104824542999268,
      "is_attacker": false
    },
    "22": {
      "accuracy": 0.33657145500183105,
      "test_loss": 2.9379050731658936,
      "precision": 1.0,
      "recall": 0.0,
      "f1_score": 0.0,
      "update_norm": 1.1098357439041138,
      "is_attacker": false
    },
    "23": {
      "accuracy": 0.3207792043685913,
      "test_loss": 2.9650065898895264,
      "precision": 1.0,
      "recall": 0.0,
      "f1_score": 0.0,
      "update_norm": 1.1096129417419434,
      "is_attacker": false
    },
    "24": {
      "accuracy": 0.32538706064224243,
      "test_loss": 2.978121757507324,
      "precision": 1.0,
      "recall": 0.0,
      "f1_score": 0.0,
      "update_norm": 1.1088613271713257,
      "is_attacker": false
    },
    "25": {
      "accuracy": 0.3357117772102356,
      "test_loss": 2.971839189529419,
      "precision": 1.0,
      "recall": 0.0,
      "f1_score": 0.0,
      "update_norm": 1.1086573600769043,
      "is_attacker": false
    },
    "26": {
      "accuracy": 0.3049783706665039,
      "test_loss": 2.989069938659668,
      "precision": 1.0,
      "recall": 0.0,
      "f1_score": 0.0,
      "update_norm": 1.1123980283737183,
      "is_attacker": false
    },
    "27": {
      "accuracy": 0.30368027091026306,
      "test_loss": 3.007067918777466,
      "precision": 1.0,
      "recall": 0.0,
      "f1_score": 0.0,
      "update_norm": 1.1103577613830566,
      "is_attacker": false
    },
    "28": {
      "accuracy": 0.33585792779922485,
      "test_loss": 2.972702980041504,
      "precision": 1.0,
      "recall": 0.0,
      "f1_score": 0.0,
      "update_norm": 1.1099815368652344,
      "is_attacker": false
    },
    "29": {
      "accuracy": 0.3217506408691406,
      "test_loss": 2.983125686645508,
      "precision": 1.0,
      "recall": 0.0,
      "f1_score": 0.0,
      "update_norm": 1.1172764301300049,
      "is_attacker": false
    },
    "30": {
      "accuracy": 0.31210508942604065,
      "test_loss": 2.9703598022460938,
      "precision": 1.0,
      "recall": 0.0,
      "f1_score": 0.0,
      "update_norm": 1.114126443862915,
      "is_attacker": false
    },
    "31": {
      "accuracy": 0.3187589645385742,
      "test_loss": 2.951835870742798,
      "precision": 1.0,
      "recall": 0.0,
      "f1_score": 0.0,
      "update_norm": 1.1125695705413818,
      "is_attacker": false
    },
    "32": {
      "accuracy": 0.3155266046524048,
      "test_loss": 2.9803707599639893,
      "precision": 1.0,
      "recall": 0.0,
      "f1_score": 0.0,
      "update_norm": 1.1089086532592773,
      "is_attacker": false
    },
    "33": {
      "accuracy": 0.3180798292160034,
      "test_loss": 2.9543182849884033,
      "precision": 1.0,
      "recall": 0.0,
      "f1_score": 0.0,
      "update_norm": 1.1117475032806396,
      "is_attacker": false
    },
    "34": {
      "accuracy": 0.33267712593078613,
      "test_loss": 2.963453769683838,
      "precision": 1.0,