{
  "round": 65,
  "nodes": {
    "0": {
      "accuracy": 0.507174015045166,
      "test_loss": 2.529362201690674,
      "precision": 1.0,
      "recall": 0.0,
      "f1_score": 0.0,
      "update_norm": 1.1015286445617676,
      "is_attacker": true
    },
    "1": {
      "accuracy": 0.5307204723358154,
      "test_loss": 2.3529977798461914,
      "precision": 1.0,
      "recall": 0.0,
      "f1_score": 0.0,
      "update_norm": 1.0939029455184937,
      "is_attacker": true
    },
    "2": {
      "accuracy": 0.5606801509857178,
      "test_loss": 2.084028720855713,
      "precision": 1.0,
      "recall": 0.0,
      "f1_score": 0.0,
      "update_norm": 1.1000381708145142,
      "is_attacker": true
    },
    "3": {
      "accuracy": 0.5171376466751099,
      "test_loss": 2.3960509300231934,
      "precision": 1.0,
      "recall": 0.0,
      "f1_score": 0.0,
      "update_norm": 1.1032617092132568,
      "is_attacker": true
    },
    "4": {
      "accuracy": 0.5067785382270813,
      "test_loss": 2.486342191696167,
      "precision": 1.0,
      "recall": 0.0,
      "f1_score": 0.0,
      "update_norm": 1.1025563478469849,
      "is_attacker": true
    },
    "5": {
      "accuracy": 0.556674063205719,
      "test_loss": 2.1388680934906006,
      "precision": 1.0,
      "recall": 0.0,
      "f1_score": 0.0,
      "update_norm": 1.1004729270935059,
      "is_attacker": false
    },
    "6": {
      "accuracy": 0.5606027841567993,
      "test_loss": 2.089754581451416,
      "precision": 1.0,
      "recall": 0.0,
      "f1_score": 0.0,
      "update_norm": 1.0943444967269897,
      "is_attacker": false
    },
    "7": {
      "accuracy": 0.5405465960502625,
      "test_loss": 2.257169485092163,
      "precision": 1.0,
      "recall": 0.0,
      "f1_score": 0.0,
      "update_norm": 1.102427363395691,
      "is_attacker": false
    },
    "8": {
      "accuracy": 0.5663626194000244,
      "test_loss": 2.057724714279175,
      "precision": 1.0,
      "recall": 0.0,
      "f1_score": 0.0,
      "update_norm": 1.096191644668579,
      "is_attacker": false
    },
    "9": {
      "accuracy": 0.5669730305671692,
      "test_loss": 2.148378372192383,
      "precision": 1.0,
      "recall": 0.0,
      "f1_score": 0.0,
      "update_norm": 1.0972703695297241,
      "is_attacker": false
    },
    "10": {
      "accuracy": 0.5617547631263733,
      "test_loss": 2.1198370456695557,
      "precision": 1.0,
      "recall": 0.0,
      "f1_score": 0.0,
      "update_norm": 1.1072276830673218,
      "is_attacker": false
    },
    "11": {
      "accuracy": 0.5578776597976685,
      "test_loss": 2.180466890335083,
      "precision": 1.0,
      "recall": 0.0,
      "f1_score": 0.0,
      "update_norm": 1.100664734840393,
      "is_attacker": false
    },
    "12": {
      "accuracy": 0.5647464394569397,
      "test_loss": 2.0609560012817383,
      "precision": 1.0,
      "recall": 0.0,
      "f1_score": 0.0,
      "update_norm": 1.0898810625076294,
      "is_attacker": false
    },
    "13": {
      "accuracy": 0.5628809332847595,
      "test_loss": 2.138314962387085,
      "precision": 1.0,
      "recall": 0.0,
      "f1_score": 0.0,
      "update_norm": 1.0978425741195679,
      "is_attacker": false
    },
    "14": {
      "accuracy": 0.5656061172485352,
      "test_loss": 2.057685613632202,
      "precision": 1.0,
      "recall": 0.0,
      "f1_score": 0.0,
      "update_norm": 1.1004174947738647,
      "is_attacker": false
    },
    "15": {
      "accuracy": 0.556450605392456,
      "test_loss": 2.1122233867645264,
      "precision": 1.0,
      "recall": 0.0,
      "f1_score": 0.0,
      "update_norm": 1.1039878129959106,
      "is_attacker": false
    },
    "16": {
      "accuracy": 0.5644799470901489,
      "test_loss": 2.08764386177063,
      "precision": 1.0,
      "recall": 0.0,
      "f1_score": 0.0,
      "update_norm": 1.0972263813018799,
      "is_attacker": false
    },
    "17": {
      "accuracy": 0.5609208941459656,
      "test_loss": 2.0846753120422363,
      "precision": 1.0,
      "recall": 0.0,
      "f1_score": 0.0,
      "update_norm": 1.0962945222854614,
      "is_attacker": false
    },
    "18": {
      "accuracy": 0.5677639245986938,
      "test_loss": 2.093717098236084,
      "precision": 1.0,
      "recall": 0.0,
      "f1_score": 0.0,
      "update_norm": 1.1019116640090942,
      "is_attacker": false
    },
    "19": {
      "accuracy": 0.5603792667388916,
      "test_loss": 2.17221736907959,
      "precision": 1.0,
      "recall": 0.0,
      "f1_score": 0.0,
      "update_norm": 1.0988309383392334,
      "is_attacker": false
    },
    "20": {
      "accuracy": 0.565502941608429,
      "test_loss": 2.1211507320404053,
      "precision": 1.0,
      "recall": 0.0,
      "f1_score": 0.0,
      "update_norm": 1.0958822965621948,
      "is_attacker": false
    },
    "21": {
      "accuracy": 0.5620986223220825,
      "test_loss": 2.104948043823242,
      "precision": 1.0,
      "recall": 0.0,
      "f1_score": 0.0,
      "update_norm": 1.1020922660827637,
      "is_attacker": false
    },
    "22": {
      "accuracy": 0.5611014366149902,
      "test_loss": 2.103153705596924,
      "precision": 1.0,
      "recall": 0.0,
      "f1_score": 0.0,
      "update_norm": 1.10029137134552,
      "is_attacker": false
    },
    "23": {
      "accuracy": 0.561324954032898,
      "test_loss": 2.0811965465545654,
      "precision": 1.0,
      "recall": 0.0,
      "f1_score": 0.0,
      "update_norm": 1.1017674207687378,
      "is_attacker": false
    },
    "24": {
      "accuracy": 0.5594594478607178,
      "test_loss": 2.144817352294922,
      "precision": 1.0,
      "recall": 0.0,
      "f1_score": 0.0,
      "update_norm": 1.0944031476974487,
      "is_attacker": false
    },
    "25": {
      "accuracy": 0.5588060617446899,
      "test_loss": 2.1474976539611816,
      "precision": 1.0,
      "recall": 0.0,
      "f1_score": 0.0,
      "update_norm": 1.0981205701828003,
      "is_attacker": false
    },
    "26": {
      "accuracy": 0.5584020614624023,
      "test_loss": 2.12618350982666,
      "precision": 1.0,
      "recall": 0.0,
      "f1_score": 0.0,
      "update_norm": 1.0968161821365356,
      "is_attacker": false
    },
    "27": {
      "accuracy": 0.5611100196838379,
      "test_loss": 2.1184427738189697,
      "precision": 1.0,
      "recall": 0.0,
      "f1_score": 0.0,
      "update_norm": 1.0987731218338013,
      "is_attacker": false
    },
    "28": {
      "accuracy": 0.561152994632721,
      "test_loss": 2.131643533706665,
      "precision": 1.0,
      "recall": 0.0,
      "f1_score": 0.0,
      "update_norm": 1.096847414970398,
      "is_attacker": false
    },
    "29": {
      "accuracy": 0.5595712065696716,
      "test_loss": 2.0839874744415283,
      "precision": 1.0,
      "recall": 0.0,
      "f1_score": 0.0,
      "update_norm": 1.1012840270996094,
      "is_attacker": false
    },
    "30": {
      "accuracy": 0.5633193850517273,
      "test_loss": 2.1213018894195557,
      "precision": 1.0,
      "recall": 0.0,
      "f1_score": 0.0,
      "update_norm": 1.0963054895401,
      "is_attacker": false
    },
    "31": {
      "accuracy": 0.5644627213478088,
      "test_loss": 2.065609931945801,
      "precision": 1.0,
      "recall": 0.0,
      "f1_score": 0.0,
      "update_norm": 1.0964022874832153,
      "is_attacker": false
    },
    "32": {
      "accuracy": 0.5596657395362854,
      "test_loss": 2.132199764251709,
      "precision": 1.0,
      "recall": 0.0,
      "f1_score": 0.0,
      "update_norm": 1.0973241329193115,
      "is_attacker": false
    },
    "33": {
      "accuracy": 0.5626230239868164,
      "test_loss": 2.076378583908081,
      "precision": 1.0,
      "recall": 0.0,
      "f1_score": 0.0,
      "update_norm": 1.0980510711669922,
      "is_attacker": false
    },
    "34": {
      "accuracy": 0.5567514896392822,
      "test_loss": 2.1380157470703125,
      "precision": 1.0,
      "recall": 0.0,