{
  "round": 85,
  "nodes": {
    "0": {
      "accuracy": 0.47685325145721436,
      "test_loss": 3.272329807281494,
      "precision": 1.0,
      "recall": 0.0,
      "f1_score": 0.0,
      "update_norm": 1.1038779020309448,
      "is_attacker": true
    },
    "1": {
      "accuracy": 0.5246167778968811,
      "test_loss": 2.5867085456848145,
      "precision": 1.0,
      "recall": 0.0,
      "f1_score": 0.0,
      "update_norm": 1.102630853652954,
      "is_attacker": true
    },
    "2": {
      "accuracy": 0.5737988352775574,
      "test_loss": 2.0919253826141357,
      "precision": 1.0,
      "recall": 0.0,
      "f1_score": 0.0,
      "update_norm": 1.1015651226043701,
      "is_attacker": true
    },
    "3": {
      "accuracy": 0.5031507015228271,
      "test_loss": 2.6472785472869873,
      "precision": 1.0,
      "recall": 0.0,
      "f1_score": 0.0,
      "update_norm": 1.1041141748428345,
      "is_attacker": true
    },
    "4": {
      "accuracy": 0.4497992694377899,
      "test_loss": 3.15024733543396,
      "precision": 1.0,
      "recall": 0.0,
      "f1_score": 0.0,
      "update_norm": 1.1075751781463623,
      "is_attacker": true
    },
    "5": {
      "accuracy": 0.5753634572029114,
      "test_loss": 2.1195480823516846,
      "precision": 1.0,
      "recall": 0.0,
      "f1_score": 0.0,
      "update_norm": 1.0958839654922485,
      "is_attacker": false
    },
    "6": {
      "accuracy": 0.5788623094558716,
      "test_loss": 2.038743257522583,
      "precision": 1.0,
      "recall": 0.0,
      "f1_score": 0.0,
      "update_norm": 1.0970475673675537,
      "is_attacker": false
    },
    "7": {
      "accuracy": 0.5771601796150208,
      "test_loss": 2.0537221431732178,
      "precision": 1.0,
      "recall": 0.0,
      "f1_score": 0.0,
      "update_norm": 1.0993589162826538,
      "is_attacker": false
    },
    "8": {
      "accuracy": 0.5494614243507385,
      "test_loss": 2.3276195526123047,
      "precision": 1.0,
      "recall": 0.0,
      "f1_score": 0.0,
      "update_norm": 1.0998597145080566,
      "is_attacker": false
    },
    "9": {
      "accuracy": 0.579309344291687,
      "test_loss": 2.13932204246521,
      "precision": 1.0,
      "recall": 0.0,
      "f1_score": 0.0,
      "update_norm": 1.101910948753357,
      "is_attacker": false
    },
    "10": {
      "accuracy": 0.5784152746200562,
      "test_loss": 2.0757980346679688,
      "precision": 1.0,
      "recall": 0.0,
      "f1_score": 0.0,
      "update_norm": 1.0963441133499146,
      "is_attacker": false
    },
    "11": {
      "accuracy": 0.5767475366592407,
      "test_loss": 2.1724791526794434,
      "precision": 1.0,
      "recall": 0.0,
      "f1_score": 0.0,
      "update_norm": 1.1014165878295898,
      "is_attacker": false
    },
    "12": {
      "accuracy": 0.5778908729553223,
      "test_loss": 2.044431447982788,
      "precision": 1.0,
      "recall": 0.0,
      "f1_score": 0.0,
      "update_norm": 1.1049052476882935,
      "is_attacker": false
    },
    "13": {
      "accuracy": 0.5760511755943298,
      "test_loss": 2.110297203063965,
      "precision": 1.0,
      "recall": 0.0,
      "f1_score": 0.0,
      "update_norm": 1.093701958656311,
      "is_attacker": false
    },
    "14": {
      "accuracy": 0.5813467502593994,
      "test_loss": 2.0486204624176025,
      "precision": 1.0,
      "recall": 0.0,
      "f1_score": 0.0,
      "update_norm": 1.1004724502563477,
      "is_attacker": false
    },
    "15": {
      "accuracy": 0.5728617906570435,
      "test_loss": 2.0793135166168213,
      "precision": 1.0,
      "recall": 0.0,
      "f1_score": 0.0,
      "update_norm": 1.095643401145935,
      "is_attacker": false
    },
    "16": {
      "accuracy": 0.5791029930114746,
      "test_loss": 2.082101821899414,
      "precision": 1.0,
      "recall": 0.0,
      "f1_score": 0.0,
      "update_norm": 1.1035969257354736,
      "is_attacker": false
    },
    "17": {
      "accuracy": 0.5775384306907654,
      "test_loss": 2.04451322555542,
      "precision": 1.0,
      "recall": 0.0,
      "f1_score": 0.0,
      "update_norm": 1.0955841541290283,
      "is_attacker": false
    },
    "18": {
      "accuracy": 0.5793007612228394,
      "test_loss": 2.084268569946289,
      "precision": 1.0,
      "recall": 0.0,
      "f1_score": 0.0,
      "update_norm": 1.1022340059280396,
      "is_attacker": false
    },
    "19": {
      "accuracy": 0.5785528421401978,
      "test_loss": 2.1643145084381104,
      "precision": 1.0,
      "recall": 0.0,
      "f1_score": 0.0,
      "update_norm": 1.0981544256210327,
      "is_attacker": false
    },
    "20": {
      "accuracy": 0.5773836970329285,
      "test_loss": 2.138507604598999,
      "precision": 1.0,
      "recall": 0.0,
      "f1_score": 0.0,
      "update_norm": 1.100847840309143,
      "is_attacker": false
    },
    "21": {
      "accuracy": 0.5796617865562439,
      "test_loss": 2.070712089538574,
      "precision": 1.0,
      "recall": 0.0,
      "f1_score": 0.0,
      "update_norm": 1.100193977355957,
      "is_attacker": false
    },
    "22": {
      "accuracy": 0.5800314545631409,
      "test_loss": 2.061103582382202,
      "precision": 1.0,
      "recall": 0.0,
      "f1_score": 0.0,
      "update_norm": 1.0948758125305176,
      "is_attacker": false
    },
    "23": {
      "accuracy": 0.5799282789230347,
      "test_loss": 2.0444648265838623,
      "precision": 1.0,
      "recall": 0.0,
      "f1_score": 0.0,
      "update_norm": 1.0929725170135498,
      "is_attacker": false
    },
    "24": {
      "accuracy": 0.5745811462402344,
      "test_loss": 2.1266021728515625,
      "precision": 1.0,
      "recall": 0.0,
      "f1_score": 0.0,
      "update_norm": 1.0924819707870483,
      "is_attacker": false
    },
    "25": {
      "accuracy": 0.5759652256965637,
      "test_loss": 2.0946781635284424,
      "precision": 1.0,
      "recall": 0.0,
      "f1_score": 0.0,
      "update_norm": 1.0959197282791138,
      "is_attacker": false
    },
    "26": {
      "accuracy": 0.5728875398635864,
      "test_loss": 2.0782177448272705,
      "precision": 1.0,
      "recall": 0.0,
      "f1_score": 0.0,
      "update_norm": 1.0997707843780518,
      "is_attacker": false
    },
    "27": {
      "accuracy": 0.5748390555381775,
      "test_loss": 2.1237521171569824,
      "precision": 1.0,
      "recall": 0.0,
      "f1_score": 0.0,
      "update_norm": 1.101891040802002,
      "is_attacker": false
    },
    "28": {
      "accuracy": 0.5761027336120605,
      "test_loss": 2.1660315990448,
      "precision": 1.0,
      "recall": 0.0,
      "f1_score": 0.0,
      "update_norm": 1.0989505052566528,
      "is_attacker": false
    },
    "29": {
      "accuracy": 0.5772375464439392,
      "test_loss": 2.0806667804718018,
      "precision": 1.0,
      "recall": 0.0,
      "f1_score": 0.0,
      "update_norm": 1.096024513244629,
      "is_attacker": false
    },
    "30": {
      "accuracy": 0.5791717767715454,
      "test_loss": 2.0683817863464355,
      "precision": 1.0,
      "recall": 0.0,
      "f1_score": 0.0,
      "update_norm": 1.1011815071105957,
      "is_attacker": false
    },
    "31": {
      "accuracy": 0.5826534628868103,
      "test_loss": 1.992869257926941,
      "precision": 1.0,
      "recall": 0.0,
      "f1_score": 0.0,
      "update_norm": 1.0952231884002686,
      "is_attacker": false
    },
    "32": {
      "accuracy": 0.5744349956512451,
      "test_loss": 2.11112904548645,
      "precision": 1.0,
      "recall": 0.0,
      "f1_score": 0.0,
      "update_norm": 1.0993072986602783,
      "is_attacker": false
    },
    "33": {
      "accuracy": 0.5820345282554626,
      "test_loss": 2.0274338722229004,
      "precision": 1.0,
      "recall": 0.0,
      "f1_score": 0.0,
      "update_norm": 1.0987508296966553,
      "is_attacker": false
    },
    "34": {
      "accuracy": 0.5762832760810852,
      "test_loss": 2.106919765472412,
      "precision": 1.0,