{
  "round": 82,
  "nodes": {
    "0": {
      "accuracy": 0.48348134756088257,
      "test_loss": 3.065180778503418,
      "precision": 1.0,
      "recall": 0.0,
      "f1_score": 0.0,
      "update_norm": 1.1015841960906982,
      "is_attacker": true
    },
    "1": {
      "accuracy": 0.5309182405471802,
      "test_loss": 2.488128185272217,
      "precision": 1.0,
      "recall": 0.0,
      "f1_score": 0.0,
      "update_norm": 1.1004244089126587,
      "is_attacker": true
    },
    "2": {
      "accuracy": 0.5692167282104492,
      "test_loss": 2.101284980773926,
      "precision": 1.0,
      "recall": 0.0,
      "f1_score": 0.0,
      "update_norm": 1.0981550216674805,
      "is_attacker": true
    },
    "3": {
      "accuracy": 0.5051021575927734,
      "test_loss": 2.619320869445801,
      "precision": 1.0,
      "recall": 0.0,
      "f1_score": 0.0,
      "update_norm": 1.1060057878494263,
      "is_attacker": true
    },
    "4": {
      "accuracy": 0.4705260396003723,
      "test_loss": 2.920658826828003,
      "precision": 1.0,
      "recall": 0.0,
      "f1_score": 0.0,
      "update_norm": 1.1021652221679688,
      "is_attacker": true
    },
    "5": {
      "accuracy": 0.5771257877349854,
      "test_loss": 2.11407732963562,
      "precision": 1.0,
      "recall": 0.0,
      "f1_score": 0.0,
      "update_norm": 1.0962408781051636,
      "is_attacker": false
    },
    "6": {
      "accuracy": 0.5752344727516174,
      "test_loss": 2.0700137615203857,
      "precision": 1.0,
      "recall": 0.0,
      "f1_score": 0.0,
      "update_norm": 1.103102207183838,
      "is_attacker": false
    },
    "7": {
      "accuracy": 0.5740395188331604,
      "test_loss": 2.05499529838562,
      "precision": 1.0,
      "recall": 0.0,
      "f1_score": 0.0,
      "update_norm": 1.0972012281417847,
      "is_attacker": false
    },
    "8": {
      "accuracy": 0.5777275562286377,
      "test_loss": 2.0341506004333496,
      "precision": 1.0,
      "recall": 0.0,
      "f1_score": 0.0,
      "update_norm": 1.102973461151123,
      "is_attacker": false
    },
    "9": {
      "accuracy": 0.5684688091278076,
      "test_loss": 2.274522066116333,
      "precision": 1.0,
      "recall": 0.0,
      "f1_score": 0.0,
      "update_norm": 1.0977349281311035,
      "is_attacker": false
    },
    "10": {
      "accuracy": 0.5786129832267761,
      "test_loss": 2.0653324127197266,
      "precision": 1.0,
      "recall": 0.0,
      "f1_score": 0.0,
      "update_norm": 1.0970559120178223,
      "is_attacker": false
    },
    "11": {
      "accuracy": 0.5740481019020081,
      "test_loss": 2.1422274112701416,
      "precision": 1.0,
      "recall": 0.0,
      "f1_score": 0.0,
      "update_norm": 1.0971364974975586,
      "is_attacker": false
    },
    "12": {
      "accuracy": 0.5806934237480164,
      "test_loss": 2.0230956077575684,
      "precision": 1.0,
      "recall": 0.0,
      "f1_score": 0.0,
      "update_norm": 1.0977813005447388,
      "is_attacker": false
    },
    "13": {
      "accuracy": 0.5768592953681946,
      "test_loss": 2.099283218383789,
      "precision": 1.0,
      "recall": 0.0,
      "f1_score": 0.0,
      "update_norm": 1.1001861095428467,
      "is_attacker": false
    },
    "14": {
      "accuracy": 0.5786646008491516,
      "test_loss": 2.0537383556365967,
      "precision": 1.0,
      "recall": 0.0,
      "f1_score": 0.0,
      "update_norm": 1.0957379341125488,
      "is_attacker": false
    },
    "15": {
      "accuracy": 0.5688986778259277,
      "test_loss": 2.1139214038848877,
      "precision": 1.0,
      "recall": 0.0,
      "f1_score": 0.0,
      "update_norm": 1.0986130237579346,
      "is_attacker": false
    },
    "16": {
      "accuracy": 0.5768850445747375,
      "test_loss": 2.084097146987915,
      "precision": 1.0,
      "recall": 0.0,
      "f1_score": 0.0,
      "update_norm": 1.0991835594177246,
      "is_attacker": false
    },
    "17": {
      "accuracy": 0.5750195384025574,
      "test_loss": 2.0511183738708496,
      "precision": 1.0,
      "recall": 0.0,
      "f1_score": 0.0,
      "update_norm": 1.0973292589187622,
      "is_attacker": false
    },
    "18": {
      "accuracy": 0.5779252648353577,
      "test_loss": 2.0561110973358154,
      "precision": 1.0,
      "recall": 0.0,
      "f1_score": 0.0,
      "update_norm": 1.0983664989471436,
      "is_attacker": false
    },
    "19": {
      "accuracy": 0.5782519578933716,
      "test_loss": 2.1565613746643066,
      "precision": 1.0,
      "recall": 0.0,
      "f1_score": 0.0,
      "update_norm": 1.095852255821228,
      "is_attacker": false
    },
    "20": {
      "accuracy": 0.5759738087654114,
      "test_loss": 2.1080002784729004,
      "precision": 1.0,
      "recall": 0.0,
      "f1_score": 0.0,
      "update_norm": 1.0939781665802002,
      "is_attacker": false
    },
    "21": {
      "accuracy": 0.5756556987762451,
      "test_loss": 2.1117286682128906,
      "precision": 1.0,
      "recall": 0.0,
      "f1_score": 0.0,
      "update_norm": 1.103841781616211,
      "is_attacker": false
    },
    "22": {
      "accuracy": 0.5757761001586914,
      "test_loss": 2.076251745223999,
      "precision": 1.0,
      "recall": 0.0,
      "f1_score": 0.0,
      "update_norm": 1.0944455862045288,
      "is_attacker": false
    },
    "23": {
      "accuracy": 0.5760511755943298,
      "test_loss": 2.056825637817383,
      "precision": 1.0,
      "recall": 0.0,
      "f1_score": 0.0,
      "update_norm": 1.1000947952270508,
      "is_attacker": false
    },
    "24": {
      "accuracy": 0.5742286443710327,
      "test_loss": 2.0922014713287354,
      "precision": 1.0,
      "recall": 0.0,
      "f1_score": 0.0,
      "update_norm": 1.1003414392471313,
      "is_attacker": false
    },
    "25": {
      "accuracy": 0.5721482634544373,
      "test_loss": 2.13274884223938,
      "precision": 1.0,
      "recall": 0.0,
      "f1_score": 0.0,
      "update_norm": 1.0988856554031372,
      "is_attacker": false
    },
    "26": {
      "accuracy": 0.5744693875312805,
      "test_loss": 2.01706600189209,
      "precision": 1.0,
      "recall": 0.0,
      "f1_score": 0.0,
      "update_norm": 1.0967870950698853,
      "is_attacker": false
    },
    "27": {
      "accuracy": 0.5713573694229126,
      "test_loss": 2.128547191619873,
      "precision": 1.0,
      "recall": 0.0,
      "f1_score": 0.0,
      "update_norm": 1.0939749479293823,
      "is_attacker": false
    },
    "28": {
      "accuracy": 0.5744865536689758,
      "test_loss": 2.1397430896759033,
      "precision": 1.0,
      "recall": 0.0,
      "f1_score": 0.0,
      "update_norm": 1.0987178087234497,
      "is_attacker": false
    },
    "29": {
      "accuracy": 0.5759050250053406,
      "test_loss": 2.0519073009490967,
      "precision": 1.0,
      "recall": 0.0,
      "f1_score": 0.0,
      "update_norm": 1.1054133176803589,
      "is_attacker": false
    },
    "30": {
      "accuracy": 0.576524019241333,
      "test_loss": 2.0986275672912598,
      "precision": 1.0,
      "recall": 0.0,
      "f1_score": 0.0,
      "update_norm": 1.1009979248046875,
      "is_attacker": false
    },
    "31": {
      "accuracy": 0.5774438381195068,
      "test_loss": 2.0761361122131348,
      "precision": 1.0,
      "recall": 0.0,
      "f1_score": 0.0,
      "update_norm": 1.0997657775878906,
      "is_attacker": false
    },
    "32": {
      "accuracy": 0.573979377746582,
      "test_loss": 2.098018169403076,
      "precision": 1.0,
      "recall": 0.0,
      "f1_score": 0.0,
      "update_norm": 1.1031285524368286,
      "is_attacker": false
    },
    "33": {
      "accuracy": 0.57791668176651,
      "test_loss": 2.031217575073242,
      "precision": 1.0,
      "recall": 0.0,
      "f1_score": 0.0,
      "update_norm": 1.0952411890029907,
      "is_attacker": false
    },
    "34": {
      "accuracy": 0.5743232369422913,
      "test_loss": 2.0973644256591797,
      "precision": 1.0,