{
  "round": 25,
  "nodes": {
    "0": {
      "accuracy": 0.4964882433414459,
      "test_loss": 2.2012479305267334,
      "precision": 1.0,
      "recall": 0.0,
      "f1_score": 0.0,
      "update_norm": 1.0993343591690063,
      "is_attacker": true
    },
    "1": {
      "accuracy": 0.49978938698768616,
      "test_loss": 2.198162317276001,
      "precision": 1.0,
      "recall": 0.0,
      "f1_score": 0.0,
      "update_norm": 1.0939513444900513,
      "is_attacker": true
    },
    "2": {
      "accuracy": 0.49969482421875,
      "test_loss": 2.1958515644073486,
      "precision": 1.0,
      "recall": 0.0,
      "f1_score": 0.0,
      "update_norm": 1.1009539365768433,
      "is_attacker": true
    },
    "3": {
      "accuracy": 0.4944593906402588,
      "test_loss": 2.221586227416992,
      "precision": 1.0,
      "recall": 0.0,
      "f1_score": 0.0,
      "update_norm": 1.1011425256729126,
      "is_attacker": true
    },
    "4": {
      "accuracy": 0.49297216534614563,
      "test_loss": 2.216063976287842,
      "precision": 1.0,
      "recall": 0.0,
      "f1_score": 0.0,
      "update_norm": 1.1018266677856445,
      "is_attacker": true
    },
    "5": {
      "accuracy": 0.4875648021697998,
      "test_loss": 2.2812163829803467,
      "precision": 1.0,
      "recall": 0.0,
      "f1_score": 0.0,
      "update_norm": 1.0988909006118774,
      "is_attacker": false
    },
    "6": {
      "accuracy": 0.4925595223903656,
      "test_loss": 2.241285800933838,
      "precision": 1.0,
      "recall": 0.0,
      "f1_score": 0.0,
      "update_norm": 1.0980925559997559,
      "is_attacker": false
    },
    "7": {
      "accuracy": 0.49243056774139404,
      "test_loss": 2.2580153942108154,
      "precision": 1.0,
      "recall": 0.0,
      "f1_score": 0.0,
      "update_norm": 1.1005513668060303,
      "is_attacker": false
    },
    "8": {
      "accuracy": 0.4966687560081482,
      "test_loss": 2.2410919666290283,
      "precision": 1.0,
      "recall": 0.0,
      "f1_score": 0.0,
      "update_norm": 1.1025896072387695,
      "is_attacker": false
    },
    "9": {
      "accuracy": 0.49876636266708374,
      "test_loss": 2.27465558052063,
      "precision": 1.0,
      "recall": 0.0,
      "f1_score": 0.0,
      "update_norm": 1.105899453163147,
      "is_attacker": false
    },
    "10": {
      "accuracy": 0.5006060600280762,
      "test_loss": 2.2165164947509766,
      "precision": 1.0,
      "recall": 0.0,
      "f1_score": 0.0,
      "update_norm": 1.0938963890075684,
      "is_attacker": false
    },
    "11": {
      "accuracy": 0.49676331877708435,
      "test_loss": 2.2370407581329346,
      "precision": 1.0,
      "recall": 0.0,
      "f1_score": 0.0,
      "update_norm": 1.0944405794143677,
      "is_attacker": false
    },
    "12": {
      "accuracy": 0.49141615629196167,
      "test_loss": 2.218097686767578,
      "precision": 1.0,
      "recall": 0.0,
      "f1_score": 0.0,
      "update_norm": 1.0957027673721313,
      "is_attacker": false
    },
    "13": {
      "accuracy": 0.48918959498405457,
      "test_loss": 2.2663841247558594,
      "precision": 1.0,
      "recall": 0.0,
      "f1_score": 0.0,
      "update_norm": 1.1028566360473633,
      "is_attacker": false
    },
    "14": {
      "accuracy": 0.4992391765117645,
      "test_loss": 2.2371153831481934,
      "precision": 1.0,
      "recall": 0.0,
      "f1_score": 0.0,
      "update_norm": 1.0942013263702393,
      "is_attacker": false
    },
    "15": {
      "accuracy": 0.49090033769607544,
      "test_loss": 2.2477965354919434,
      "precision": 1.0,
      "recall": 0.0,
      "f1_score": 0.0,
      "update_norm": 1.097890853881836,
      "is_attacker": false
    },
    "16": {
      "accuracy": 0.49907585978507996,
      "test_loss": 2.2649476528167725,
      "precision": 1.0,
      "recall": 0.0,
      "f1_score": 0.0,
      "update_norm": 1.0964772701263428,
      "is_attacker": false
    },
    "17": {
      "accuracy": 0.4910464882850647,
      "test_loss": 2.233207941055298,
      "precision": 1.0,
      "recall": 0.0,
      "f1_score": 0.0,
      "update_norm": 1.0993435382843018,
      "is_attacker": false
    },
    "18": {
      "accuracy": 0.49220705032348633,
      "test_loss": 2.2369468212127686,
      "precision": 1.0,
      "recall": 0.0,
      "f1_score": 0.0,
      "update_norm": 1.1015673875808716,
      "is_attacker": false
    },
    "19": {
      "accuracy": 0.49084874987602234,
      "test_loss": 2.264897108078003,
      "precision": 1.0,
      "recall": 0.0,
      "f1_score": 0.0,
      "update_norm": 1.0973762273788452,
      "is_attacker": false
    },
    "20": {
      "accuracy": 0.5002707839012146,
      "test_loss": 2.2128231525421143,
      "precision": 1.0,
      "recall": 0.0,
      "f1_score": 0.0,
      "update_norm": 1.1039702892303467,
      "is_attacker": false
    },
    "21": {
      "accuracy": 0.49800124764442444,
      "test_loss": 2.2223219871520996,
      "precision": 1.0,
      "recall": 0.0,
      "f1_score": 0.0,
      "update_norm": 1.1005381345748901,
      "is_attacker": false
    },
    "22": {
      "accuracy": 0.4923360049724579,
      "test_loss": 2.2626471519470215,
      "precision": 1.0,
      "recall": 0.0,
      "f1_score": 0.0,
      "update_norm": 1.0989245176315308,
      "is_attacker": false
    },
    "23": {
      "accuracy": 0.491235613822937,
      "test_loss": 2.2436976432800293,
      "precision": 1.0,
      "recall": 0.0,
      "f1_score": 0.0,
      "update_norm": 1.1001403331756592,
      "is_attacker": false
    },
    "24": {
      "accuracy": 0.4956973195075989,
      "test_loss": 2.2503225803375244,
      "precision": 1.0,
      "recall": 0.0,
      "f1_score": 0.0,
      "update_norm": 1.1046477556228638,
      "is_attacker": false
    },
    "25": {
      "accuracy": 0.4916396737098694,
      "test_loss": 2.2528176307678223,
      "precision": 1.0,
      "recall": 0.0,
      "f1_score": 0.0,
      "update_norm": 1.1004838943481445,
      "is_attacker": false
    },
    "26": {
      "accuracy": 0.4943218529224396,
      "test_loss": 2.2474422454833984,
      "precision": 1.0,
      "recall": 0.0,
      "f1_score": 0.0,
      "update_norm": 1.0960198640823364,
      "is_attacker": false
    },
    "27": {
      "accuracy": 0.4885190427303314,
      "test_loss": 2.2254536151885986,
      "precision": 1.0,
      "recall": 0.0,
      "f1_score": 0.0,
      "update_norm": 1.0925430059432983,
      "is_attacker": false
    },
    "28": {
      "accuracy": 0.49977219104766846,
      "test_loss": 2.2205440998077393,
      "precision": 1.0,
      "recall": 0.0,
      "f1_score": 0.0,
      "update_norm": 1.1002637147903442,
      "is_attacker": false
    },
    "29": {
      "accuracy": 0.4932386577129364,
      "test_loss": 2.240163803100586,
      "precision": 1.0,
      "recall": 0.0,
      "f1_score": 0.0,
      "update_norm": 1.097827434539795,
      "is_attacker": false
    },
    "30": {
      "accuracy": 0.49858585000038147,
      "test_loss": 2.204967498779297,
      "precision": 1.0,
      "recall": 0.0,
      "f1_score": 0.0,
      "update_norm": 1.0983331203460693,
      "is_attacker": false
    },
    "31": {
      "accuracy": 0.4955511689186096,
      "test_loss": 2.223140239715576,
      "precision": 1.0,
      "recall": 0.0,
      "f1_score": 0.0,
      "update_norm": 1.101222276687622,
      "is_attacker": false
    },
    "32": {
      "accuracy": 0.4915021061897278,
      "test_loss": 2.259916067123413,
      "precision": 1.0,
      "recall": 0.0,
      "f1_score": 0.0,
      "update_norm": 1.0983116626739502,
      "is_attacker": false
    },
    "33": {
      "accuracy": 0.49538785219192505,
      "test_loss": 2.2429420948028564,
      "precision": 1.0,
      "recall": 0.0,
      "f1_score": 0.0,
      "update_norm": 1.095763087272644,
      "is_attacker": false
    },
    "34": {
      "accuracy": 0.4885362386703491,
      "test_loss": 2.247117042541504,