{
  "round": 61,
  "nodes": {
    "0": {
      "accuracy": 0.5144296288490295,
      "test_loss": 2.451439619064331,
      "precision": 1.0,
      "recall": 0.0,
      "f1_score": 0.0,
      "update_norm": 1.0983494520187378,
      "is_attacker": true
    },
    "1": {
      "accuracy": 0.5334886312484741,
      "test_loss": 2.306018352508545,
      "precision": 1.0,
      "recall": 0.0,
      "f1_score": 0.0,
      "update_norm": 1.0995184183120728,
      "is_attacker": true
    },
    "2": {
      "accuracy": 0.5546968579292297,
      "test_loss": 2.0885159969329834,
      "precision": 1.0,
      "recall": 0.0,
      "f1_score": 0.0,
      "update_norm": 1.09816575050354,
      "is_attacker": true
    },
    "3": {
      "accuracy": 0.5151861906051636,
      "test_loss": 2.3802871704101562,
      "precision": 1.0,
      "recall": 0.0,
      "f1_score": 0.0,
      "update_norm": 1.0995845794677734,
      "is_attacker": true
    },
    "4": {
      "accuracy": 0.5064604878425598,
      "test_loss": 2.4605295658111572,
      "precision": 1.0,
      "recall": 0.0,
      "f1_score": 0.0,
      "update_norm": 1.1029936075210571,
      "is_attacker": true
    },
    "5": {
      "accuracy": 0.5544475317001343,
      "test_loss": 2.121941089630127,
      "precision": 1.0,
      "recall": 0.0,
      "f1_score": 0.0,
      "update_norm": 1.1025030612945557,
      "is_attacker": false
    },
    "6": {
      "accuracy": 0.5593820810317993,
      "test_loss": 2.11755108833313,
      "precision": 1.0,
      "recall": 0.0,
      "f1_score": 0.0,
      "update_norm": 1.1037530899047852,
      "is_attacker": false
    },
    "7": {
      "accuracy": 0.5398760437965393,
      "test_loss": 2.2780747413635254,
      "precision": 1.0,
      "recall": 0.0,
      "f1_score": 0.0,
      "update_norm": 1.0986049175262451,
      "is_attacker": false
    },
    "8": {
      "accuracy": 0.5589092373847961,
      "test_loss": 2.0780465602874756,
      "precision": 1.0,
      "recall": 0.0,
      "f1_score": 0.0,
      "update_norm": 1.0982242822647095,
      "is_attacker": false
    },
    "9": {
      "accuracy": 0.5605340600013733,
      "test_loss": 2.1854004859924316,
      "precision": 1.0,
      "recall": 0.0,
      "f1_score": 0.0,
      "update_norm": 1.0968276262283325,
      "is_attacker": false
    },
    "10": {
      "accuracy": 0.5600612163543701,
      "test_loss": 2.107506275177002,
      "precision": 1.0,
      "recall": 0.0,
      "f1_score": 0.0,
      "update_norm": 1.0982534885406494,
      "is_attacker": false
    },
    "11": {
      "accuracy": 0.5557714104652405,
      "test_loss": 2.130359649658203,
      "precision": 1.0,
      "recall": 0.0,
      "f1_score": 0.0,
      "update_norm": 1.0941035747528076,
      "is_attacker": false
    },
    "12": {
      "accuracy": 0.5622103810310364,
      "test_loss": 2.0495474338531494,
      "precision": 1.0,
      "recall": 0.0,
      "f1_score": 0.0,
      "update_norm": 1.095450520515442,
      "is_attacker": false
    },
    "13": {
      "accuracy": 0.5608349442481995,
      "test_loss": 2.1558704376220703,
      "precision": 1.0,
      "recall": 0.0,
      "f1_score": 0.0,
      "update_norm": 1.100274920463562,
      "is_attacker": false
    },
    "14": {
      "accuracy": 0.5596571564674377,
      "test_loss": 2.094064235687256,
      "precision": 1.0,
      "recall": 0.0,
      "f1_score": 0.0,
      "update_norm": 1.0995393991470337,
      "is_attacker": false
    },
    "15": {
      "accuracy": 0.5488080382347107,
      "test_loss": 2.131575345993042,
      "precision": 1.0,
      "recall": 0.0,
      "f1_score": 0.0,
      "update_norm": 1.0978922843933105,
      "is_attacker": false
    },
    "16": {
      "accuracy": 0.5618063807487488,
      "test_loss": 2.078274726867676,
      "precision": 1.0,
      "recall": 0.0,
      "f1_score": 0.0,
      "update_norm": 1.0978270769119263,
      "is_attacker": false
    },
    "17": {
      "accuracy": 0.5569233894348145,
      "test_loss": 2.0854110717773438,
      "precision": 1.0,
      "recall": 0.0,
      "f1_score": 0.0,
      "update_norm": 1.0943852663040161,
      "is_attacker": false
    },
    "18": {
      "accuracy": 0.5606801509857178,
      "test_loss": 2.0913538932800293,
      "precision": 1.0,
      "recall": 0.0,
      "f1_score": 0.0,
      "update_norm": 1.1019138097763062,
      "is_attacker": false
    },
    "19": {
      "accuracy": 0.5557284355163574,
      "test_loss": 2.1795871257781982,
      "precision": 1.0,
      "recall": 0.0,
      "f1_score": 0.0,
      "update_norm": 1.0993800163269043,
      "is_attacker": false
    },
    "20": {
      "accuracy": 0.5625370740890503,
      "test_loss": 2.098996639251709,
      "precision": 1.0,
      "recall": 0.0,
      "f1_score": 0.0,
      "update_norm": 1.107229232788086,
      "is_attacker": false
    },
    "21": {
      "accuracy": 0.5575079917907715,
      "test_loss": 2.1124014854431152,
      "precision": 1.0,
      "recall": 0.0,
      "f1_score": 0.0,
      "update_norm": 1.1033469438552856,
      "is_attacker": false
    },
    "22": {
      "accuracy": 0.5562270879745483,
      "test_loss": 2.1064743995666504,
      "precision": 1.0,
      "recall": 0.0,
      "f1_score": 0.0,
      "update_norm": 1.0995935201644897,
      "is_attacker": false
    },
    "23": {
      "accuracy": 0.5560465455055237,
      "test_loss": 2.126516580581665,
      "precision": 1.0,
      "recall": 0.0,
      "f1_score": 0.0,
      "update_norm": 1.1021697521209717,
      "is_attacker": false
    },
    "24": {
      "accuracy": 0.5566912889480591,
      "test_loss": 2.162146806716919,
      "precision": 1.0,
      "recall": 0.0,
      "f1_score": 0.0,
      "update_norm": 1.0980985164642334,
      "is_attacker": false
    },
    "25": {
      "accuracy": 0.5544819235801697,
      "test_loss": 2.13157057762146,
      "precision": 1.0,
      "recall": 0.0,
      "f1_score": 0.0,
      "update_norm": 1.0955398082733154,
      "is_attacker": false
    },
    "26": {
      "accuracy": 0.5512753129005432,
      "test_loss": 2.1388096809387207,
      "precision": 1.0,
      "recall": 0.0,
      "f1_score": 0.0,
      "update_norm": 1.099709391593933,
      "is_attacker": false
    },
    "27": {
      "accuracy": 0.5565709471702576,
      "test_loss": 2.1270623207092285,
      "precision": 1.0,
      "recall": 0.0,
      "f1_score": 0.0,
      "update_norm": 1.0963220596313477,
      "is_attacker": false
    },
    "28": {
      "accuracy": 0.5574219822883606,
      "test_loss": 2.197964906692505,
      "precision": 1.0,
      "recall": 0.0,
      "f1_score": 0.0,
      "update_norm": 1.0971155166625977,
      "is_attacker": false
    },
    "29": {
      "accuracy": 0.556106686592102,
      "test_loss": 2.091661214828491,
      "precision": 1.0,
      "recall": 0.0,
      "f1_score": 0.0,
      "update_norm": 1.0958458185195923,
      "is_attacker": false
    },
    "30": {
      "accuracy": 0.5566912889480591,
      "test_loss": 2.103170394897461,
      "precision": 1.0,
      "recall": 0.0,
      "f1_score": 0.0,
      "update_norm": 1.0976512432098389,
      "is_attacker": false
    },
    "31": {
      "accuracy": 0.5604050755500793,
      "test_loss": 2.071378707885742,
      "precision": 1.0,
      "recall": 0.0,
      "f1_score": 0.0,
      "update_norm": 1.093971610069275,
      "is_attacker": false
    },
    "32": {
      "accuracy": 0.5559262037277222,
      "test_loss": 2.1342782974243164,
      "precision": 1.0,
      "recall": 0.0,
      "f1_score": 0.0,
      "update_norm": 1.0991697311401367,
      "is_attacker": false
    },
    "33": {
      "accuracy": 0.5585825443267822,
      "test_loss": 2.0818657875061035,
      "precision": 1.0,
      "recall": 0.0,
      "f1_score": 0.0,
      "update_norm": 1.1015281677246094,
      "is_attacker": false
    },
    "34": {
      "accuracy": 0.5548171997070312,
      "test_loss": 2.1023149490356445,
      "precision": 1.0,