{
  "round": 97,
  "nodes": {
    "0": {
      "accuracy": 0.44752973318099976,
      "test_loss": 3.9155919551849365,
      "precision": 1.0,
      "recall": 0.0,
      "f1_score": 0.0,
      "update_norm": 1.110653042793274,
      "is_attacker": true
    },
    "1": {
      "accuracy": 0.4997979700565338,
      "test_loss": 2.9311320781707764,
      "precision": 1.0,
      "recall": 0.0,
      "f1_score": 0.0,
      "update_norm": 1.1047824621200562,
      "is_attacker": true
    },
    "2": {
      "accuracy": 0.5730423331260681,
      "test_loss": 2.121048927307129,
      "precision": 1.0,
      "recall": 0.0,
      "f1_score": 0.0,
      "update_norm": 1.1004024744033813,
      "is_attacker": true
    },
    "3": {
      "accuracy": 0.412609726190567,
      "test_loss": 3.7202188968658447,
      "precision": 1.0,
      "recall": 0.0,
      "f1_score": 0.0,
      "update_norm": 1.1082178354263306,
      "is_attacker": true
    },
    "4": {
      "accuracy": 0.32628974318504333,
      "test_loss": 4.739626884460449,
      "precision": 1.0,
      "recall": 0.0,
      "f1_score": 0.0,
      "update_norm": 1.1147828102111816,
      "is_attacker": true
    },
    "5": {
      "accuracy": 0.5866939425468445,
      "test_loss": 2.0292246341705322,
      "precision": 1.0,
      "recall": 0.0,
      "f1_score": 0.0,
      "update_norm": 1.0964947938919067,
      "is_attacker": false
    },
    "6": {
      "accuracy": 0.5684774518013,
      "test_loss": 2.205490827560425,
      "precision": 1.0,
      "recall": 0.0,
      "f1_score": 0.0,
      "update_norm": 1.1007359027862549,
      "is_attacker": false
    },
    "7": {
      "accuracy": 0.44507965445518494,
      "test_loss": 4.091569900512695,
      "precision": 1.0,
      "recall": 0.0,
      "f1_score": 0.0,
      "update_norm": 1.1024726629257202,
      "is_attacker": false
    },
    "8": {
      "accuracy": 0.5699732899665833,
      "test_loss": 2.2046585083007812,
      "precision": 1.0,
      "recall": 0.0,
      "f1_score": 0.0,
      "update_norm": 1.102260708808899,
      "is_attacker": false
    },
    "9": {
      "accuracy": 0.5876567959785461,
      "test_loss": 2.114567756652832,
      "precision": 1.0,
      "recall": 0.0,
      "f1_score": 0.0,
      "update_norm": 1.0994938611984253,
      "is_attacker": false
    },
    "10": {
      "accuracy": 0.5801861882209778,
      "test_loss": 2.1081674098968506,
      "precision": 1.0,
      "recall": 0.0,
      "f1_score": 0.0,
      "update_norm": 1.0997533798217773,
      "is_attacker": false
    },
    "11": {
      "accuracy": 0.550561785697937,
      "test_loss": 2.4222543239593506,
      "precision": 1.0,
      "recall": 0.0,
      "f1_score": 0.0,
      "update_norm": 1.0953987836837769,
      "is_attacker": false
    },
    "12": {
      "accuracy": 0.5895050764083862,
      "test_loss": 2.0129449367523193,
      "precision": 1.0,
      "recall": 0.0,
      "f1_score": 0.0,
      "update_norm": 1.1041958332061768,
      "is_attacker": false
    },
    "13": {
      "accuracy": 0.5855591893196106,
      "test_loss": 2.091295003890991,
      "precision": 1.0,
      "recall": 0.0,
      "f1_score": 0.0,
      "update_norm": 1.1044416427612305,
      "is_attacker": false
    },
    "14": {
      "accuracy": 0.5849574208259583,
      "test_loss": 2.084730863571167,
      "precision": 1.0,
      "recall": 0.0,
      "f1_score": 0.0,
      "update_norm": 1.1043606996536255,
      "is_attacker": false
    },
    "15": {
      "accuracy": 0.5792491436004639,
      "test_loss": 2.0576932430267334,
      "precision": 1.0,
      "recall": 0.0,
      "f1_score": 0.0,
      "update_norm": 1.0977710485458374,
      "is_attacker": false
    },
    "16": {
      "accuracy": 0.5874590873718262,
      "test_loss": 1.9670419692993164,
      "precision": 1.0,
      "recall": 0.0,
      "f1_score": 0.0,
      "update_norm": 1.1008684635162354,
      "is_attacker": false
    },
    "17": {
      "accuracy": 0.5859976410865784,
      "test_loss": 2.028604507446289,
      "precision": 1.0,
      "recall": 0.0,
      "f1_score": 0.0,
      "update_norm": 1.098604679107666,
      "is_attacker": false
    },
    "18": {
      "accuracy": 0.5881983637809753,
      "test_loss": 2.0785722732543945,
      "precision": 1.0,
      "recall": 0.0,
      "f1_score": 0.0,
      "update_norm": 1.0959510803222656,
      "is_attacker": false
    },
    "19": {
      "accuracy": 0.5842610597610474,
      "test_loss": 2.121135950088501,
      "precision": 1.0,
      "recall": 0.0,
      "f1_score": 0.0,
      "update_norm": 1.096787691116333,
      "is_attacker": false
    },
    "20": {
      "accuracy": 0.5873816609382629,
      "test_loss": 2.0582356452941895,
      "precision": 1.0,
      "recall": 0.0,
      "f1_score": 0.0,
      "update_norm": 1.0982521772384644,
      "is_attacker": false
    },
    "21": {
      "accuracy": 0.5885422229766846,
      "test_loss": 2.059877872467041,
      "precision": 1.0,
      "recall": 0.0,
      "f1_score": 0.0,
      "update_norm": 1.1003228425979614,
      "is_attacker": false
    },
    "22": {
      "accuracy": 0.5878286957740784,
      "test_loss": 2.039456844329834,
      "precision": 1.0,
      "recall": 0.0,
      "f1_score": 0.0,
      "update_norm": 1.1044621467590332,
      "is_attacker": false
    },
    "23": {
      "accuracy": 0.5858428478240967,
      "test_loss": 2.0396695137023926,
      "precision": 1.0,
      "recall": 0.0,
      "f1_score": 0.0,
      "update_norm": 1.0987755060195923,
      "is_attacker": false
    },
    "24": {
      "accuracy": 0.5848456621170044,
      "test_loss": 2.17813777923584,
      "precision": 1.0,
      "recall": 0.0,
      "f1_score": 0.0,
      "update_norm": 1.099339246749878,
      "is_attacker": false
    },
    "25": {
      "accuracy": 0.5859288573265076,
      "test_loss": 2.111447334289551,
      "precision": 1.0,
      "recall": 0.0,
      "f1_score": 0.0,
      "update_norm": 1.0980530977249146,
      "is_attacker": false
    },
    "26": {
      "accuracy": 0.5803495645523071,
      "test_loss": 2.026982307434082,
      "precision": 1.0,
      "recall": 0.0,
      "f1_score": 0.0,
      "update_norm": 1.0960901975631714,
      "is_attacker": false
    },
    "27": {
      "accuracy": 0.5832552313804626,
      "test_loss": 2.0727105140686035,
      "precision": 1.0,
      "recall": 0.0,
      "f1_score": 0.0,
      "update_norm": 1.1001887321472168,
      "is_attacker": false
    },
    "28": {
      "accuracy": 0.5859804153442383,
      "test_loss": 2.103560447692871,
      "precision": 1.0,
      "recall": 0.0,
      "f1_score": 0.0,
      "update_norm": 1.0977916717529297,
      "is_attacker": false
    },
    "29": {
      "accuracy": 0.5848886370658875,
      "test_loss": 2.0382516384124756,
      "precision": 1.0,
      "recall": 0.0,
      "f1_score": 0.0,
      "update_norm": 1.0971266031265259,
      "is_attacker": false
    },
    "30": {
      "accuracy": 0.5861781239509583,
      "test_loss": 2.0636441707611084,
      "precision": 1.0,
      "recall": 0.0,
      "f1_score": 0.0,
      "update_norm": 1.095964789390564,
      "is_attacker": false
    },
    "31": {
      "accuracy": 0.5888603329658508,
      "test_loss": 2.0278093814849854,
      "precision": 1.0,
      "recall": 0.0,
      "f1_score": 0.0,
      "update_norm": 1.09718918800354,
      "is_attacker": false
    },
    "32": {
      "accuracy": 0.5826706886291504,
      "test_loss": 2.089559316635132,
      "precision": 1.0,
      "recall": 0.0,
      "f1_score": 0.0,
      "update_norm": 1.1048533916473389,
      "is_attacker": false
    },
    "33": {
      "accuracy": 0.5905452966690063,
      "test_loss": 2.0214548110961914,
      "precision": 1.0,
      "recall": 0.0,
      "f1_score": 0.0,
      "update_norm": 1.0958786010742188,
      "is_attacker": false
    },
    "34": {
      "accuracy": 0.5876653790473938,
      "test_loss": 2.0142886638641357,
      "precision": 1.0,