{
  "round": 47,
  "nodes": {
    "0": {
      "accuracy": 0.5238001346588135,
      "test_loss": 2.271625518798828,
      "precision": 1.0,
      "recall": 0.0,
      "f1_score": 0.0,
      "update_norm": 1.1001505851745605,
      "is_attacker": true
    },
    "1": {
      "accuracy": 0.5327235460281372,
      "test_loss": 2.213542938232422,
      "precision": 1.0,
      "recall": 0.0,
      "f1_score": 0.0,
      "update_norm": 1.0979551076889038,
      "is_attacker": true
    },
    "2": {
      "accuracy": 0.5403832197189331,
      "test_loss": 2.136540651321411,
      "precision": 1.0,
      "recall": 0.0,
      "f1_score": 0.0,
      "update_norm": 1.0999265909194946,
      "is_attacker": true
    },
    "3": {
      "accuracy": 0.5176018476486206,
      "test_loss": 2.2752833366394043,
      "precision": 1.0,
      "recall": 0.0,
      "f1_score": 0.0,
      "update_norm": 1.1019337177276611,
      "is_attacker": true
    },
    "4": {
      "accuracy": 0.5151088237762451,
      "test_loss": 2.2864856719970703,
      "precision": 1.0,
      "recall": 0.0,
      "f1_score": 0.0,
      "update_norm": 1.0962194204330444,
      "is_attacker": true
    },
    "5": {
      "accuracy": 0.5356722474098206,
      "test_loss": 2.142207145690918,
      "precision": 1.0,
      "recall": 0.0,
      "f1_score": 0.0,
      "update_norm": 1.0999456644058228,
      "is_attacker": false
    },
    "6": {
      "accuracy": 0.5407184958457947,
      "test_loss": 2.1265690326690674,
      "precision": 1.0,
      "recall": 0.0,
      "f1_score": 0.0,
      "update_norm": 1.0950669050216675,
      "is_attacker": false
    },
    "7": {
      "accuracy": 0.5373485684394836,
      "test_loss": 2.2103078365325928,
      "precision": 1.0,
      "recall": 0.0,
      "f1_score": 0.0,
      "update_norm": 1.09717857837677,
      "is_attacker": false
    },
    "8": {
      "accuracy": 0.5402714610099792,
      "test_loss": 2.125769853591919,
      "precision": 1.0,
      "recall": 0.0,
      "f1_score": 0.0,
      "update_norm": 1.0944581031799316,
      "is_attacker": false
    },
    "9": {
      "accuracy": 0.5474669933319092,
      "test_loss": 2.1848320960998535,
      "precision": 1.0,
      "recall": 0.0,
      "f1_score": 0.0,
      "update_norm": 1.0943024158477783,
      "is_attacker": false
    },
    "10": {
      "accuracy": 0.5416039824485779,
      "test_loss": 2.167799949645996,
      "precision": 1.0,
      "recall": 0.0,
      "f1_score": 0.0,
      "update_norm": 1.0989028215408325,
      "is_attacker": false
    },
    "11": {
      "accuracy": 0.5435640215873718,
      "test_loss": 2.158735990524292,
      "precision": 1.0,
      "recall": 0.0,
      "f1_score": 0.0,
      "update_norm": 1.098265290260315,
      "is_attacker": false
    },
    "12": {
      "accuracy": 0.5388530492782593,
      "test_loss": 2.13662052154541,
      "precision": 1.0,
      "recall": 0.0,
      "f1_score": 0.0,
      "update_norm": 1.0992881059646606,
      "is_attacker": false
    },
    "13": {
      "accuracy": 0.5429365038871765,
      "test_loss": 2.168006420135498,
      "precision": 1.0,
      "recall": 0.0,
      "f1_score": 0.0,
      "update_norm": 1.1001497507095337,
      "is_attacker": false
    },
    "14": {
      "accuracy": 0.5423089265823364,
      "test_loss": 2.1194205284118652,
      "precision": 1.0,
      "recall": 0.0,
      "f1_score": 0.0,
      "update_norm": 1.0944888591766357,
      "is_attacker": false
    },
    "15": {
      "accuracy": 0.537511944770813,
      "test_loss": 2.159970760345459,
      "precision": 1.0,
      "recall": 0.0,
      "f1_score": 0.0,
      "update_norm": 1.095599889755249,
      "is_attacker": false
    },
    "16": {
      "accuracy": 0.5463751554489136,
      "test_loss": 2.1264922618865967,
      "precision": 1.0,
      "recall": 0.0,
      "f1_score": 0.0,
      "update_norm": 1.0988290309906006,
      "is_attacker": false
    },
    "17": {
      "accuracy": 0.540881872177124,
      "test_loss": 2.1480345726013184,
      "precision": 1.0,
      "recall": 0.0,
      "f1_score": 0.0,
      "update_norm": 1.0945125818252563,
      "is_attacker": false
    },
    "18": {
      "accuracy": 0.547234833240509,
      "test_loss": 2.1167914867401123,
      "precision": 1.0,
      "recall": 0.0,
      "f1_score": 0.0,
      "update_norm": 1.0965313911437988,
      "is_attacker": false
    },
    "19": {
      "accuracy": 0.5402886867523193,
      "test_loss": 2.194636583328247,
      "precision": 1.0,
      "recall": 0.0,
      "f1_score": 0.0,
      "update_norm": 1.1008373498916626,
      "is_attacker": false
    },
    "20": {
      "accuracy": 0.5450426936149597,
      "test_loss": 2.1355762481689453,
      "precision": 1.0,
      "recall": 0.0,
      "f1_score": 0.0,
      "update_norm": 1.098661184310913,
      "is_attacker": false
    },
    "21": {
      "accuracy": 0.5408302545547485,
      "test_loss": 2.1423046588897705,
      "precision": 1.0,
      "recall": 0.0,
      "f1_score": 0.0,
      "update_norm": 1.0992436408996582,
      "is_attacker": false
    },
    "22": {
      "accuracy": 0.5383543968200684,
      "test_loss": 2.1353166103363037,
      "precision": 1.0,
      "recall": 0.0,
      "f1_score": 0.0,
      "update_norm": 1.0995869636535645,
      "is_attacker": false
    },
    "23": {
      "accuracy": 0.5415008068084717,
      "test_loss": 2.138145685195923,
      "precision": 1.0,
      "recall": 0.0,
      "f1_score": 0.0,
      "update_norm": 1.0987814664840698,
      "is_attacker": false
    },
    "24": {
      "accuracy": 0.5417587161064148,
      "test_loss": 2.1888604164123535,
      "precision": 1.0,
      "recall": 0.0,
      "f1_score": 0.0,
      "update_norm": 1.1011178493499756,
      "is_attacker": false
    },
    "25": {
      "accuracy": 0.539901852607727,
      "test_loss": 2.17745304107666,
      "precision": 1.0,
      "recall": 0.0,
      "f1_score": 0.0,
      "update_norm": 1.09812593460083,
      "is_attacker": false
    },
    "26": {
      "accuracy": 0.5368499755859375,
      "test_loss": 2.1514973640441895,
      "precision": 1.0,
      "recall": 0.0,
      "f1_score": 0.0,
      "update_norm": 1.103936791419983,
      "is_attacker": false
    },
    "27": {
      "accuracy": 0.5357925891876221,
      "test_loss": 2.138787269592285,
      "precision": 1.0,
      "recall": 0.0,
      "f1_score": 0.0,
      "update_norm": 1.098024845123291,
      "is_attacker": false
    },
    "28": {
      "accuracy": 0.5429365038871765,
      "test_loss": 2.1866166591644287,
      "precision": 1.0,
      "recall": 0.0,
      "f1_score": 0.0,
      "update_norm": 1.1005491018295288,
      "is_attacker": false
    },
    "29": {
      "accuracy": 0.5401940941810608,
      "test_loss": 2.1297693252563477,
      "precision": 1.0,
      "recall": 0.0,
      "f1_score": 0.0,
      "update_norm": 1.0990477800369263,
      "is_attacker": false
    },
    "30": {
      "accuracy": 0.5404004454612732,
      "test_loss": 2.1646034717559814,
      "precision": 1.0,
      "recall": 0.0,
      "f1_score": 0.0,
      "update_norm": 1.1005373001098633,
      "is_attacker": false
    },
    "31": {
      "accuracy": 0.5393086671829224,
      "test_loss": 2.1359739303588867,
      "precision": 1.0,
      "recall": 0.0,
      "f1_score": 0.0,
      "update_norm": 1.0954809188842773,
      "is_attacker": false
    },
    "32": {
      "accuracy": 0.5401425361633301,
      "test_loss": 2.1290500164031982,
      "precision": 1.0,
      "recall": 0.0,
      "f1_score": 0.0,
      "update_norm": 1.0996885299682617,
      "is_attacker": false
    },
    "33": {
      "accuracy": 0.5427989363670349,
      "test_loss": 2.0995819568634033,
      "precision": 1.0,
      "recall": 0.0,
      "f1_score": 0.0,
      "update_norm": 1.0978748798370361,
      "is_attacker": false
    },
    "34": {
      "accuracy": 0.536531925201416,
      "test_loss": 2.1394872665405273,
      "precision": 1.0,