{
  "round": 92,
  "nodes": {
    "0": {
      "accuracy": 0.4561522603034973,
      "test_loss": 3.676358699798584,
      "precision": 1.0,
      "recall": 0.0,
      "f1_score": 0.0,
      "update_norm": 1.1084327697753906,
      "is_attacker": true
    },
    "1": {
      "accuracy": 0.5020159482955933,
      "test_loss": 2.8758227825164795,
      "precision": 1.0,
      "recall": 0.0,
      "f1_score": 0.0,
      "update_norm": 1.102037787437439,
      "is_attacker": true
    },
    "2": {
      "accuracy": 0.5749937891960144,
      "test_loss": 2.14654803276062,
      "precision": 1.0,
      "recall": 0.0,
      "f1_score": 0.0,
      "update_norm": 1.097163200378418,
      "is_attacker": true
    },
    "3": {
      "accuracy": 0.47321683168411255,
      "test_loss": 3.0118136405944824,
      "precision": 1.0,
      "recall": 0.0,
      "f1_score": 0.0,
      "update_norm": 1.1018043756484985,
      "is_attacker": true
    },
    "4": {
      "accuracy": 0.40773534774780273,
      "test_loss": 3.6523849964141846,
      "precision": 1.0,
      "recall": 0.0,
      "f1_score": 0.0,
      "update_norm": 1.1069095134735107,
      "is_attacker": true
    },
    "5": {
      "accuracy": 0.5783722996711731,
      "test_loss": 2.0781872272491455,
      "precision": 1.0,
      "recall": 0.0,
      "f1_score": 0.0,
      "update_norm": 1.097963571548462,
      "is_attacker": false
    },
    "6": {
      "accuracy": 0.5849488377571106,
      "test_loss": 2.0484988689422607,
      "precision": 1.0,
      "recall": 0.0,
      "f1_score": 0.0,
      "update_norm": 1.100881576538086,
      "is_attacker": false
    },
    "7": {
      "accuracy": 0.5682539343833923,
      "test_loss": 2.1796391010284424,
      "precision": 1.0,
      "recall": 0.0,
      "f1_score": 0.0,
      "update_norm": 1.1009721755981445,
      "is_attacker": false
    },
    "8": {
      "accuracy": 0.5332651138305664,
      "test_loss": 2.5423030853271484,
      "precision": 1.0,
      "recall": 0.0,
      "f1_score": 0.0,
      "update_norm": 1.0980850458145142,
      "is_attacker": false
    },
    "9": {
      "accuracy": 0.5858772397041321,
      "test_loss": 2.1054108142852783,
      "precision": 1.0,
      "recall": 0.0,
      "f1_score": 0.0,
      "update_norm": 1.0997625589370728,
      "is_attacker": false
    },
    "10": {
      "accuracy": 0.5811662673950195,
      "test_loss": 2.0715792179107666,
      "precision": 1.0,
      "recall": 0.0,
      "f1_score": 0.0,
      "update_norm": 1.0993199348449707,
      "is_attacker": false
    },
    "11": {
      "accuracy": 0.5797563791275024,
      "test_loss": 2.1221415996551514,
      "precision": 1.0,
      "recall": 0.0,
      "f1_score": 0.0,
      "update_norm": 1.092997431755066,
      "is_attacker": false
    },
    "12": {
      "accuracy": 0.5867283344268799,
      "test_loss": 2.054641008377075,
      "precision": 1.0,
      "recall": 0.0,
      "f1_score": 0.0,
      "update_norm": 1.1031848192214966,
      "is_attacker": false
    },
    "13": {
      "accuracy": 0.5831950902938843,
      "test_loss": 2.108654260635376,
      "precision": 1.0,
      "recall": 0.0,
      "f1_score": 0.0,
      "update_norm": 1.1023578643798828,
      "is_attacker": false
    },
    "14": {
      "accuracy": 0.5849058032035828,
      "test_loss": 2.079622507095337,
      "precision": 1.0,
      "recall": 0.0,
      "f1_score": 0.0,
      "update_norm": 1.0974042415618896,
      "is_attacker": false
    },
    "15": {
      "accuracy": 0.5782261490821838,
      "test_loss": 2.054755210876465,
      "precision": 1.0,
      "recall": 0.0,
      "f1_score": 0.0,
      "update_norm": 1.1011415719985962,
      "is_attacker": false
    },
    "16": {
      "accuracy": 0.5839430093765259,
      "test_loss": 2.038393259048462,
      "precision": 1.0,
      "recall": 0.0,
      "f1_score": 0.0,
      "update_norm": 1.1037709712982178,
      "is_attacker": false
    },
    "17": {
      "accuracy": 0.5839172005653381,
      "test_loss": 2.032449722290039,
      "precision": 1.0,
      "recall": 0.0,
      "f1_score": 0.0,
      "update_norm": 1.0950074195861816,
      "is_attacker": false
    },
    "18": {
      "accuracy": 0.5857310891151428,
      "test_loss": 2.0579781532287598,
      "precision": 1.0,
      "recall": 0.0,
      "f1_score": 0.0,
      "update_norm": 1.1005648374557495,
      "is_attacker": false
    },
    "19": {
      "accuracy": 0.5844587683677673,
      "test_loss": 2.1301345825195312,
      "precision": 1.0,
      "recall": 0.0,
      "f1_score": 0.0,
      "update_norm": 1.0978443622589111,
      "is_attacker": false
    },
    "20": {
      "accuracy": 0.583461582660675,
      "test_loss": 2.0663442611694336,
      "precision": 1.0,
      "recall": 0.0,
      "f1_score": 0.0,
      "update_norm": 1.0958276987075806,
      "is_attacker": false
    },
    "21": {
      "accuracy": 0.5821290612220764,
      "test_loss": 2.0950355529785156,
      "precision": 1.0,
      "recall": 0.0,
      "f1_score": 0.0,
      "update_norm": 1.1046535968780518,
      "is_attacker": false
    },
    "22": {
      "accuracy": 0.5815531015396118,
      "test_loss": 2.0723421573638916,
      "precision": 1.0,
      "recall": 0.0,
      "f1_score": 0.0,
      "update_norm": 1.1025854349136353,
      "is_attacker": false
    },
    "23": {
      "accuracy": 0.5819829106330872,
      "test_loss": 2.0694708824157715,
      "precision": 1.0,
      "recall": 0.0,
      "f1_score": 0.0,
      "update_norm": 1.1025707721710205,
      "is_attacker": false
    },
    "24": {
      "accuracy": 0.5802378058433533,
      "test_loss": 2.1674981117248535,
      "precision": 1.0,
      "recall": 0.0,
      "f1_score": 0.0,
      "update_norm": 1.098223328590393,
      "is_attacker": false
    },
    "25": {
      "accuracy": 0.5802635550498962,
      "test_loss": 2.1321959495544434,
      "precision": 1.0,
      "recall": 0.0,
      "f1_score": 0.0,
      "update_norm": 1.098105788230896,
      "is_attacker": false
    },
    "26": {
      "accuracy": 0.5795414447784424,
      "test_loss": 2.029723644256592,
      "precision": 1.0,
      "recall": 0.0,
      "f1_score": 0.0,
      "update_norm": 1.0993218421936035,
      "is_attacker": false
    },
    "27": {
      "accuracy": 0.5797735452651978,
      "test_loss": 2.112095594406128,
      "precision": 1.0,
      "recall": 0.0,
      "f1_score": 0.0,
      "update_norm": 1.0953785181045532,
      "is_attacker": false
    },
    "28": {
      "accuracy": 0.5801690220832825,
      "test_loss": 2.122586250305176,
      "precision": 1.0,
      "recall": 0.0,
      "f1_score": 0.0,
      "update_norm": 1.1027251482009888,
      "is_attacker": false
    },
    "29": {
      "accuracy": 0.5824127793312073,
      "test_loss": 2.031895160675049,
      "precision": 1.0,
      "recall": 0.0,
      "f1_score": 0.0,
      "update_norm": 1.0986052751541138,
      "is_attacker": false
    },
    "30": {
      "accuracy": 0.5852066874504089,
      "test_loss": 2.046907424926758,
      "precision": 1.0,
      "recall": 0.0,
      "f1_score": 0.0,
      "update_norm": 1.0981038808822632,
      "is_attacker": false
    },
    "31": {
      "accuracy": 0.5843298435211182,
      "test_loss": 2.0127744674682617,
      "precision": 1.0,
      "recall": 0.0,
      "f1_score": 0.0,
      "update_norm": 1.0953928232192993,
      "is_attacker": false
    },
    "32": {
      "accuracy": 0.5809943079948425,
      "test_loss": 2.073122501373291,
      "precision": 1.0,
      "recall": 0.0,
      "f1_score": 0.0,
      "update_norm": 1.0959482192993164,
      "is_attacker": false
    },
    "33": {
      "accuracy": 0.5864102840423584,
      "test_loss": 2.0320544242858887,
      "precision": 1.0,
      "recall": 0.0,
      "f1_score": 0.0,
      "update_norm": 1.1027039289474487,
      "is_attacker": false
    },
    "34": {
      "accuracy": 0.5873816609382629,
      "test_loss": 1.9992700815200806,
      "precision": 1.0,