{
  "round": 35,
  "nodes": {
    "0": {
      "accuracy": 0.5199315547943115,
      "test_loss": 2.1686878204345703,
      "precision": 1.0,
      "recall": 0.0,
      "f1_score": 0.0,
      "update_norm": 1.0994375944137573,
      "is_attacker": true
    },
    "1": {
      "accuracy": 0.5230264067649841,
      "test_loss": 2.1583216190338135,
      "precision": 1.0,
      "recall": 0.0,
      "f1_score": 0.0,
      "update_norm": 1.1041147708892822,
      "is_attacker": true
    },
    "2": {
      "accuracy": 0.5236110091209412,
      "test_loss": 2.1455891132354736,
      "precision": 1.0,
      "recall": 0.0,
      "f1_score": 0.0,
      "update_norm": 1.093709945678711,
      "is_attacker": true
    },
    "3": {
      "accuracy": 0.5156675577163696,
      "test_loss": 2.1946768760681152,
      "precision": 1.0,
      "recall": 0.0,
      "f1_score": 0.0,
      "update_norm": 1.1005948781967163,
      "is_attacker": true
    },
    "4": {
      "accuracy": 0.5148078799247742,
      "test_loss": 2.1873152256011963,
      "precision": 1.0,
      "recall": 0.0,
      "f1_score": 0.0,
      "update_norm": 1.098563551902771,
      "is_attacker": true
    },
    "5": {
      "accuracy": 0.5194759368896484,
      "test_loss": 2.1827545166015625,
      "precision": 1.0,
      "recall": 0.0,
      "f1_score": 0.0,
      "update_norm": 1.0998938083648682,
      "is_attacker": false
    },
    "6": {
      "accuracy": 0.5161919593811035,
      "test_loss": 2.17254900932312,
      "precision": 1.0,
      "recall": 0.0,
      "f1_score": 0.0,
      "update_norm": 1.1019387245178223,
      "is_attacker": false
    },
    "7": {
      "accuracy": 0.5189773440361023,
      "test_loss": 2.2190239429473877,
      "precision": 1.0,
      "recall": 0.0,
      "f1_score": 0.0,
      "update_norm": 1.0999879837036133,
      "is_attacker": false
    },
    "8": {
      "accuracy": 0.5194931626319885,
      "test_loss": 2.1844840049743652,
      "precision": 1.0,
      "recall": 0.0,
      "f1_score": 0.0,
      "update_norm": 1.0956928730010986,
      "is_attacker": false
    },
    "9": {
      "accuracy": 0.5304195880889893,
      "test_loss": 2.200251817703247,
      "precision": 1.0,
      "recall": 0.0,
      "f1_score": 0.0,
      "update_norm": 1.098494052886963,
      "is_attacker": false
    },
    "10": {
      "accuracy": 0.5238860845565796,
      "test_loss": 2.190481185913086,
      "precision": 1.0,
      "recall": 0.0,
      "f1_score": 0.0,
      "update_norm": 1.1019011735916138,
      "is_attacker": false
    },
    "11": {
      "accuracy": 0.5225191712379456,
      "test_loss": 2.1864936351776123,
      "precision": 1.0,
      "recall": 0.0,
      "f1_score": 0.0,
      "update_norm": 1.096806526184082,
      "is_attacker": false
    },
    "12": {
      "accuracy": 0.5167507529258728,
      "test_loss": 2.1604933738708496,
      "precision": 1.0,
      "recall": 0.0,
      "f1_score": 0.0,
      "update_norm": 1.0969393253326416,
      "is_attacker": false
    },
    "13": {
      "accuracy": 0.5219776034355164,
      "test_loss": 2.180678129196167,
      "precision": 1.0,
      "recall": 0.0,
      "f1_score": 0.0,
      "update_norm": 1.1046868562698364,
      "is_attacker": false
    },
    "14": {
      "accuracy": 0.5242127776145935,
      "test_loss": 2.17036771774292,
      "precision": 1.0,
      "recall": 0.0,
      "f1_score": 0.0,
      "update_norm": 1.1012438535690308,
      "is_attacker": false
    },
    "15": {
      "accuracy": 0.514876663684845,
      "test_loss": 2.1835646629333496,
      "precision": 1.0,
      "recall": 0.0,
      "f1_score": 0.0,
      "update_norm": 1.1045949459075928,
      "is_attacker": false
    },
    "16": {
      "accuracy": 0.5298866033554077,
      "test_loss": 2.169177293777466,
      "precision": 1.0,
      "recall": 0.0,
      "f1_score": 0.0,
      "update_norm": 1.0998481512069702,
      "is_attacker": false
    },
    "17": {
      "accuracy": 0.5134925842285156,
      "test_loss": 2.2055160999298096,
      "precision": 1.0,
      "recall": 0.0,
      "f1_score": 0.0,
      "update_norm": 1.0938345193862915,
      "is_attacker": false
    },
    "18": {
      "accuracy": 0.5247801542282104,
      "test_loss": 2.150495767593384,
      "precision": 1.0,
      "recall": 0.0,
      "f1_score": 0.0,
      "update_norm": 1.0935871601104736,
      "is_attacker": false
    },
    "19": {
      "accuracy": 0.5202066898345947,
      "test_loss": 2.1887130737304688,
      "precision": 1.0,
      "recall": 0.0,
      "f1_score": 0.0,
      "update_norm": 1.096693754196167,
      "is_attacker": false
    },
    "20": {
      "accuracy": 0.5236711502075195,
      "test_loss": 2.1774213314056396,
      "precision": 1.0,
      "recall": 0.0,
      "f1_score": 0.0,
      "update_norm": 1.0977873802185059,
      "is_attacker": false
    },
    "21": {
      "accuracy": 0.5230951905250549,
      "test_loss": 2.164005994796753,
      "precision": 1.0,
      "recall": 0.0,
      "f1_score": 0.0,
      "update_norm": 1.0976721048355103,
      "is_attacker": false
    },
    "22": {
      "accuracy": 0.5212296843528748,
      "test_loss": 2.1859328746795654,
      "precision": 1.0,
      "recall": 0.0,
      "f1_score": 0.0,
      "update_norm": 1.0978171825408936,
      "is_attacker": false
    },
    "23": {
      "accuracy": 0.5133894681930542,
      "test_loss": 2.2125067710876465,
      "precision": 1.0,
      "recall": 0.0,
      "f1_score": 0.0,
      "update_norm": 1.0960644483566284,
      "is_attacker": false
    },
    "24": {
      "accuracy": 0.5187366008758545,
      "test_loss": 2.221841812133789,
      "precision": 1.0,
      "recall": 0.0,
      "f1_score": 0.0,
      "update_norm": 1.098570704460144,
      "is_attacker": false
    },
    "25": {
      "accuracy": 0.5218228697776794,
      "test_loss": 2.186631917953491,
      "precision": 1.0,
      "recall": 0.0,
      "f1_score": 0.0,
      "update_norm": 1.100783348083496,
      "is_attacker": false
    },
    "26": {
      "accuracy": 0.5188570022583008,
      "test_loss": 2.181908130645752,
      "precision": 1.0,
      "recall": 0.0,
      "f1_score": 0.0,
      "update_norm": 1.1019281148910522,
      "is_attacker": false
    },
    "27": {
      "accuracy": 0.5177651643753052,
      "test_loss": 2.1778714656829834,
      "precision": 1.0,
      "recall": 0.0,
      "f1_score": 0.0,
      "update_norm": 1.1019948720932007,
      "is_attacker": false
    },
    "28": {
      "accuracy": 0.5252787470817566,
      "test_loss": 2.166902780532837,
      "precision": 1.0,
      "recall": 0.0,
      "f1_score": 0.0,
      "update_norm": 1.1016753911972046,
      "is_attacker": false
    },
    "29": {
      "accuracy": 0.5202754139900208,
      "test_loss": 2.1599268913269043,
      "precision": 1.0,
      "recall": 0.0,
      "f1_score": 0.0,
      "update_norm": 1.0988943576812744,
      "is_attacker": false
    },
    "30": {
      "accuracy": 0.5196736454963684,
      "test_loss": 2.196506977081299,
      "precision": 1.0,
      "recall": 0.0,
      "f1_score": 0.0,
      "update_norm": 1.0935733318328857,
      "is_attacker": false
    },
    "31": {
      "accuracy": 0.5209890007972717,
      "test_loss": 2.1410152912139893,
      "precision": 1.0,
      "recall": 0.0,
      "f1_score": 0.0,
      "update_norm": 1.0969046354293823,
      "is_attacker": false
    },
    "32": {
      "accuracy": 0.5212554931640625,
      "test_loss": 2.1677510738372803,
      "precision": 1.0,
      "recall": 0.0,
      "f1_score": 0.0,
      "update_norm": 1.1017869710922241,
      "is_attacker": false
    },
    "33": {
      "accuracy": 0.5213070511817932,
      "test_loss": 2.151674270629883,
      "precision": 1.0,
      "recall": 0.0,
      "f1_score": 0.0,
      "update_norm": 1.1000330448150635,
      "is_attacker": false
    },
    "34": {
      "accuracy": 0.5161060094833374,
      "test_loss": 2.1588642597198486,
      "precision": 1.0,