{
  "round": 98,
  "nodes": {
    "0": {
      "accuracy": 0.4403858184814453,
      "test_loss": 4.093015670776367,
      "precision": 1.0,
      "recall": 0.0,
      "f1_score": 0.0,
      "update_norm": 1.1084760427474976,
      "is_attacker": true
    },
    "1": {
      "accuracy": 0.49044471979141235,
      "test_loss": 3.0899553298950195,
      "precision": 1.0,
      "recall": 0.0,
      "f1_score": 0.0,
      "update_norm": 1.1071813106536865,
      "is_attacker": true
    },
    "2": {
      "accuracy": 0.5708845257759094,
      "test_loss": 2.155961275100708,
      "precision": 1.0,
      "recall": 0.0,
      "f1_score": 0.0,
      "update_norm": 1.0995701551437378,
      "is_attacker": true
    },
    "3": {
      "accuracy": 0.4096180498600006,
      "test_loss": 3.7630703449249268,
      "precision": 1.0,
      "recall": 0.0,
      "f1_score": 0.0,
      "update_norm": 1.104814887046814,
      "is_attacker": true
    },
    "4": {
      "accuracy": 0.32404598593711853,
      "test_loss": 4.77079439163208,
      "precision": 1.0,
      "recall": 0.0,
      "f1_score": 0.0,
      "update_norm": 1.1157900094985962,
      "is_attacker": true
    },
    "5": {
      "accuracy": 0.5875278115272522,
      "test_loss": 2.0093348026275635,
      "precision": 1.0,
      "recall": 0.0,
      "f1_score": 0.0,
      "update_norm": 1.1022850275039673,
      "is_attacker": false
    },
    "6": {
      "accuracy": 0.5886970162391663,
      "test_loss": 2.0360586643218994,
      "precision": 1.0,
      "recall": 0.0,
      "f1_score": 0.0,
      "update_norm": 1.0985674858093262,
      "is_attacker": false
    },
    "7": {
      "accuracy": 0.4073914885520935,
      "test_loss": 4.859877109527588,
      "precision": 1.0,
      "recall": 0.0,
      "f1_score": 0.0,
      "update_norm": 1.1084411144256592,
      "is_attacker": false
    },
    "8": {
      "accuracy": 0.588748574256897,
      "test_loss": 2.016359567642212,
      "precision": 1.0,
      "recall": 0.0,
      "f1_score": 0.0,
      "update_norm": 1.1033471822738647,
      "is_attacker": false
    },
    "9": {
      "accuracy": 0.5862297415733337,
      "test_loss": 2.1705238819122314,
      "precision": 1.0,
      "recall": 0.0,
      "f1_score": 0.0,
      "update_norm": 1.0959718227386475,
      "is_attacker": false
    },
    "10": {
      "accuracy": 0.5599580407142639,
      "test_loss": 2.2717111110687256,
      "precision": 1.0,
      "recall": 0.0,
      "f1_score": 0.0,
      "update_norm": 1.106032371520996,
      "is_attacker": false
    },
    "11": {
      "accuracy": 0.5863586664199829,
      "test_loss": 2.095916748046875,
      "precision": 1.0,
      "recall": 0.0,
      "f1_score": 0.0,
      "update_norm": 1.100050926208496,
      "is_attacker": false
    },
    "12": {
      "accuracy": 0.5826104879379272,
      "test_loss": 2.055682420730591,
      "precision": 1.0,
      "recall": 0.0,
      "f1_score": 0.0,
      "update_norm": 1.0987125635147095,
      "is_attacker": false
    },
    "13": {
      "accuracy": 0.586573600769043,
      "test_loss": 2.1024153232574463,
      "precision": 1.0,
      "recall": 0.0,
      "f1_score": 0.0,
      "update_norm": 1.098576307296753,
      "is_attacker": false
    },
    "14": {
      "accuracy": 0.5890408754348755,
      "test_loss": 2.028932809829712,
      "precision": 1.0,
      "recall": 0.0,
      "f1_score": 0.0,
      "update_norm": 1.1006271839141846,
      "is_attacker": false
    },
    "15": {
      "accuracy": 0.5811318755149841,
      "test_loss": 2.0455386638641357,
      "precision": 1.0,
      "recall": 0.0,
      "f1_score": 0.0,
      "update_norm": 1.0961120128631592,
      "is_attacker": false
    },
    "16": {
      "accuracy": 0.5877857208251953,
      "test_loss": 1.9866318702697754,
      "precision": 1.0,
      "recall": 0.0,
      "f1_score": 0.0,
      "update_norm": 1.0953407287597656,
      "is_attacker": false
    },
    "17": {
      "accuracy": 0.5865821838378906,
      "test_loss": 2.0311686992645264,
      "precision": 1.0,
      "recall": 0.0,
      "f1_score": 0.0,
      "update_norm": 1.0971252918243408,
      "is_attacker": false
    },
    "18": {
      "accuracy": 0.5874934196472168,
      "test_loss": 2.0941946506500244,
      "precision": 1.0,
      "recall": 0.0,
      "f1_score": 0.0,
      "update_norm": 1.0995759963989258,
      "is_attacker": false
    },
    "19": {
      "accuracy": 0.5868057012557983,
      "test_loss": 2.133845329284668,
      "precision": 1.0,
      "recall": 0.0,
      "f1_score": 0.0,
      "update_norm": 1.0987263917922974,
      "is_attacker": false
    },
    "20": {
      "accuracy": 0.5874074697494507,
      "test_loss": 2.0646042823791504,
      "precision": 1.0,
      "recall": 0.0,
      "f1_score": 0.0,
      "update_norm": 1.0997357368469238,
      "is_attacker": false
    },
    "21": {
      "accuracy": 0.5884648561477661,
      "test_loss": 2.0601847171783447,
      "precision": 1.0,
      "recall": 0.0,
      "f1_score": 0.0,
      "update_norm": 1.100252389907837,
      "is_attacker": false
    },
    "22": {
      "accuracy": 0.5880866050720215,
      "test_loss": 2.0451245307922363,
      "precision": 1.0,
      "recall": 0.0,
      "f1_score": 0.0,
      "update_norm": 1.0972429513931274,
      "is_attacker": false
    },
    "23": {
      "accuracy": 0.5870894193649292,
      "test_loss": 2.0454468727111816,
      "precision": 1.0,
      "recall": 0.0,
      "f1_score": 0.0,
      "update_norm": 1.0987082719802856,
      "is_attacker": false
    },
    "24": {
      "accuracy": 0.5831778645515442,
      "test_loss": 2.1271355152130127,
      "precision": 1.0,
      "recall": 0.0,
      "f1_score": 0.0,
      "update_norm": 1.097334623336792,
      "is_attacker": false
    },
    "25": {
      "accuracy": 0.5869604349136353,
      "test_loss": 2.058873176574707,
      "precision": 1.0,
      "recall": 0.0,
      "f1_score": 0.0,
      "update_norm": 1.0955904722213745,
      "is_attacker": false
    },
    "26": {
      "accuracy": 0.5802635550498962,
      "test_loss": 2.060061454772949,
      "precision": 1.0,
      "recall": 0.0,
      "f1_score": 0.0,
      "update_norm": 1.0986056327819824,
      "is_attacker": false
    },
    "27": {
      "accuracy": 0.5812608003616333,
      "test_loss": 2.0975899696350098,
      "precision": 1.0,
      "recall": 0.0,
      "f1_score": 0.0,
      "update_norm": 1.099365472793579,
      "is_attacker": false
    },
    "28": {
      "accuracy": 0.5869432687759399,
      "test_loss": 2.0763676166534424,
      "precision": 1.0,
      "recall": 0.0,
      "f1_score": 0.0,
      "update_norm": 1.0987937450408936,
      "is_attacker": false
    },
    "29": {
      "accuracy": 0.5837366580963135,
      "test_loss": 2.066802978515625,
      "precision": 1.0,
      "recall": 0.0,
      "f1_score": 0.0,
      "update_norm": 1.100394606590271,
      "is_attacker": false
    },
    "30": {
      "accuracy": 0.5869518518447876,
      "test_loss": 2.077427864074707,
      "precision": 1.0,
      "recall": 0.0,
      "f1_score": 0.0,
      "update_norm": 1.1005483865737915,
      "is_attacker": false
    },
    "31": {
      "accuracy": 0.589118242263794,
      "test_loss": 2.0361618995666504,
      "precision": 1.0,
      "recall": 0.0,
      "f1_score": 0.0,
      "update_norm": 1.0977061986923218,
      "is_attacker": false
    },
    "32": {
      "accuracy": 0.5852583050727844,
      "test_loss": 2.0801985263824463,
      "precision": 1.0,
      "recall": 0.0,
      "f1_score": 0.0,
      "update_norm": 1.0961717367172241,
      "is_attacker": false
    },
    "33": {
      "accuracy": 0.5910696983337402,
      "test_loss": 2.0218665599823,
      "precision": 1.0,
      "recall": 0.0,
      "f1_score": 0.0,
      "update_norm": 1.0980229377746582,
      "is_attacker": false
    },
    "34": {
      "accuracy": 0.5880264639854431,
      "test_loss": 2.0521461963653564,
      "precision": 1.0,