{
  "round": 13,
  "nodes": {
    "0": {
      "accuracy": 0.41907447576522827,
      "test_loss": 2.473417043685913,
      "precision": 1.0,
      "recall": 0.0,
      "f1_score": 0.0,
      "update_norm": 1.0962414741516113,
      "is_attacker": true
    },
    "1": {
      "accuracy": 0.41904008388519287,
      "test_loss": 2.476848602294922,
      "precision": 1.0,
      "recall": 0.0,
      "f1_score": 0.0,
      "update_norm": 1.106370449066162,
      "is_attacker": true
    },
    "2": {
      "accuracy": 0.41401100158691406,
      "test_loss": 2.480267286300659,
      "precision": 1.0,
      "recall": 0.0,
      "f1_score": 0.0,
      "update_norm": 1.103745937347412,
      "is_attacker": true
    },
    "3": {
      "accuracy": 0.4115351140499115,
      "test_loss": 2.4925529956817627,
      "precision": 1.0,
      "recall": 0.0,
      "f1_score": 0.0,
      "update_norm": 1.1059637069702148,
      "is_attacker": true
    },
    "4": {
      "accuracy": 0.4175700545310974,
      "test_loss": 2.48470401763916,
      "precision": 1.0,
      "recall": 0.0,
      "f1_score": 0.0,
      "update_norm": 1.0999813079833984,
      "is_attacker": true
    },
    "5": {
      "accuracy": 0.40826836228370667,
      "test_loss": 2.5159120559692383,
      "precision": 1.0,
      "recall": 0.0,
      "f1_score": 0.0,
      "update_norm": 1.1065322160720825,
      "is_attacker": false
    },
    "6": {
      "accuracy": 0.415154367685318,
      "test_loss": 2.4976632595062256,
      "precision": 1.0,
      "recall": 0.0,
      "f1_score": 0.0,
      "update_norm": 1.1026896238327026,
      "is_attacker": false
    },
    "7": {
      "accuracy": 0.41286763548851013,
      "test_loss": 2.5035006999969482,
      "precision": 1.0,
      "recall": 0.0,
      "f1_score": 0.0,
      "update_norm": 1.1069937944412231,
      "is_attacker": false
    },
    "8": {
      "accuracy": 0.41363272070884705,
      "test_loss": 2.5044620037078857,
      "precision": 1.0,
      "recall": 0.0,
      "f1_score": 0.0,
      "update_norm": 1.0987927913665771,
      "is_attacker": false
    },
    "9": {
      "accuracy": 0.4196074604988098,
      "test_loss": 2.499133586883545,
      "precision": 1.0,
      "recall": 0.0,
      "f1_score": 0.0,
      "update_norm": 1.100356936454773,
      "is_attacker": false
    },
    "10": {
      "accuracy": 0.39182278513908386,
      "test_loss": 2.5526981353759766,
      "precision": 1.0,
      "recall": 0.0,
      "f1_score": 0.0,
      "update_norm": 1.1026105880737305,
      "is_attacker": false
    },
    "11": {
      "accuracy": 0.4117586314678192,
      "test_loss": 2.49830961227417,
      "precision": 1.0,
      "recall": 0.0,
      "f1_score": 0.0,
      "update_norm": 1.106287956237793,
      "is_attacker": false
    },
    "12": {
      "accuracy": 0.4221005439758301,
      "test_loss": 2.4828505516052246,
      "precision": 1.0,
      "recall": 0.0,
      "f1_score": 0.0,
      "update_norm": 1.1033785343170166,
      "is_attacker": false
    },
    "13": {
      "accuracy": 0.4155927896499634,
      "test_loss": 2.500551223754883,
      "precision": 1.0,
      "recall": 0.0,
      "f1_score": 0.0,
      "update_norm": 1.1082230806350708,
      "is_attacker": false
    },
    "14": {
      "accuracy": 0.42520394921302795,
      "test_loss": 2.488288640975952,
      "precision": 1.0,
      "recall": 0.0,
      "f1_score": 0.0,
      "update_norm": 1.1019107103347778,
      "is_attacker": false
    },
    "15": {
      "accuracy": 0.41340920329093933,
      "test_loss": 2.519742012023926,
      "precision": 1.0,
      "recall": 0.0,
      "f1_score": 0.0,
      "update_norm": 1.105448603630066,
      "is_attacker": false
    },
    "16": {
      "accuracy": 0.4245505928993225,
      "test_loss": 2.4749302864074707,
      "precision": 1.0,
      "recall": 0.0,
      "f1_score": 0.0,
      "update_norm": 1.099345326423645,
      "is_attacker": false
    },
    "17": {
      "accuracy": 0.40286099910736084,
      "test_loss": 2.518460750579834,
      "precision": 1.0,
      "recall": 0.0,
      "f1_score": 0.0,
      "update_norm": 1.094926357269287,
      "is_attacker": false
    },
    "18": {
      "accuracy": 0.4211376905441284,
      "test_loss": 2.4817190170288086,
      "precision": 1.0,
      "recall": 0.0,
      "f1_score": 0.0,
      "update_norm": 1.107932448387146,
      "is_attacker": false
    },
    "19": {
      "accuracy": 0.4113975763320923,
      "test_loss": 2.539491653442383,
      "precision": 1.0,
      "recall": 0.0,
      "f1_score": 0.0,
      "update_norm": 1.1068031787872314,
      "is_attacker": false
    },
    "20": {
      "accuracy": 0.41927221417427063,
      "test_loss": 2.481006383895874,
      "precision": 1.0,
      "recall": 0.0,
      "f1_score": 0.0,
      "update_norm": 1.1014374494552612,
      "is_attacker": false
    },
    "21": {
      "accuracy": 0.42423251271247864,
      "test_loss": 2.4953062534332275,
      "precision": 1.0,
      "recall": 0.0,
      "f1_score": 0.0,
      "update_norm": 1.0992839336395264,
      "is_attacker": false
    },
    "22": {
      "accuracy": 0.42222949862480164,
      "test_loss": 2.483243703842163,
      "precision": 1.0,
      "recall": 0.0,
      "f1_score": 0.0,
      "update_norm": 1.1062496900558472,
      "is_attacker": false
    },
    "23": {
      "accuracy": 0.41178444027900696,
      "test_loss": 2.503147840499878,
      "precision": 1.0,
      "recall": 0.0,
      "f1_score": 0.0,
      "update_norm": 1.105931043624878,
      "is_attacker": false
    },
    "24": {
      "accuracy": 0.40773534774780273,
      "test_loss": 2.514207601547241,
      "precision": 1.0,
      "recall": 0.0,
      "f1_score": 0.0,
      "update_norm": 1.1063727140426636,
      "is_attacker": false
    },
    "25": {
      "accuracy": 0.4203382134437561,
      "test_loss": 2.504767656326294,
      "precision": 1.0,
      "recall": 0.0,
      "f1_score": 0.0,
      "update_norm": 1.1064834594726562,
      "is_attacker": false
    },
    "26": {
      "accuracy": 0.4169768691062927,
      "test_loss": 2.4994943141937256,
      "precision": 1.0,
      "recall": 0.0,
      "f1_score": 0.0,
      "update_norm": 1.108099102973938,
      "is_attacker": false
    },
    "27": {
      "accuracy": 0.41401100158691406,
      "test_loss": 2.5030405521392822,
      "precision": 1.0,
      "recall": 0.0,
      "f1_score": 0.0,
      "update_norm": 1.109755516052246,
      "is_attacker": false
    },
    "28": {
      "accuracy": 0.42139559984207153,
      "test_loss": 2.490888833999634,
      "precision": 1.0,
      "recall": 0.0,
      "f1_score": 0.0,
      "update_norm": 1.1059809923171997,
      "is_attacker": false
    },
    "29": {
      "accuracy": 0.4171058237552643,
      "test_loss": 2.5158724784851074,
      "precision": 1.0,
      "recall": 0.0,
      "f1_score": 0.0,
      "update_norm": 1.1007758378982544,
      "is_attacker": false
    },
    "30": {
      "accuracy": 0.41714879870414734,
      "test_loss": 2.492706298828125,
      "precision": 1.0,
      "recall": 0.0,
      "f1_score": 0.0,
      "update_norm": 1.1000547409057617,
      "is_attacker": false
    },
    "31": {
      "accuracy": 0.4131856858730316,
      "test_loss": 2.4806392192840576,
      "precision": 1.0,
      "recall": 0.0,
      "f1_score": 0.0,
      "update_norm": 1.102481484413147,
      "is_attacker": false
    },
    "32": {
      "accuracy": 0.41918623447418213,
      "test_loss": 2.4661121368408203,
      "precision": 1.0,
      "recall": 0.0,
      "f1_score": 0.0,
      "update_norm": 1.1015440225601196,
      "is_attacker": false
    },
    "33": {
      "accuracy": 0.4188939332962036,
      "test_loss": 2.4892232418060303,
      "precision": 1.0,
      "recall": 0.0,
      "f1_score": 0.0,
      "update_norm": 1.0999549627304077,
      "is_attacker": false
    },
    "34": {
      "accuracy": 0.41417431831359863,
      "test_loss": 2.490478038787842,