{
  "round": 54,
  "nodes": {
    "0": {
      "accuracy": 0.5233616828918457,
      "test_loss": 2.3356597423553467,
      "precision": 1.0,
      "recall": 0.0,
      "f1_score": 0.0,
      "update_norm": 1.0942004919052124,
      "is_attacker": true
    },
    "1": {
      "accuracy": 0.5351392030715942,
      "test_loss": 2.2529966831207275,
      "precision": 1.0,
      "recall": 0.0,
      "f1_score": 0.0,
      "update_norm": 1.1025460958480835,
      "is_attacker": true
    },
    "2": {
      "accuracy": 0.5487049221992493,
      "test_loss": 2.1074893474578857,
      "precision": 1.0,
      "recall": 0.0,
      "f1_score": 0.0,
      "update_norm": 1.0976437330245972,
      "is_attacker": true
    },
    "3": {
      "accuracy": 0.5138880610466003,
      "test_loss": 2.3557403087615967,
      "precision": 1.0,
      "recall": 0.0,
      "f1_score": 0.0,
      "update_norm": 1.1018857955932617,
      "is_attacker": true
    },
    "4": {
      "accuracy": 0.5085494518280029,
      "test_loss": 2.374471664428711,
      "precision": 1.0,
      "recall": 0.0,
      "f1_score": 0.0,
      "update_norm": 1.1018426418304443,
      "is_attacker": true
    },
    "5": {
      "accuracy": 0.5440282821655273,
      "test_loss": 2.120126485824585,
      "precision": 1.0,
      "recall": 0.0,
      "f1_score": 0.0,
      "update_norm": 1.1006536483764648,
      "is_attacker": false
    },
    "6": {
      "accuracy": 0.5496677160263062,
      "test_loss": 2.0849921703338623,
      "precision": 1.0,
      "recall": 0.0,
      "f1_score": 0.0,
      "update_norm": 1.0964324474334717,
      "is_attacker": false
    },
    "7": {
      "accuracy": 0.5486962795257568,
      "test_loss": 2.170139789581299,
      "precision": 1.0,
      "recall": 0.0,
      "f1_score": 0.0,
      "update_norm": 1.099718689918518,
      "is_attacker": false
    },
    "8": {
      "accuracy": 0.5480601191520691,
      "test_loss": 2.1496405601501465,
      "precision": 1.0,
      "recall": 0.0,
      "f1_score": 0.0,
      "update_norm": 1.1009401082992554,
      "is_attacker": false
    },
    "9": {
      "accuracy": 0.5544561147689819,
      "test_loss": 2.145212173461914,
      "precision": 1.0,
      "recall": 0.0,
      "f1_score": 0.0,
      "update_norm": 1.0950754880905151,
      "is_attacker": false
    },
    "10": {
      "accuracy": 0.5516449809074402,
      "test_loss": 2.113880157470703,
      "precision": 1.0,
      "recall": 0.0,
      "f1_score": 0.0,
      "update_norm": 1.1013957262039185,
      "is_attacker": false
    },
    "11": {
      "accuracy": 0.5447074174880981,
      "test_loss": 2.168370246887207,
      "precision": 1.0,
      "recall": 0.0,
      "f1_score": 0.0,
      "update_norm": 1.0996670722961426,
      "is_attacker": false
    },
    "12": {
      "accuracy": 0.5490831732749939,
      "test_loss": 2.0795061588287354,
      "precision": 1.0,
      "recall": 0.0,
      "f1_score": 0.0,
      "update_norm": 1.1007722616195679,
      "is_attacker": false
    },
    "13": {
      "accuracy": 0.5516105890274048,
      "test_loss": 2.1535346508026123,
      "precision": 1.0,
      "recall": 0.0,
      "f1_score": 0.0,
      "update_norm": 1.0936087369918823,
      "is_attacker": false
    },
    "14": {
      "accuracy": 0.5523327589035034,
      "test_loss": 2.1039464473724365,
      "precision": 1.0,
      "recall": 0.0,
      "f1_score": 0.0,
      "update_norm": 1.0991790294647217,
      "is_attacker": false
    },
    "15": {
      "accuracy": 0.5426785945892334,
      "test_loss": 2.167571783065796,
      "precision": 1.0,
      "recall": 0.0,
      "f1_score": 0.0,
      "update_norm": 1.0951876640319824,
      "is_attacker": false
    },
    "16": {
      "accuracy": 0.5528313517570496,
      "test_loss": 2.110301971435547,
      "precision": 1.0,
      "recall": 0.0,
      "f1_score": 0.0,
      "update_norm": 1.1005971431732178,
      "is_attacker": false
    },
    "17": {
      "accuracy": 0.5476303100585938,
      "test_loss": 2.140310764312744,
      "precision": 1.0,
      "recall": 0.0,
      "f1_score": 0.0,
      "update_norm": 1.102417230606079,
      "is_attacker": false
    },
    "18": {
      "accuracy": 0.5536136627197266,
      "test_loss": 2.1076393127441406,
      "precision": 1.0,
      "recall": 0.0,
      "f1_score": 0.0,
      "update_norm": 1.0957927703857422,
      "is_attacker": false
    },
    "19": {
      "accuracy": 0.5463235974311829,
      "test_loss": 2.173462152481079,
      "precision": 1.0,
      "recall": 0.0,
      "f1_score": 0.0,
      "update_norm": 1.097724437713623,
      "is_attacker": false
    },
    "20": {
      "accuracy": 0.5507251620292664,
      "test_loss": 2.1515986919403076,
      "precision": 1.0,
      "recall": 0.0,
      "f1_score": 0.0,
      "update_norm": 1.0958625078201294,
      "is_attacker": false
    },
    "21": {
      "accuracy": 0.5500631928443909,
      "test_loss": 2.1364779472351074,
      "precision": 1.0,
      "recall": 0.0,
      "f1_score": 0.0,
      "update_norm": 1.0976109504699707,
      "is_attacker": false
    },
    "22": {
      "accuracy": 0.5475357174873352,
      "test_loss": 2.119394540786743,
      "precision": 1.0,
      "recall": 0.0,
      "f1_score": 0.0,
      "update_norm": 1.0976190567016602,
      "is_attacker": false
    },
    "23": {
      "accuracy": 0.5492894649505615,
      "test_loss": 2.1762185096740723,
      "precision": 1.0,
      "recall": 0.0,
      "f1_score": 0.0,
      "update_norm": 1.1001570224761963,
      "is_attacker": false
    },
    "24": {
      "accuracy": 0.5489885807037354,
      "test_loss": 2.188721179962158,
      "precision": 1.0,
      "recall": 0.0,
      "f1_score": 0.0,
      "update_norm": 1.0971486568450928,
      "is_attacker": false
    },
    "25": {
      "accuracy": 0.5478022694587708,
      "test_loss": 2.170912504196167,
      "precision": 1.0,
      "recall": 0.0,
      "f1_score": 0.0,
      "update_norm": 1.0976214408874512,
      "is_attacker": false
    },
    "26": {
      "accuracy": 0.5472176671028137,
      "test_loss": 2.1360926628112793,
      "precision": 1.0,
      "recall": 0.0,
      "f1_score": 0.0,
      "update_norm": 1.0982952117919922,
      "is_attacker": false
    },
    "27": {
      "accuracy": 0.5456960201263428,
      "test_loss": 2.1623833179473877,
      "precision": 1.0,
      "recall": 0.0,
      "f1_score": 0.0,
      "update_norm": 1.0977238416671753,
      "is_attacker": false
    },
    "28": {
      "accuracy": 0.5545678734779358,
      "test_loss": 2.139073371887207,
      "precision": 1.0,
      "recall": 0.0,
      "f1_score": 0.0,
      "update_norm": 1.098839282989502,
      "is_attacker": false
    },
    "29": {
      "accuracy": 0.5501749515533447,
      "test_loss": 2.1124002933502197,
      "precision": 1.0,
      "recall": 0.0,
      "f1_score": 0.0,
      "update_norm": 1.0961989164352417,
      "is_attacker": false
    },
    "30": {
      "accuracy": 0.5486361384391785,
      "test_loss": 2.1673357486724854,
      "precision": 1.0,
      "recall": 0.0,
      "f1_score": 0.0,
      "update_norm": 1.1004141569137573,
      "is_attacker": false
    },
    "31": {
      "accuracy": 0.5489885807037354,
      "test_loss": 2.1016368865966797,
      "precision": 1.0,
      "recall": 0.0,
      "f1_score": 0.0,
      "update_norm": 1.1035747528076172,
      "is_attacker": false
    },
    "32": {
      "accuracy": 0.547561526298523,
      "test_loss": 2.139930248260498,
      "precision": 1.0,
      "recall": 0.0,
      "f1_score": 0.0,
      "update_norm": 1.092261791229248,
      "is_attacker": false
    },
    "33": {
      "accuracy": 0.5537081956863403,
      "test_loss": 2.0844504833221436,
      "precision": 1.0,
      "recall": 0.0,
      "f1_score": 0.0,
      "update_norm": 1.0970336198806763,
      "is_attacker": false
    },
    "34": {
      "accuracy": 0.5472692251205444,
      "test_loss": 2.1166181564331055,
      "precision": 1.0,