{
  "round": 19,
  "nodes": {
    "0": {
      "accuracy": 0.4692881107330322,
      "test_loss": 2.2860171794891357,
      "precision": 1.0,
      "recall": 0.0,
      "f1_score": 0.0,
      "update_norm": 1.1015321016311646,
      "is_attacker": true
    },
    "1": {
      "accuracy": 0.47161781787872314,
      "test_loss": 2.2869873046875,
      "precision": 1.0,
      "recall": 0.0,
      "f1_score": 0.0,
      "update_norm": 1.1039296388626099,
      "is_attacker": true
    },
    "2": {
      "accuracy": 0.47301051020622253,
      "test_loss": 2.2759852409362793,
      "precision": 1.0,
      "recall": 0.0,
      "f1_score": 0.0,
      "update_norm": 1.1018548011779785,
      "is_attacker": true
    },
    "3": {
      "accuracy": 0.4663738012313843,
      "test_loss": 2.294628620147705,
      "precision": 1.0,
      "recall": 0.0,
      "f1_score": 0.0,
      "update_norm": 1.0983569622039795,
      "is_attacker": true
    },
    "4": {
      "accuracy": 0.46822211146354675,
      "test_loss": 2.280919075012207,
      "precision": 1.0,
      "recall": 0.0,
      "f1_score": 0.0,
      "update_norm": 1.1018176078796387,
      "is_attacker": true
    },
    "5": {
      "accuracy": 0.4612501561641693,
      "test_loss": 2.3303303718566895,
      "precision": 1.0,
      "recall": 0.0,
      "f1_score": 0.0,
      "update_norm": 1.098799467086792,
      "is_attacker": false
    },
    "6": {
      "accuracy": 0.46334776282310486,
      "test_loss": 2.321415901184082,
      "precision": 1.0,
      "recall": 0.0,
      "f1_score": 0.0,
      "update_norm": 1.09817373752594,
      "is_attacker": false
    },
    "7": {
      "accuracy": 0.46404409408569336,
      "test_loss": 2.329597234725952,
      "precision": 1.0,
      "recall": 0.0,
      "f1_score": 0.0,
      "update_norm": 1.0990030765533447,
      "is_attacker": false
    },
    "8": {
      "accuracy": 0.46747419238090515,
      "test_loss": 2.320552110671997,
      "precision": 1.0,
      "recall": 0.0,
      "f1_score": 0.0,
      "update_norm": 1.1069761514663696,
      "is_attacker": false
    },
    "9": {
      "accuracy": 0.4722711741924286,
      "test_loss": 2.3262898921966553,
      "precision": 1.0,
      "recall": 0.0,
      "f1_score": 0.0,
      "update_norm": 1.099926233291626,
      "is_attacker": false
    },
    "10": {
      "accuracy": 0.46698418259620667,
      "test_loss": 2.3028793334960938,
      "precision": 1.0,
      "recall": 0.0,
      "f1_score": 0.0,
      "update_norm": 1.0989571809768677,
      "is_attacker": false
    },
    "11": {
      "accuracy": 0.47055181860923767,
      "test_loss": 2.3258204460144043,
      "precision": 1.0,
      "recall": 0.0,
      "f1_score": 0.0,
      "update_norm": 1.1000518798828125,
      "is_attacker": false
    },
    "12": {
      "accuracy": 0.4684714078903198,
      "test_loss": 2.2760868072509766,
      "precision": 1.0,
      "recall": 0.0,
      "f1_score": 0.0,
      "update_norm": 1.100698709487915,
      "is_attacker": false
    },
    "13": {
      "accuracy": 0.46059679985046387,
      "test_loss": 2.329916477203369,
      "precision": 1.0,
      "recall": 0.0,
      "f1_score": 0.0,
      "update_norm": 1.0991361141204834,
      "is_attacker": false
    },
    "14": {
      "accuracy": 0.47345754504203796,
      "test_loss": 2.2927207946777344,
      "precision": 1.0,
      "recall": 0.0,
      "f1_score": 0.0,
      "update_norm": 1.0982776880264282,
      "is_attacker": false
    },
    "15": {
      "accuracy": 0.46230754256248474,
      "test_loss": 2.3140830993652344,
      "precision": 1.0,
      "recall": 0.0,
      "f1_score": 0.0,
      "update_norm": 1.0970051288604736,
      "is_attacker": false
    },
    "16": {
      "accuracy": 0.4673624336719513,
      "test_loss": 2.32651686668396,
      "precision": 1.0,
      "recall": 0.0,
      "f1_score": 0.0,
      "update_norm": 1.1004334688186646,
      "is_attacker": false
    },
    "17": {
      "accuracy": 0.4643020033836365,
      "test_loss": 2.3075435161590576,
      "precision": 1.0,
      "recall": 0.0,
      "f1_score": 0.0,
      "update_norm": 1.1021373271942139,
      "is_attacker": false
    },
    "18": {
      "accuracy": 0.4674999713897705,
      "test_loss": 2.296426296234131,
      "precision": 1.0,
      "recall": 0.0,
      "f1_score": 0.0,
      "update_norm": 1.09623122215271,
      "is_attacker": false
    },
    "19": {
      "accuracy": 0.46339932084083557,
      "test_loss": 2.3438289165496826,
      "precision": 1.0,
      "recall": 0.0,
      "f1_score": 0.0,
      "update_norm": 1.09615957736969,
      "is_attacker": false
    },
    "20": {
      "accuracy": 0.47149747610092163,
      "test_loss": 2.2878305912017822,
      "precision": 1.0,
      "recall": 0.0,
      "f1_score": 0.0,
      "update_norm": 1.104671597480774,
      "is_attacker": false
    },
    "21": {
      "accuracy": 0.4724774956703186,
      "test_loss": 2.283644676208496,
      "precision": 1.0,
      "recall": 0.0,
      "f1_score": 0.0,
      "update_norm": 1.097150444984436,
      "is_attacker": false
    },
    "22": {
      "accuracy": 0.46829089522361755,
      "test_loss": 2.312133312225342,
      "precision": 1.0,
      "recall": 0.0,
      "f1_score": 0.0,
      "update_norm": 1.0939420461654663,
      "is_attacker": false
    },
    "23": {
      "accuracy": 0.46568605303764343,
      "test_loss": 2.321430206298828,
      "precision": 1.0,
      "recall": 0.0,
      "f1_score": 0.0,
      "update_norm": 1.0990912914276123,
      "is_attacker": false
    },
    "24": {
      "accuracy": 0.46670907735824585,
      "test_loss": 2.333808422088623,
      "precision": 1.0,
      "recall": 0.0,
      "f1_score": 0.0,
      "update_norm": 1.102197289466858,
      "is_attacker": false
    },
    "25": {
      "accuracy": 0.46533361077308655,
      "test_loss": 2.324427366256714,
      "precision": 1.0,
      "recall": 0.0,
      "f1_score": 0.0,
      "update_norm": 1.0966893434524536,
      "is_attacker": false
    },
    "26": {
      "accuracy": 0.4607515335083008,
      "test_loss": 2.3489346504211426,
      "precision": 1.0,
      "recall": 0.0,
      "f1_score": 0.0,
      "update_norm": 1.1002819538116455,
      "is_attacker": false
    },
    "27": {
      "accuracy": 0.4626772105693817,
      "test_loss": 2.2932565212249756,
      "precision": 1.0,
      "recall": 0.0,
      "f1_score": 0.0,
      "update_norm": 1.1005252599716187,
      "is_attacker": false
    },
    "28": {
      "accuracy": 0.46606433391571045,
      "test_loss": 2.3052892684936523,
      "precision": 1.0,
      "recall": 0.0,
      "f1_score": 0.0,
      "update_norm": 1.0983525514602661,
      "is_attacker": false
    },
    "29": {
      "accuracy": 0.46839404106140137,
      "test_loss": 2.304565906524658,
      "precision": 1.0,
      "recall": 0.0,
      "f1_score": 0.0,
      "update_norm": 1.1019268035888672,
      "is_attacker": false
    },
    "30": {
      "accuracy": 0.47196170687675476,
      "test_loss": 2.274555206298828,
      "precision": 1.0,
      "recall": 0.0,
      "f1_score": 0.0,
      "update_norm": 1.100818395614624,
      "is_attacker": false
    },
    "31": {
      "accuracy": 0.4653765857219696,
      "test_loss": 2.3040099143981934,
      "precision": 1.0,
      "recall": 0.0,
      "f1_score": 0.0,
      "update_norm": 1.1033940315246582,
      "is_attacker": false
    },
    "32": {
      "accuracy": 0.47330278158187866,
      "test_loss": 2.2980740070343018,
      "precision": 1.0,
      "recall": 0.0,
      "f1_score": 0.0,
      "update_norm": 1.0943726301193237,
      "is_attacker": false
    },
    "33": {
      "accuracy": 0.4665801227092743,
      "test_loss": 2.2814114093780518,
      "precision": 1.0,
      "recall": 0.0,
      "f1_score": 0.0,
      "update_norm": 1.0987135171890259,
      "is_attacker": false
    },
    "34": {
      "accuracy": 0.45298007130622864,
      "test_loss": 2.324192762374878,