{
  "round": 63,
  "nodes": {
    "0": {
      "accuracy": 0.5104751586914062,
      "test_loss": 2.491950511932373,
      "precision": 1.0,
      "recall": 0.0,
      "f1_score": 0.0,
      "update_norm": 1.1009016036987305,
      "is_attacker": true
    },
    "1": {
      "accuracy": 0.5313050746917725,
      "test_loss": 2.3354992866516113,
      "precision": 1.0,
      "recall": 0.0,
      "f1_score": 0.0,
      "update_norm": 1.102634310722351,
      "is_attacker": true
    },
    "2": {
      "accuracy": 0.5589522123336792,
      "test_loss": 2.0817368030548096,
      "precision": 1.0,
      "recall": 0.0,
      "f1_score": 0.0,
      "update_norm": 1.0981475114822388,
      "is_attacker": true
    },
    "3": {
      "accuracy": 0.5186076760292053,
      "test_loss": 2.3685545921325684,
      "precision": 1.0,
      "recall": 0.0,
      "f1_score": 0.0,
      "update_norm": 1.099088430404663,
      "is_attacker": true
    },
    "4": {
      "accuracy": 0.5088589787483215,
      "test_loss": 2.450505018234253,
      "precision": 1.0,
      "recall": 0.0,
      "f1_score": 0.0,
      "update_norm": 1.10258948802948,
      "is_attacker": true
    },
    "5": {
      "accuracy": 0.5561239123344421,
      "test_loss": 2.1209630966186523,
      "precision": 1.0,
      "recall": 0.0,
      "f1_score": 0.0,
      "update_norm": 1.0978339910507202,
      "is_attacker": false
    },
    "6": {
      "accuracy": 0.5617117881774902,
      "test_loss": 2.0822811126708984,
      "precision": 1.0,
      "recall": 0.0,
      "f1_score": 0.0,
      "update_norm": 1.096250057220459,
      "is_attacker": false
    },
    "7": {
      "accuracy": 0.5563645958900452,
      "test_loss": 2.1080880165100098,
      "precision": 1.0,
      "recall": 0.0,
      "f1_score": 0.0,
      "update_norm": 1.0957361459732056,
      "is_attacker": false
    },
    "8": {
      "accuracy": 0.554714024066925,
      "test_loss": 2.167388439178467,
      "precision": 1.0,
      "recall": 0.0,
      "f1_score": 0.0,
      "update_norm": 1.1003707647323608,
      "is_attacker": false
    },
    "9": {
      "accuracy": 0.5643423795700073,
      "test_loss": 2.1579811573028564,
      "precision": 1.0,
      "recall": 0.0,
      "f1_score": 0.0,
      "update_norm": 1.0967038869857788,
      "is_attacker": false
    },
    "10": {
      "accuracy": 0.5612217783927917,
      "test_loss": 2.1194076538085938,
      "precision": 1.0,
      "recall": 0.0,
      "f1_score": 0.0,
      "update_norm": 1.0977118015289307,
      "is_attacker": false
    },
    "11": {
      "accuracy": 0.5598720908164978,
      "test_loss": 2.1676931381225586,
      "precision": 1.0,
      "recall": 0.0,
      "f1_score": 0.0,
      "update_norm": 1.1007217168807983,
      "is_attacker": false
    },
    "12": {
      "accuracy": 0.5641016960144043,
      "test_loss": 2.0581068992614746,
      "precision": 1.0,
      "recall": 0.0,
      "f1_score": 0.0,
      "update_norm": 1.0925501585006714,
      "is_attacker": false
    },
    "13": {
      "accuracy": 0.5606629848480225,
      "test_loss": 2.132730007171631,
      "precision": 1.0,
      "recall": 0.0,
      "f1_score": 0.0,
      "update_norm": 1.0942268371582031,
      "is_attacker": false
    },
    "14": {
      "accuracy": 0.5612131953239441,
      "test_loss": 2.0927722454071045,
      "precision": 1.0,
      "recall": 0.0,
      "f1_score": 0.0,
      "update_norm": 1.096439003944397,
      "is_attacker": false
    },
    "15": {
      "accuracy": 0.5525304675102234,
      "test_loss": 2.117814302444458,
      "precision": 1.0,
      "recall": 0.0,
      "f1_score": 0.0,
      "update_norm": 1.0980404615402222,
      "is_attacker": false
    },
    "16": {
      "accuracy": 0.5630443096160889,
      "test_loss": 2.0726466178894043,
      "precision": 1.0,
      "recall": 0.0,
      "f1_score": 0.0,
      "update_norm": 1.0971616506576538,
      "is_attacker": false
    },
    "17": {
      "accuracy": 0.5589694380760193,
      "test_loss": 2.0823745727539062,
      "precision": 1.0,
      "recall": 0.0,
      "f1_score": 0.0,
      "update_norm": 1.0977269411087036,
      "is_attacker": false
    },
    "18": {
      "accuracy": 0.5663110613822937,
      "test_loss": 2.0510852336883545,
      "precision": 1.0,
      "recall": 0.0,
      "f1_score": 0.0,
      "update_norm": 1.1016594171524048,
      "is_attacker": false
    },
    "19": {
      "accuracy": 0.5591585636138916,
      "test_loss": 2.1408071517944336,
      "precision": 1.0,
      "recall": 0.0,
      "f1_score": 0.0,
      "update_norm": 1.0976629257202148,
      "is_attacker": false
    },
    "20": {
      "accuracy": 0.5628121495246887,
      "test_loss": 2.116201162338257,
      "precision": 1.0,
      "recall": 0.0,
      "f1_score": 0.0,
      "update_norm": 1.0964833498001099,
      "is_attacker": false
    },
    "21": {
      "accuracy": 0.559975266456604,
      "test_loss": 2.110257863998413,
      "precision": 1.0,
      "recall": 0.0,
      "f1_score": 0.0,
      "update_norm": 1.098206877708435,
      "is_attacker": false
    },
    "22": {
      "accuracy": 0.5570523738861084,
      "test_loss": 2.0946807861328125,
      "precision": 1.0,
      "recall": 0.0,
      "f1_score": 0.0,
      "update_norm": 1.100019097328186,
      "is_attacker": false
    },
    "23": {
      "accuracy": 0.5594250559806824,
      "test_loss": 2.1086840629577637,
      "precision": 1.0,
      "recall": 0.0,
      "f1_score": 0.0,
      "update_norm": 1.0941181182861328,
      "is_attacker": false
    },
    "24": {
      "accuracy": 0.5588920712471008,
      "test_loss": 2.136963367462158,
      "precision": 1.0,
      "recall": 0.0,
      "f1_score": 0.0,
      "update_norm": 1.1056920289993286,
      "is_attacker": false
    },
    "25": {
      "accuracy": 0.5550751090049744,
      "test_loss": 2.173356294631958,
      "precision": 1.0,
      "recall": 0.0,
      "f1_score": 0.0,
      "update_norm": 1.0965632200241089,
      "is_attacker": false
    },
    "26": {
      "accuracy": 0.5584880113601685,
      "test_loss": 2.0870983600616455,
      "precision": 1.0,
      "recall": 0.0,
      "f1_score": 0.0,
      "update_norm": 1.0942730903625488,
      "is_attacker": false
    },
    "27": {
      "accuracy": 0.5567170977592468,
      "test_loss": 2.1776013374328613,
      "precision": 1.0,
      "recall": 0.0,
      "f1_score": 0.0,
      "update_norm": 1.1013853549957275,
      "is_attacker": false
    },
    "28": {
      "accuracy": 0.5592359304428101,
      "test_loss": 2.1597821712493896,
      "precision": 1.0,
      "recall": 0.0,
      "f1_score": 0.0,
      "update_norm": 1.0995213985443115,
      "is_attacker": false
    },
    "29": {
      "accuracy": 0.5595110058784485,
      "test_loss": 2.074092388153076,
      "precision": 1.0,
      "recall": 0.0,
      "f1_score": 0.0,
      "update_norm": 1.0975240468978882,
      "is_attacker": false
    },
    "30": {
      "accuracy": 0.5606715679168701,
      "test_loss": 2.1055963039398193,
      "precision": 1.0,
      "recall": 0.0,
      "f1_score": 0.0,
      "update_norm": 1.0953946113586426,
      "is_attacker": false
    },
    "31": {
      "accuracy": 0.5637062191963196,
      "test_loss": 2.0509331226348877,
      "precision": 1.0,
      "recall": 0.0,
      "f1_score": 0.0,
      "update_norm": 1.0952661037445068,
      "is_attacker": false
    },
    "32": {
      "accuracy": 0.5580495595932007,
      "test_loss": 2.1291215419769287,
      "precision": 1.0,
      "recall": 0.0,
      "f1_score": 0.0,
      "update_norm": 1.0966414213180542,
      "is_attacker": false
    },
    "33": {
      "accuracy": 0.5618751049041748,
      "test_loss": 2.060551881790161,
      "precision": 1.0,
      "recall": 0.0,
      "f1_score": 0.0,
      "update_norm": 1.0931901931762695,
      "is_attacker": false
    },
    "34": {
      "accuracy": 0.5564162135124207,
      "test_loss": 2.100646495819092,
      "precision": 1.0,