{
  "round": 3,
  "nodes": {
    "0": {
      "accuracy": 0.22740128636360168,
      "test_loss": 3.572706460952759,
      "precision": 1.0,
      "recall": 0.0,
      "f1_score": 0.0,
      "update_norm": 1.109893798828125,
      "is_attacker": true
    },
    "1": {
      "accuracy": 0.23273128271102905,
      "test_loss": 3.5731749534606934,
      "precision": 1.0,
      "recall": 0.0,
      "f1_score": 0.0,
      "update_norm": 1.1076198816299438,
      "is_attacker": true
    },
    "2": {
      "accuracy": 0.22242377698421478,
      "test_loss": 3.5743799209594727,
      "precision": 1.0,
      "recall": 0.0,
      "f1_score": 0.0,
      "update_norm": 1.1053452491760254,
      "is_attacker": true
    },
    "3": {
      "accuracy": 0.21227100491523743,
      "test_loss": 3.577307939529419,
      "precision": 1.0,
      "recall": 0.0,
      "f1_score": 0.0,
      "update_norm": 1.1143181324005127,
      "is_attacker": true
    },
    "4": {
      "accuracy": 0.22712619602680206,
      "test_loss": 3.573303699493408,
      "precision": 1.0,
      "recall": 0.0,
      "f1_score": 0.0,
      "update_norm": 1.1125575304031372,
      "is_attacker": true
    },
    "5": {
      "accuracy": 0.24523955583572388,
      "test_loss": 3.5746634006500244,
      "precision": 1.0,
      "recall": 0.0,
      "f1_score": 0.0,
      "update_norm": 1.1120765209197998,
      "is_attacker": false
    },
    "6": {
      "accuracy": 0.24235104024410248,
      "test_loss": 3.5704216957092285,
      "precision": 1.0,
      "recall": 0.0,
      "f1_score": 0.0,
      "update_norm": 1.1076093912124634,
      "is_attacker": false
    },
    "7": {
      "accuracy": 0.19458748400211334,
      "test_loss": 3.576892614364624,
      "precision": 1.0,
      "recall": 0.0,
      "f1_score": 0.0,
      "update_norm": 1.1122944355010986,
      "is_attacker": false
    },
    "8": {
      "accuracy": 0.2218477874994278,
      "test_loss": 3.5739083290100098,
      "precision": 1.0,
      "recall": 0.0,
      "f1_score": 0.0,
      "update_norm": 1.1066339015960693,
      "is_attacker": false
    },
    "9": {
      "accuracy": 0.20878072082996368,
      "test_loss": 3.5679540634155273,
      "precision": 1.0,
      "recall": 0.0,
      "f1_score": 0.0,
      "update_norm": 1.1148078441619873,
      "is_attacker": false
    },
    "10": {
      "accuracy": 0.16647610068321228,
      "test_loss": 3.5820791721343994,
      "precision": 1.0,
      "recall": 0.0,
      "f1_score": 0.0,
      "update_norm": 1.1079216003417969,
      "is_attacker": false
    },
    "11": {
      "accuracy": 0.2233780026435852,
      "test_loss": 3.5753226280212402,
      "precision": 1.0,
      "recall": 0.0,
      "f1_score": 0.0,
      "update_norm": 1.1165859699249268,
      "is_attacker": false
    },
    "12": {
      "accuracy": 0.21325963735580444,
      "test_loss": 3.5670130252838135,
      "precision": 1.0,
      "recall": 0.0,
      "f1_score": 0.0,
      "update_norm": 1.109579086303711,
      "is_attacker": false
    },
    "13": {
      "accuracy": 0.20198069512844086,
      "test_loss": 3.566385507583618,
      "precision": 1.0,
      "recall": 0.0,
      "f1_score": 0.0,
      "update_norm": 1.1130505800247192,
      "is_attacker": false
    },
    "14": {
      "accuracy": 0.1975705623626709,
      "test_loss": 3.574711799621582,
      "precision": 1.0,
      "recall": 0.0,
      "f1_score": 0.0,
      "update_norm": 1.1138112545013428,
      "is_attacker": false
    },
    "15": {
      "accuracy": 0.2059781849384308,
      "test_loss": 3.578561782836914,
      "precision": 1.0,
      "recall": 0.0,
      "f1_score": 0.0,
      "update_norm": 1.1016627550125122,
      "is_attacker": false
    },
    "16": {
      "accuracy": 0.2106204330921173,
      "test_loss": 3.561999797821045,
      "precision": 1.0,
      "recall": 0.0,
      "f1_score": 0.0,
      "update_norm": 1.1125447750091553,
      "is_attacker": false
    },
    "17": {
      "accuracy": 0.23396921157836914,
      "test_loss": 3.568044662475586,
      "precision": 1.0,
      "recall": 0.0,
      "f1_score": 0.0,
      "update_norm": 1.1105613708496094,
      "is_attacker": false
    },
    "18": {
      "accuracy": 0.24620237946510315,
      "test_loss": 3.5587539672851562,
      "precision": 1.0,
      "recall": 0.0,
      "f1_score": 0.0,
      "update_norm": 1.109296441078186,
      "is_attacker": false
    },
    "19": {
      "accuracy": 0.18491613864898682,
      "test_loss": 3.572988748550415,
      "precision": 1.0,
      "recall": 0.0,
      "f1_score": 0.0,
      "update_norm": 1.1168328523635864,
      "is_attacker": false
    },
    "20": {
      "accuracy": 0.20721611380577087,
      "test_loss": 3.5732195377349854,
      "precision": 1.0,
      "recall": 0.0,
      "f1_score": 0.0,
      "update_norm": 1.1100995540618896,
      "is_attacker": false
    },
    "21": {
      "accuracy": 0.22954188287258148,
      "test_loss": 3.5725960731506348,
      "precision": 1.0,
      "recall": 0.0,
      "f1_score": 0.0,
      "update_norm": 1.1117544174194336,
      "is_attacker": false
    },
    "22": {
      "accuracy": 0.215666726231575,
      "test_loss": 3.5690197944641113,
      "precision": 1.0,
      "recall": 0.0,
      "f1_score": 0.0,
      "update_norm": 1.1121464967727661,
      "is_attacker": false
    },
    "23": {
      "accuracy": 0.23890374600887299,
      "test_loss": 3.562666416168213,
      "precision": 1.0,
      "recall": 0.0,
      "f1_score": 0.0,
      "update_norm": 1.1128493547439575,
      "is_attacker": false
    },
    "24": {
      "accuracy": 0.20756858587265015,
      "test_loss": 3.5638821125030518,
      "precision": 1.0,
      "recall": 0.0,
      "f1_score": 0.0,
      "update_norm": 1.1067695617675781,
      "is_attacker": false
    },
    "25": {
      "accuracy": 0.21407632529735565,
      "test_loss": 3.5665977001190186,
      "precision": 1.0,
      "recall": 0.0,
      "f1_score": 0.0,
      "update_norm": 1.1070853471755981,
      "is_attacker": false
    },
    "26": {
      "accuracy": 0.18149463832378387,
      "test_loss": 3.574044942855835,
      "precision": 1.0,
      "recall": 0.0,
      "f1_score": 0.0,
      "update_norm": 1.1162495613098145,
      "is_attacker": false
    },
    "27": {
      "accuracy": 0.20707856118679047,
      "test_loss": 3.573436975479126,
      "precision": 1.0,
      "recall": 0.0,
      "f1_score": 0.0,
      "update_norm": 1.1105834245681763,
      "is_attacker": false
    },
    "28": {
      "accuracy": 0.21417948603630066,
      "test_loss": 3.5733492374420166,
      "precision": 1.0,
      "recall": 0.0,
      "f1_score": 0.0,
      "update_norm": 1.1057312488555908,
      "is_attacker": false
    },
    "29": {
      "accuracy": 0.1918451189994812,
      "test_loss": 3.5693914890289307,
      "precision": 1.0,
      "recall": 0.0,
      "f1_score": 0.0,
      "update_norm": 1.1105188131332397,
      "is_attacker": false
    },
    "30": {
      "accuracy": 0.182466059923172,
      "test_loss": 3.568380832672119,
      "precision": 1.0,
      "recall": 0.0,
      "f1_score": 0.0,
      "update_norm": 1.1092429161071777,
      "is_attacker": false
    },
    "31": {
      "accuracy": 0.17078307271003723,
      "test_loss": 3.565391778945923,
      "precision": 1.0,
      "recall": 0.0,
      "f1_score": 0.0,
      "update_norm": 1.109071969985962,
      "is_attacker": false
    },
    "32": {
      "accuracy": 0.20933091640472412,
      "test_loss": 3.573277473449707,
      "precision": 1.0,
      "recall": 0.0,
      "f1_score": 0.0,
      "update_norm": 1.1171940565109253,
      "is_attacker": false
    },
    "33": {
      "accuracy": 0.21980175375938416,
      "test_loss": 3.5742435455322266,
      "precision": 1.0,
      "recall": 0.0,
      "f1_score": 0.0,
      "update_norm": 1.1083221435546875,
      "is_attacker": false
    },
    "34": {
      "accuracy": 0.2033303827047348,
      "test_loss": 3.5662803649902344,