{
  "round": 0,
  "nodes": {
    "0": {
      "accuracy": 0.06747590750455856,
      "test_loss": 4.020701885223389,
      "precision": 1.0,
      "recall": 0.0,
      "f1_score": 0.0,
      "update_norm": 1.180158257484436,
      "is_attacker": true
    },
    "1": {
      "accuracy": 0.06806908547878265,
      "test_loss": 4.020354270935059,
      "precision": 1.0,
      "recall": 0.0,
      "f1_score": 0.0,
      "update_norm": 1.1779041290283203,
      "is_attacker": true
    },
    "2": {
      "accuracy": 0.06787995249032974,
      "test_loss": 4.018768310546875,
      "precision": 1.0,
      "recall": 0.0,
      "f1_score": 0.0,
      "update_norm": 1.1845319271087646,
      "is_attacker": true
    },
    "3": {
      "accuracy": 0.06844734400510788,
      "test_loss": 4.017428874969482,
      "precision": 1.0,
      "recall": 0.0,
      "f1_score": 0.0,
      "update_norm": 1.1704306602478027,
      "is_attacker": true
    },
    "4": {
      "accuracy": 0.07001195102930069,
      "test_loss": 4.01688814163208,
      "precision": 1.0,
      "recall": 0.0,
      "f1_score": 0.0,
      "update_norm": 1.1820012331008911,
      "is_attacker": true
    },
    "5": {
      "accuracy": 0.07210955768823624,
      "test_loss": 4.019886016845703,
      "precision": 1.0,
      "recall": 0.0,
      "f1_score": 0.0,
      "update_norm": 1.1815561056137085,
      "is_attacker": false
    },
    "6": {
      "accuracy": 0.08472958952188492,
      "test_loss": 4.022353649139404,
      "precision": 1.0,
      "recall": 0.0,
      "f1_score": 0.0,
      "update_norm": 1.1777769327163696,
      "is_attacker": false
    },
    "7": {
      "accuracy": 0.07329590618610382,
      "test_loss": 4.0139570236206055,
      "precision": 1.0,
      "recall": 0.0,
      "f1_score": 0.0,
      "update_norm": 1.1846500635147095,
      "is_attacker": false
    },
    "8": {
      "accuracy": 0.07324432581663132,
      "test_loss": 4.021158695220947,
      "precision": 1.0,
      "recall": 0.0,
      "f1_score": 0.0,
      "update_norm": 1.1748290061950684,
      "is_attacker": false
    },
    "9": {
      "accuracy": 0.07536772638559341,
      "test_loss": 4.01106071472168,
      "precision": 1.0,
      "recall": 0.0,
      "f1_score": 0.0,
      "update_norm": 1.1750389337539673,
      "is_attacker": false
    },
    "10": {
      "accuracy": 0.054907456040382385,
      "test_loss": 4.016705513000488,
      "precision": 1.0,
      "recall": 0.0,
      "f1_score": 0.0,
      "update_norm": 1.182234525680542,
      "is_attacker": false
    },
    "11": {
      "accuracy": 0.08903656154870987,
      "test_loss": 4.0136823654174805,
      "precision": 1.0,
      "recall": 0.0,
      "f1_score": 0.0,
      "update_norm": 1.1811968088150024,
      "is_attacker": false
    },
    "12": {
      "accuracy": 0.07320994138717651,
      "test_loss": 4.023868560791016,
      "precision": 1.0,
      "recall": 0.0,
      "f1_score": 0.0,
      "update_norm": 1.170120358467102,
      "is_attacker": false
    },
    "13": {
      "accuracy": 0.06551584601402283,
      "test_loss": 4.014242172241211,
      "precision": 1.0,
      "recall": 0.0,
      "f1_score": 0.0,
      "update_norm": 1.1834617853164673,
      "is_attacker": false
    },
    "14": {
      "accuracy": 0.0815487876534462,
      "test_loss": 4.009860992431641,
      "precision": 1.0,
      "recall": 0.0,
      "f1_score": 0.0,
      "update_norm": 1.1802223920822144,
      "is_attacker": false
    },
    "15": {
      "accuracy": 0.06861067563295364,
      "test_loss": 4.013792037963867,
      "precision": 1.0,
      "recall": 0.0,
      "f1_score": 0.0,
      "update_norm": 1.173876404762268,
      "is_attacker": false
    },
    "16": {
      "accuracy": 0.06919525563716888,
      "test_loss": 4.017764568328857,
      "precision": 1.0,
      "recall": 0.0,
      "f1_score": 0.0,
      "update_norm": 1.1806025505065918,
      "is_attacker": false
    },
    "17": {
      "accuracy": 0.07492069900035858,
      "test_loss": 4.01794958114624,
      "precision": 1.0,
      "recall": 0.0,
      "f1_score": 0.0,
      "update_norm": 1.1841639280319214,
      "is_attacker": false
    },
    "18": {
      "accuracy": 0.0693499967455864,
      "test_loss": 4.018670082092285,
      "precision": 1.0,
      "recall": 0.0,
      "f1_score": 0.0,
      "update_norm": 1.1798038482666016,
      "is_attacker": false
    },
    "19": {
      "accuracy": 0.0709317997097969,
      "test_loss": 4.021996021270752,
      "precision": 1.0,
      "recall": 0.0,
      "f1_score": 0.0,
      "update_norm": 1.1778151988983154,
      "is_attacker": false
    },
    "20": {
      "accuracy": 0.09142646193504333,
      "test_loss": 4.025179862976074,
      "precision": 1.0,
      "recall": 0.0,
      "f1_score": 0.0,
      "update_norm": 1.1752233505249023,
      "is_attacker": false
    },
    "21": {
      "accuracy": 0.07163673639297485,
      "test_loss": 4.017325401306152,
      "precision": 1.0,
      "recall": 0.0,
      "f1_score": 0.0,
      "update_norm": 1.1827009916305542,
      "is_attacker": false
    },
    "22": {
      "accuracy": 0.07171410322189331,
      "test_loss": 4.017160415649414,
      "precision": 1.0,
      "recall": 0.0,
      "f1_score": 0.0,
      "update_norm": 1.1748453378677368,
      "is_attacker": false
    },
    "23": {
      "accuracy": 0.06932421028614044,
      "test_loss": 4.009986877441406,
      "precision": 1.0,
      "recall": 0.0,
      "f1_score": 0.0,
      "update_norm": 1.1828103065490723,
      "is_attacker": false
    },
    "24": {
      "accuracy": 0.07370855659246445,
      "test_loss": 4.018524646759033,
      "precision": 1.0,
      "recall": 0.0,
      "f1_score": 0.0,
      "update_norm": 1.1779886484146118,
      "is_attacker": false
    },
    "25": {
      "accuracy": 0.06814645230770111,
      "test_loss": 4.018650054931641,
      "precision": 1.0,
      "recall": 0.0,
      "f1_score": 0.0,
      "update_norm": 1.180834412574768,
      "is_attacker": false
    },
    "26": {
      "accuracy": 0.09333493560552597,
      "test_loss": 4.018492221832275,
      "precision": 1.0,
      "recall": 0.0,
      "f1_score": 0.0,
      "update_norm": 1.178945541381836,
      "is_attacker": false
    },
    "27": {
      "accuracy": 0.07087162882089615,
      "test_loss": 4.010885238647461,
      "precision": 1.0,
      "recall": 0.0,
      "f1_score": 0.0,
      "update_norm": 1.183833360671997,
      "is_attacker": false
    },
    "28": {
      "accuracy": 0.07240184396505356,
      "test_loss": 4.018887996673584,
      "precision": 1.0,
      "recall": 0.0,
      "f1_score": 0.0,
      "update_norm": 1.178041696548462,
      "is_attacker": false
    },
    "29": {
      "accuracy": 0.08065472543239594,
      "test_loss": 4.025216102600098,
      "precision": 1.0,
      "recall": 0.0,
      "f1_score": 0.0,
      "update_norm": 1.1770983934402466,
      "is_attacker": false
    },
    "30": {
      "accuracy": 0.07255658507347107,
      "test_loss": 4.019137859344482,
      "precision": 1.0,
      "recall": 0.0,
      "f1_score": 0.0,
      "update_norm": 1.1791092157363892,
      "is_attacker": false
    },
    "31": {
      "accuracy": 0.07115531712770462,
      "test_loss": 4.0199127197265625,
      "precision": 1.0,
      "recall": 0.0,
      "f1_score": 0.0,
      "update_norm": 1.1781058311462402,
      "is_attacker": false
    },
    "32": {
      "accuracy": 0.07115531712770462,
      "test_loss": 4.0199127197265625,
      "precision": 1.0,
      "recall": 0.0,
      "f1_score": 0.0,
      "update_norm": 1.1761592626571655,
      "is_attacker": false
    },
    "33": {
      "accuracy": 0.07786078751087189,
      "test_loss": 4.022979736328125,
      "precision": 1.0,
      "recall": 0.0,
      "f1_score": 0.0,
      "update_norm": 1.1747292280197144,
      "is_attacker": false
    },
    "34": {
      "accuracy": 0.07113812118768692,
      "test_loss": 4.026710510253906,