{
  "round": 36,
  "nodes": {
    "0": {
      "accuracy": 0.5220807790756226,
      "test_loss": 2.160276174545288,
      "precision": 1.0,
      "recall": 0.0,
      "f1_score": 0.0,
      "update_norm": 1.0981141328811646,
      "is_attacker": true
    },
    "1": {
      "accuracy": 0.5263705253601074,
      "test_loss": 2.1437838077545166,
      "precision": 1.0,
      "recall": 0.0,
      "f1_score": 0.0,
      "update_norm": 1.0974373817443848,
      "is_attacker": true
    },
    "2": {
      "accuracy": 0.5248919129371643,
      "test_loss": 2.138230323791504,
      "precision": 1.0,
      "recall": 0.0,
      "f1_score": 0.0,
      "update_norm": 1.1027835607528687,
      "is_attacker": true
    },
    "3": {
      "accuracy": 0.5171376466751099,
      "test_loss": 2.1849944591522217,
      "precision": 1.0,
      "recall": 0.0,
      "f1_score": 0.0,
      "update_norm": 1.0985918045043945,
      "is_attacker": true
    },
    "4": {
      "accuracy": 0.5153924822807312,
      "test_loss": 2.179079532623291,
      "precision": 1.0,
      "recall": 0.0,
      "f1_score": 0.0,
      "update_norm": 1.0990073680877686,
      "is_attacker": true
    },
    "5": {
      "accuracy": 0.5212125182151794,
      "test_loss": 2.1894302368164062,
      "precision": 1.0,
      "recall": 0.0,
      "f1_score": 0.0,
      "update_norm": 1.1034469604492188,
      "is_attacker": false
    },
    "6": {
      "accuracy": 0.5199659466743469,
      "test_loss": 2.1547913551330566,
      "precision": 1.0,
      "recall": 0.0,
      "f1_score": 0.0,
      "update_norm": 1.1002390384674072,
      "is_attacker": false
    },
    "7": {
      "accuracy": 0.521375834941864,
      "test_loss": 2.2083940505981445,
      "precision": 1.0,
      "recall": 0.0,
      "f1_score": 0.0,
      "update_norm": 1.0975009202957153,
      "is_attacker": false
    },
    "8": {
      "accuracy": 0.5201120972633362,
      "test_loss": 2.203279972076416,
      "precision": 1.0,
      "recall": 0.0,
      "f1_score": 0.0,
      "update_norm": 1.0977901220321655,
      "is_attacker": false
    },
    "9": {
      "accuracy": 0.5324742197990417,
      "test_loss": 2.193629264831543,
      "precision": 1.0,
      "recall": 0.0,
      "f1_score": 0.0,
      "update_norm": 1.098104476928711,
      "is_attacker": false
    },
    "10": {
      "accuracy": 0.5288119912147522,
      "test_loss": 2.140953779220581,
      "precision": 1.0,
      "recall": 0.0,
      "f1_score": 0.0,
      "update_norm": 1.098032832145691,
      "is_attacker": false
    },
    "11": {
      "accuracy": 0.5230951905250549,
      "test_loss": 2.185159206390381,
      "precision": 1.0,
      "recall": 0.0,
      "f1_score": 0.0,
      "update_norm": 1.0990351438522339,
      "is_attacker": false
    },
    "12": {
      "accuracy": 0.5194587707519531,
      "test_loss": 2.151026487350464,
      "precision": 1.0,
      "recall": 0.0,
      "f1_score": 0.0,
      "update_norm": 1.1013182401657104,
      "is_attacker": false
    },
    "13": {
      "accuracy": 0.523310124874115,
      "test_loss": 2.1731011867523193,
      "precision": 1.0,
      "recall": 0.0,
      "f1_score": 0.0,
      "update_norm": 1.0978987216949463,
      "is_attacker": false
    },
    "14": {
      "accuracy": 0.5258719325065613,
      "test_loss": 2.1682169437408447,
      "precision": 1.0,
      "recall": 0.0,
      "f1_score": 0.0,
      "update_norm": 1.102797508239746,
      "is_attacker": false
    },
    "15": {
      "accuracy": 0.52000892162323,
      "test_loss": 2.164944887161255,
      "precision": 1.0,
      "recall": 0.0,
      "f1_score": 0.0,
      "update_norm": 1.1016477346420288,
      "is_attacker": false
    },
    "16": {
      "accuracy": 0.5322163105010986,
      "test_loss": 2.1714284420013428,
      "precision": 1.0,
      "recall": 0.0,
      "f1_score": 0.0,
      "update_norm": 1.09612238407135,
      "is_attacker": false
    },
    "17": {
      "accuracy": 0.5158223509788513,
      "test_loss": 2.1988916397094727,
      "precision": 1.0,
      "recall": 0.0,
      "f1_score": 0.0,
      "update_norm": 1.097962498664856,
      "is_attacker": false
    },
    "18": {
      "accuracy": 0.5253217220306396,
      "test_loss": 2.156715154647827,
      "precision": 1.0,
      "recall": 0.0,
      "f1_score": 0.0,
      "update_norm": 1.098562479019165,
      "is_attacker": false
    },
    "19": {
      "accuracy": 0.5224847793579102,
      "test_loss": 2.1977922916412354,
      "precision": 1.0,
      "recall": 0.0,
      "f1_score": 0.0,
      "update_norm": 1.0965380668640137,
      "is_attacker": false
    },
    "20": {
      "accuracy": 0.5265940427780151,
      "test_loss": 2.171910285949707,
      "precision": 1.0,
      "recall": 0.0,
      "f1_score": 0.0,
      "update_norm": 1.1009057760238647,
      "is_attacker": false
    },
    "21": {
      "accuracy": 0.5245566368103027,
      "test_loss": 2.1791367530822754,
      "precision": 1.0,
      "recall": 0.0,
      "f1_score": 0.0,
      "update_norm": 1.0968446731567383,
      "is_attacker": false
    },
    "22": {
      "accuracy": 0.5236195921897888,
      "test_loss": 2.1714675426483154,
      "precision": 1.0,
      "recall": 0.0,
      "f1_score": 0.0,
      "update_norm": 1.1032534837722778,
      "is_attacker": false
    },
    "23": {
      "accuracy": 0.515263557434082,
      "test_loss": 2.202096462249756,
      "precision": 1.0,
      "recall": 0.0,
      "f1_score": 0.0,
      "update_norm": 1.0968364477157593,
      "is_attacker": false
    },
    "24": {
      "accuracy": 0.5205763578414917,
      "test_loss": 2.2164082527160645,
      "precision": 1.0,
      "recall": 0.0,
      "f1_score": 0.0,
      "update_norm": 1.0988088846206665,
      "is_attacker": false
    },
    "25": {
      "accuracy": 0.5225191712379456,
      "test_loss": 2.2164366245269775,
      "precision": 1.0,
      "recall": 0.0,
      "f1_score": 0.0,
      "update_norm": 1.0949777364730835,
      "is_attacker": false
    },
    "26": {
      "accuracy": 0.5225191712379456,
      "test_loss": 2.163264274597168,
      "precision": 1.0,
      "recall": 0.0,
      "f1_score": 0.0,
      "update_norm": 1.0961037874221802,
      "is_attacker": false
    },
    "27": {
      "accuracy": 0.5200691223144531,
      "test_loss": 2.165959596633911,
      "precision": 1.0,
      "recall": 0.0,
      "f1_score": 0.0,
      "update_norm": 1.093892216682434,
      "is_attacker": false
    },
    "28": {
      "accuracy": 0.5269551277160645,
      "test_loss": 2.15690279006958,
      "precision": 1.0,
      "recall": 0.0,
      "f1_score": 0.0,
      "update_norm": 1.0967051982879639,
      "is_attacker": false
    },
    "29": {
      "accuracy": 0.5230607986450195,
      "test_loss": 2.1573851108551025,
      "precision": 1.0,
      "recall": 0.0,
      "f1_score": 0.0,
      "update_norm": 1.1031512022018433,
      "is_attacker": false
    },
    "30": {
      "accuracy": 0.5204129815101624,
      "test_loss": 2.1788055896759033,
      "precision": 1.0,
      "recall": 0.0,
      "f1_score": 0.0,
      "update_norm": 1.1010421514511108,
      "is_attacker": false
    },
    "31": {
      "accuracy": 0.5198456048965454,
      "test_loss": 2.1669132709503174,
      "precision": 1.0,
      "recall": 0.0,
      "f1_score": 0.0,
      "update_norm": 1.1007437705993652,
      "is_attacker": false
    },
    "32": {
      "accuracy": 0.5200261473655701,
      "test_loss": 2.2188632488250732,
      "precision": 1.0,
      "recall": 0.0,
      "f1_score": 0.0,
      "update_norm": 1.096766710281372,
      "is_attacker": false
    },
    "33": {
      "accuracy": 0.5236883759498596,
      "test_loss": 2.142765522003174,
      "precision": 1.0,
      "recall": 0.0,
      "f1_score": 0.0,
      "update_norm": 1.098026990890503,
      "is_attacker": false
    },
    "34": {
      "accuracy": 0.5160630345344543,
      "test_loss": 2.1703250408172607,
      "precision": 1.0,