{
  "round": 2,
  "nodes": {
    "0": {
      "accuracy": 0.204723060131073,
      "test_loss": 3.6427369117736816,
      "precision": 1.0,
      "recall": 0.0,
      "f1_score": 0.0,
      "update_norm": 1.117166519165039,
      "is_attacker": true
    },
    "1": {
      "accuracy": 0.19923833012580872,
      "test_loss": 3.6431643962860107,
      "precision": 1.0,
      "recall": 0.0,
      "f1_score": 0.0,
      "update_norm": 1.122069001197815,
      "is_attacker": true
    },
    "2": {
      "accuracy": 0.20510131120681763,
      "test_loss": 3.6436452865600586,
      "precision": 1.0,
      "recall": 0.0,
      "f1_score": 0.0,
      "update_norm": 1.1174856424331665,
      "is_attacker": true
    },
    "3": {
      "accuracy": 0.19498293101787567,
      "test_loss": 3.6473355293273926,
      "precision": 1.0,
      "recall": 0.0,
      "f1_score": 0.0,
      "update_norm": 1.1193931102752686,
      "is_attacker": true
    },
    "4": {
      "accuracy": 0.2192171812057495,
      "test_loss": 3.6449289321899414,
      "precision": 1.0,
      "recall": 0.0,
      "f1_score": 0.0,
      "update_norm": 1.1133995056152344,
      "is_attacker": true
    },
    "5": {
      "accuracy": 0.1938653588294983,
      "test_loss": 3.643989086151123,
      "precision": 1.0,
      "recall": 0.0,
      "f1_score": 0.0,
      "update_norm": 1.1253111362457275,
      "is_attacker": false
    },
    "6": {
      "accuracy": 0.2147124856710434,
      "test_loss": 3.63651704788208,
      "precision": 1.0,
      "recall": 0.0,
      "f1_score": 0.0,
      "update_norm": 1.1144180297851562,
      "is_attacker": false
    },
    "7": {
      "accuracy": 0.181073397397995,
      "test_loss": 3.6480908393859863,
      "precision": 1.0,
      "recall": 0.0,
      "f1_score": 0.0,
      "update_norm": 1.1161483526229858,
      "is_attacker": false
    },
    "8": {
      "accuracy": 0.19481100142002106,
      "test_loss": 3.6495699882507324,
      "precision": 1.0,
      "recall": 0.0,
      "f1_score": 0.0,
      "update_norm": 1.1121230125427246,
      "is_attacker": false
    },
    "9": {
      "accuracy": 0.18375557661056519,
      "test_loss": 3.6450624465942383,
      "precision": 1.0,
      "recall": 0.0,
      "f1_score": 0.0,
      "update_norm": 1.1154139041900635,
      "is_attacker": false
    },
    "10": {
      "accuracy": 0.12600259482860565,
      "test_loss": 3.6426916122436523,
      "precision": 1.0,
      "recall": 0.0,
      "f1_score": 0.0,
      "update_norm": 1.1150492429733276,
      "is_attacker": false
    },
    "11": {
      "accuracy": 0.17350825667381287,
      "test_loss": 3.6471171379089355,
      "precision": 1.0,
      "recall": 0.0,
      "f1_score": 0.0,
      "update_norm": 1.1201667785644531,
      "is_attacker": false
    },
    "12": {
      "accuracy": 0.1955331265926361,
      "test_loss": 3.642551898956299,
      "precision": 1.0,
      "recall": 0.0,
      "f1_score": 0.0,
      "update_norm": 1.120017647743225,
      "is_attacker": false
    },
    "13": {
      "accuracy": 0.18402208387851715,
      "test_loss": 3.6433167457580566,
      "precision": 1.0,
      "recall": 0.0,
      "f1_score": 0.0,
      "update_norm": 1.1191773414611816,
      "is_attacker": false
    },
    "14": {
      "accuracy": 0.1855093091726303,
      "test_loss": 3.643022060394287,
      "precision": 1.0,
      "recall": 0.0,
      "f1_score": 0.0,
      "update_norm": 1.1167696714401245,
      "is_attacker": false
    },
    "15": {
      "accuracy": 0.16773122549057007,
      "test_loss": 3.6454193592071533,
      "precision": 1.0,
      "recall": 0.0,
      "f1_score": 0.0,
      "update_norm": 1.115655779838562,
      "is_attacker": false
    },
    "16": {
      "accuracy": 0.1776948720216751,
      "test_loss": 3.637394905090332,
      "precision": 1.0,
      "recall": 0.0,
      "f1_score": 0.0,
      "update_norm": 1.1222602128982544,
      "is_attacker": false
    },
    "17": {
      "accuracy": 0.17293226718902588,
      "test_loss": 3.6400177478790283,
      "precision": 1.0,
      "recall": 0.0,
      "f1_score": 0.0,
      "update_norm": 1.1197465658187866,
      "is_attacker": false
    },
    "18": {
      "accuracy": 0.19356447458267212,
      "test_loss": 3.6342358589172363,
      "precision": 1.0,
      "recall": 0.0,
      "f1_score": 0.0,
      "update_norm": 1.1177456378936768,
      "is_attacker": false
    },
    "19": {
      "accuracy": 0.15957291424274445,
      "test_loss": 3.6420600414276123,
      "precision": 1.0,
      "recall": 0.0,
      "f1_score": 0.0,
      "update_norm": 1.1282768249511719,
      "is_attacker": false
    },
    "20": {
      "accuracy": 0.19136370718479156,
      "test_loss": 3.6434099674224854,
      "precision": 1.0,
      "recall": 0.0,
      "f1_score": 0.0,
      "update_norm": 1.1175779104232788,
      "is_attacker": false
    },
    "21": {
      "accuracy": 0.19654753804206848,
      "test_loss": 3.638739824295044,
      "precision": 1.0,
      "recall": 0.0,
      "f1_score": 0.0,
      "update_norm": 1.1172655820846558,
      "is_attacker": false
    },
    "22": {
      "accuracy": 0.20469726622104645,
      "test_loss": 3.6366231441497803,
      "precision": 1.0,
      "recall": 0.0,
      "f1_score": 0.0,
      "update_norm": 1.1180176734924316,
      "is_attacker": false
    },
    "23": {
      "accuracy": 0.19135510921478271,
      "test_loss": 3.6393468379974365,
      "precision": 1.0,
      "recall": 0.0,
      "f1_score": 0.0,
      "update_norm": 1.11690354347229,
      "is_attacker": false
    },
    "24": {
      "accuracy": 0.19360744953155518,
      "test_loss": 3.636082649230957,
      "precision": 1.0,
      "recall": 0.0,
      "f1_score": 0.0,
      "update_norm": 1.119526743888855,
      "is_attacker": false
    },
    "25": {
      "accuracy": 0.1732589453458786,
      "test_loss": 3.635244607925415,
      "precision": 1.0,
      "recall": 0.0,
      "f1_score": 0.0,
      "update_norm": 1.1197155714035034,
      "is_attacker": false
    },
    "26": {
      "accuracy": 0.1638626903295517,
      "test_loss": 3.6424155235290527,
      "precision": 1.0,
      "recall": 0.0,
      "f1_score": 0.0,
      "update_norm": 1.1111156940460205,
      "is_attacker": false
    },
    "27": {
      "accuracy": 0.1626247614622116,
      "test_loss": 3.6400375366210938,
      "precision": 1.0,
      "recall": 0.0,
      "f1_score": 0.0,
      "update_norm": 1.1144288778305054,
      "is_attacker": false
    },
    "28": {
      "accuracy": 0.14574933052062988,
      "test_loss": 3.6430439949035645,
      "precision": 1.0,
      "recall": 0.0,
      "f1_score": 0.0,
      "update_norm": 1.1162805557250977,
      "is_attacker": false
    },
    "29": {
      "accuracy": 0.14623935520648956,
      "test_loss": 3.6442015171051025,
      "precision": 1.0,
      "recall": 0.0,
      "f1_score": 0.0,
      "update_norm": 1.1204264163970947,
      "is_attacker": false
    },
    "30": {
      "accuracy": 0.1952064484357834,
      "test_loss": 3.6399729251861572,
      "precision": 1.0,
      "recall": 0.0,
      "f1_score": 0.0,
      "update_norm": 1.1172301769256592,
      "is_attacker": false
    },
    "31": {
      "accuracy": 0.1339631825685501,
      "test_loss": 3.6422455310821533,
      "precision": 1.0,
      "recall": 0.0,
      "f1_score": 0.0,
      "update_norm": 1.1175979375839233,
      "is_attacker": false
    },
    "32": {
      "accuracy": 0.16995778679847717,
      "test_loss": 3.64178204536438,
      "precision": 1.0,
      "recall": 0.0,
      "f1_score": 0.0,
      "update_norm": 1.1139124631881714,
      "is_attacker": false
    },
    "33": {
      "accuracy": 0.17812471091747284,
      "test_loss": 3.642529249191284,
      "precision": 1.0,
      "recall": 0.0,
      "f1_score": 0.0,
      "update_norm": 1.119044303894043,
      "is_attacker": false
    },
    "34": {
      "accuracy": 0.17520180344581604,
      "test_loss": 3.6314303874969482,