{
  "round": 37,
  "nodes": {
    "0": {
      "accuracy": 0.5255452394485474,
      "test_loss": 2.144426107406616,
      "precision": 1.0,
      "recall": 0.0,
      "f1_score": 0.0,
      "update_norm": 1.0999220609664917,
      "is_attacker": true
    },
    "1": {
      "accuracy": 0.5283907651901245,
      "test_loss": 2.1326582431793213,
      "precision": 1.0,
      "recall": 0.0,
      "f1_score": 0.0,
      "update_norm": 1.1019423007965088,
      "is_attacker": true
    },
    "2": {
      "accuracy": 0.5273419618606567,
      "test_loss": 2.1221678256988525,
      "precision": 1.0,
      "recall": 0.0,
      "f1_score": 0.0,
      "update_norm": 1.1048195362091064,
      "is_attacker": true
    },
    "3": {
      "accuracy": 0.5194243788719177,
      "test_loss": 2.167410373687744,
      "precision": 1.0,
      "recall": 0.0,
      "f1_score": 0.0,
      "update_norm": 1.0971081256866455,
      "is_attacker": true
    },
    "4": {
      "accuracy": 0.5168711543083191,
      "test_loss": 2.167900323867798,
      "precision": 1.0,
      "recall": 0.0,
      "f1_score": 0.0,
      "update_norm": 1.0948820114135742,
      "is_attacker": true
    },
    "5": {
      "accuracy": 0.5198541879653931,
      "test_loss": 2.190310001373291,
      "precision": 1.0,
      "recall": 0.0,
      "f1_score": 0.0,
      "update_norm": 1.0992933511734009,
      "is_attacker": false
    },
    "6": {
      "accuracy": 0.5217111110687256,
      "test_loss": 2.1574182510375977,
      "precision": 1.0,
      "recall": 0.0,
      "f1_score": 0.0,
      "update_norm": 1.102363109588623,
      "is_attacker": false
    },
    "7": {
      "accuracy": 0.5230522155761719,
      "test_loss": 2.200897693634033,
      "precision": 1.0,
      "recall": 0.0,
      "f1_score": 0.0,
      "update_norm": 1.102734923362732,
      "is_attacker": false
    },
    "8": {
      "accuracy": 0.5196994543075562,
      "test_loss": 2.20166015625,
      "precision": 1.0,
      "recall": 0.0,
      "f1_score": 0.0,
      "update_norm": 1.098535418510437,
      "is_attacker": false
    },
    "9": {
      "accuracy": 0.5339099168777466,
      "test_loss": 2.1858222484588623,
      "precision": 1.0,
      "recall": 0.0,
      "f1_score": 0.0,
      "update_norm": 1.0958307981491089,
      "is_attacker": false
    },
    "10": {
      "accuracy": 0.5278148055076599,
      "test_loss": 2.151507616043091,
      "precision": 1.0,
      "recall": 0.0,
      "f1_score": 0.0,
      "update_norm": 1.0966814756393433,
      "is_attacker": false
    },
    "11": {
      "accuracy": 0.5234562158584595,
      "test_loss": 2.188519239425659,
      "precision": 1.0,
      "recall": 0.0,
      "f1_score": 0.0,
      "update_norm": 1.099922776222229,
      "is_attacker": false
    },
    "12": {
      "accuracy": 0.5192094445228577,
      "test_loss": 2.160980463027954,
      "precision": 1.0,
      "recall": 0.0,
      "f1_score": 0.0,
      "update_norm": 1.102590799331665,
      "is_attacker": false
    },
    "13": {
      "accuracy": 0.5257429480552673,
      "test_loss": 2.200516939163208,
      "precision": 1.0,
      "recall": 0.0,
      "f1_score": 0.0,
      "update_norm": 1.093306541442871,
      "is_attacker": false
    },
    "14": {
      "accuracy": 0.5284251570701599,
      "test_loss": 2.1669559478759766,
      "precision": 1.0,
      "recall": 0.0,
      "f1_score": 0.0,
      "update_norm": 1.102720022201538,
      "is_attacker": false
    },
    "15": {
      "accuracy": 0.5217970609664917,
      "test_loss": 2.1652631759643555,
      "precision": 1.0,
      "recall": 0.0,
      "f1_score": 0.0,
      "update_norm": 1.1010606288909912,
      "is_attacker": false
    },
    "16": {
      "accuracy": 0.5330158472061157,
      "test_loss": 2.181586980819702,
      "precision": 1.0,
      "recall": 0.0,
      "f1_score": 0.0,
      "update_norm": 1.0986547470092773,
      "is_attacker": false
    },
    "17": {
      "accuracy": 0.5170344710350037,
      "test_loss": 2.197744846343994,
      "precision": 1.0,
      "recall": 0.0,
      "f1_score": 0.0,
      "update_norm": 1.0995725393295288,
      "is_attacker": false
    },
    "18": {
      "accuracy": 0.530987024307251,
      "test_loss": 2.1229355335235596,
      "precision": 1.0,
      "recall": 0.0,
      "f1_score": 0.0,
      "update_norm": 1.0953161716461182,
      "is_attacker": false
    },
    "19": {
      "accuracy": 0.5247801542282104,
      "test_loss": 2.2015278339385986,
      "precision": 1.0,
      "recall": 0.0,
      "f1_score": 0.0,
      "update_norm": 1.1010544300079346,
      "is_attacker": false
    },
    "20": {
      "accuracy": 0.5278406143188477,
      "test_loss": 2.1856820583343506,
      "precision": 1.0,
      "recall": 0.0,
      "f1_score": 0.0,
      "update_norm": 1.1017794609069824,
      "is_attacker": false
    },
    "21": {
      "accuracy": 0.5268605351448059,
      "test_loss": 2.1660962104797363,
      "precision": 1.0,
      "recall": 0.0,
      "f1_score": 0.0,
      "update_norm": 1.0965019464492798,
      "is_attacker": false
    },
    "22": {
      "accuracy": 0.5252357721328735,
      "test_loss": 2.1745104789733887,
      "precision": 1.0,
      "recall": 0.0,
      "f1_score": 0.0,
      "update_norm": 1.0946224927902222,
      "is_attacker": false
    },
    "23": {
      "accuracy": 0.5207998156547546,
      "test_loss": 2.1658294200897217,
      "precision": 1.0,
      "recall": 0.0,
      "f1_score": 0.0,
      "update_norm": 1.10114324092865,
      "is_attacker": false
    },
    "24": {
      "accuracy": 0.5208256244659424,
      "test_loss": 2.2331912517547607,
      "precision": 1.0,
      "recall": 0.0,
      "f1_score": 0.0,
      "update_norm": 1.1032154560089111,
      "is_attacker": false
    },
    "25": {
      "accuracy": 0.526508092880249,
      "test_loss": 2.194509267807007,
      "precision": 1.0,
      "recall": 0.0,
      "f1_score": 0.0,
      "update_norm": 1.0990214347839355,
      "is_attacker": false
    },
    "26": {
      "accuracy": 0.5228630900382996,
      "test_loss": 2.177321434020996,
      "precision": 1.0,
      "recall": 0.0,
      "f1_score": 0.0,
      "update_norm": 1.0988235473632812,
      "is_attacker": false
    },
    "27": {
      "accuracy": 0.5199573636054993,
      "test_loss": 2.1792426109313965,
      "precision": 1.0,
      "recall": 0.0,
      "f1_score": 0.0,
      "update_norm": 1.0948889255523682,
      "is_attacker": false
    },
    "28": {
      "accuracy": 0.526920735836029,
      "test_loss": 2.161027193069458,
      "precision": 1.0,
      "recall": 0.0,
      "f1_score": 0.0,
      "update_norm": 1.1025424003601074,
      "is_attacker": false
    },
    "29": {
      "accuracy": 0.5247371792793274,
      "test_loss": 2.163980484008789,
      "precision": 1.0,
      "recall": 0.0,
      "f1_score": 0.0,
      "update_norm": 1.1012072563171387,
      "is_attacker": false
    },
    "30": {
      "accuracy": 0.5258031487464905,
      "test_loss": 2.1832058429718018,
      "precision": 1.0,
      "recall": 0.0,
      "f1_score": 0.0,
      "update_norm": 1.1029516458511353,
      "is_attacker": false
    },
    "31": {
      "accuracy": 0.5200605392456055,
      "test_loss": 2.1710355281829834,
      "precision": 1.0,
      "recall": 0.0,
      "f1_score": 0.0,
      "update_norm": 1.0992755889892578,
      "is_attacker": false
    },
    "32": {
      "accuracy": 0.5210405588150024,
      "test_loss": 2.2041687965393066,
      "precision": 1.0,
      "recall": 0.0,
      "f1_score": 0.0,
      "update_norm": 1.1036769151687622,
      "is_attacker": false
    },
    "33": {
      "accuracy": 0.5258719325065613,
      "test_loss": 2.1299631595611572,
      "precision": 1.0,
      "recall": 0.0,
      "f1_score": 0.0,
      "update_norm": 1.1006003618240356,
      "is_attacker": false
    },
    "34": {
      "accuracy": 0.5202324390411377,
      "test_loss": 2.1456825733184814,
      "precision": 1.0,