{
  "round": 17,
  "nodes": {
    "0": {
      "accuracy": 0.45386552810668945,
      "test_loss": 2.3265175819396973,
      "precision": 1.0,
      "recall": 0.0,
      "f1_score": 0.0,
      "update_norm": 1.0932259559631348,
      "is_attacker": true
    },
    "1": {
      "accuracy": 0.45671966671943665,
      "test_loss": 2.3278088569641113,
      "precision": 1.0,
      "recall": 0.0,
      "f1_score": 0.0,
      "update_norm": 1.1018638610839844,
      "is_attacker": true
    },
    "2": {
      "accuracy": 0.45670247077941895,
      "test_loss": 2.322706937789917,
      "precision": 1.0,
      "recall": 0.0,
      "f1_score": 0.0,
      "update_norm": 1.1057398319244385,
      "is_attacker": true
    },
    "3": {
      "accuracy": 0.4506073594093323,
      "test_loss": 2.3420932292938232,
      "precision": 1.0,
      "recall": 0.0,
      "f1_score": 0.0,
      "update_norm": 1.095615267753601,
      "is_attacker": true
    },
    "4": {
      "accuracy": 0.4533841013908386,
      "test_loss": 2.332077980041504,
      "precision": 1.0,
      "recall": 0.0,
      "f1_score": 0.0,
      "update_norm": 1.1017134189605713,
      "is_attacker": true
    },
    "5": {
      "accuracy": 0.44688495993614197,
      "test_loss": 2.375109910964966,
      "precision": 1.0,
      "recall": 0.0,
      "f1_score": 0.0,
      "update_norm": 1.1044508218765259,
      "is_attacker": false
    },
    "6": {
      "accuracy": 0.44803693890571594,
      "test_loss": 2.3601677417755127,
      "precision": 1.0,
      "recall": 0.0,
      "f1_score": 0.0,
      "update_norm": 1.1038851737976074,
      "is_attacker": false
    },
    "7": {
      "accuracy": 0.45033225417137146,
      "test_loss": 2.381173849105835,
      "precision": 1.0,
      "recall": 0.0,
      "f1_score": 0.0,
      "update_norm": 1.097498893737793,
      "is_attacker": false
    },
    "8": {
      "accuracy": 0.452601820230484,
      "test_loss": 2.3587567806243896,
      "precision": 1.0,
      "recall": 0.0,
      "f1_score": 0.0,
      "update_norm": 1.100528597831726,
      "is_attacker": false
    },
    "9": {
      "accuracy": 0.46205824613571167,
      "test_loss": 2.348529577255249,
      "precision": 1.0,
      "recall": 0.0,
      "f1_score": 0.0,
      "update_norm": 1.103066325187683,
      "is_attacker": false
    },
    "10": {
      "accuracy": 0.45182809233665466,
      "test_loss": 2.346510648727417,
      "precision": 1.0,
      "recall": 0.0,
      "f1_score": 0.0,
      "update_norm": 1.0995532274246216,
      "is_attacker": false
    },
    "11": {
      "accuracy": 0.45602330565452576,
      "test_loss": 2.3556244373321533,
      "precision": 1.0,
      "recall": 0.0,
      "f1_score": 0.0,
      "update_norm": 1.1045764684677124,
      "is_attacker": false
    },
    "12": {
      "accuracy": 0.45109736919403076,
      "test_loss": 2.3306689262390137,
      "precision": 1.0,
      "recall": 0.0,
      "f1_score": 0.0,
      "update_norm": 1.1016032695770264,
      "is_attacker": false
    },
    "13": {
      "accuracy": 0.45181089639663696,
      "test_loss": 2.356096029281616,
      "precision": 1.0,
      "recall": 0.0,
      "f1_score": 0.0,
      "update_norm": 1.0993211269378662,
      "is_attacker": false
    },
    "14": {
      "accuracy": 0.4669755697250366,
      "test_loss": 2.3135697841644287,
      "precision": 1.0,
      "recall": 0.0,
      "f1_score": 0.0,
      "update_norm": 1.1005568504333496,
      "is_attacker": false
    },
    "15": {
      "accuracy": 0.4525674283504486,
      "test_loss": 2.345682382583618,
      "precision": 1.0,
      "recall": 0.0,
      "f1_score": 0.0,
      "update_norm": 1.104682445526123,
      "is_attacker": false
    },
    "16": {
      "accuracy": 0.4566938579082489,
      "test_loss": 2.3491384983062744,
      "precision": 1.0,
      "recall": 0.0,
      "f1_score": 0.0,
      "update_norm": 1.1038305759429932,
      "is_attacker": false
    },
    "17": {
      "accuracy": 0.4463519752025604,
      "test_loss": 2.3361310958862305,
      "precision": 1.0,
      "recall": 0.0,
      "f1_score": 0.0,
      "update_norm": 1.1006137132644653,
      "is_attacker": false
    },
    "18": {
      "accuracy": 0.45087385177612305,
      "test_loss": 2.355422258377075,
      "precision": 1.0,
      "recall": 0.0,
      "f1_score": 0.0,
      "update_norm": 1.1052566766738892,
      "is_attacker": false
    },
    "19": {
      "accuracy": 0.44967031478881836,
      "test_loss": 2.3796679973602295,
      "precision": 1.0,
      "recall": 0.0,
      "f1_score": 0.0,
      "update_norm": 1.1046507358551025,
      "is_attacker": false
    },
    "20": {
      "accuracy": 0.4554903209209442,
      "test_loss": 2.33203387260437,
      "precision": 1.0,
      "recall": 0.0,
      "f1_score": 0.0,
      "update_norm": 1.101091980934143,
      "is_attacker": false
    },
    "21": {
      "accuracy": 0.45757073163986206,
      "test_loss": 2.3384315967559814,
      "precision": 1.0,
      "recall": 0.0,
      "f1_score": 0.0,
      "update_norm": 1.0957814455032349,
      "is_attacker": false
    },
    "22": {
      "accuracy": 0.45558488368988037,
      "test_loss": 2.3445749282836914,
      "precision": 1.0,
      "recall": 0.0,
      "f1_score": 0.0,
      "update_norm": 1.100001335144043,
      "is_attacker": false
    },
    "23": {
      "accuracy": 0.4507964849472046,
      "test_loss": 2.3565850257873535,
      "precision": 1.0,
      "recall": 0.0,
      "f1_score": 0.0,
      "update_norm": 1.1040133237838745,
      "is_attacker": false
    },
    "24": {
      "accuracy": 0.45549890398979187,
      "test_loss": 2.3468198776245117,
      "precision": 1.0,
      "recall": 0.0,
      "f1_score": 0.0,
      "update_norm": 1.099263072013855,
      "is_attacker": false
    },
    "25": {
      "accuracy": 0.4545876681804657,
      "test_loss": 2.3595807552337646,
      "precision": 1.0,
      "recall": 0.0,
      "f1_score": 0.0,
      "update_norm": 1.1023132801055908,
      "is_attacker": false
    },
    "26": {
      "accuracy": 0.4514928162097931,
      "test_loss": 2.3773791790008545,
      "precision": 1.0,
      "recall": 0.0,
      "f1_score": 0.0,
      "update_norm": 1.1049625873565674,
      "is_attacker": false
    },
    "27": {
      "accuracy": 0.4450194835662842,
      "test_loss": 2.343465566635132,
      "precision": 1.0,
      "recall": 0.0,
      "f1_score": 0.0,
      "update_norm": 1.096782922744751,
      "is_attacker": false
    },
    "28": {
      "accuracy": 0.4570635259151459,
      "test_loss": 2.338190793991089,
      "precision": 1.0,
      "recall": 0.0,
      "f1_score": 0.0,
      "update_norm": 1.100034475326538,
      "is_attacker": false
    },
    "29": {
      "accuracy": 0.45408904552459717,
      "test_loss": 2.3496968746185303,
      "precision": 1.0,
      "recall": 0.0,
      "f1_score": 0.0,
      "update_norm": 1.103670597076416,
      "is_attacker": false
    },
    "30": {
      "accuracy": 0.45243847370147705,
      "test_loss": 2.3401401042938232,
      "precision": 1.0,
      "recall": 0.0,
      "f1_score": 0.0,
      "update_norm": 1.0980669260025024,
      "is_attacker": false
    },
    "31": {
      "accuracy": 0.4519226551055908,
      "test_loss": 2.3467695713043213,
      "precision": 1.0,
      "recall": 0.0,
      "f1_score": 0.0,
      "update_norm": 1.102858304977417,
      "is_attacker": false
    },
    "32": {
      "accuracy": 0.4592041075229645,
      "test_loss": 2.3193631172180176,
      "precision": 1.0,
      "recall": 0.0,
      "f1_score": 0.0,
      "update_norm": 1.099171757698059,
      "is_attacker": false
    },
    "33": {
      "accuracy": 0.45389991998672485,
      "test_loss": 2.3430392742156982,
      "precision": 1.0,
      "recall": 0.0,
      "f1_score": 0.0,
      "update_norm": 1.0971983671188354,
      "is_attacker": false
    },
    "34": {
      "accuracy": 0.4448819160461426,
      "test_loss": 2.3556067943573,