{
  "round": 7,
  "nodes": {
    "0": {
      "accuracy": 0.3061303496360779,
      "test_loss": 3.1009838581085205,
      "precision": 1.0,
      "recall": 0.0,
      "f1_score": 0.0,
      "update_norm": 1.1111533641815186,
      "is_attacker": true
    },
    "1": {
      "accuracy": 0.3028377890586853,
      "test_loss": 3.1019630432128906,
      "precision": 1.0,
      "recall": 0.0,
      "f1_score": 0.0,
      "update_norm": 1.1205501556396484,
      "is_attacker": true
    },
    "2": {
      "accuracy": 0.29445594549179077,
      "test_loss": 3.102663993835449,
      "precision": 1.0,
      "recall": 0.0,
      "f1_score": 0.0,
      "update_norm": 1.1161744594573975,
      "is_attacker": true
    },
    "3": {
      "accuracy": 0.29179954528808594,
      "test_loss": 3.1050667762756348,
      "precision": 1.0,
      "recall": 0.0,
      "f1_score": 0.0,
      "update_norm": 1.1049407720565796,
      "is_attacker": true
    },
    "4": {
      "accuracy": 0.3030956983566284,
      "test_loss": 3.100975275039673,
      "precision": 1.0,
      "recall": 0.0,
      "f1_score": 0.0,
      "update_norm": 1.1148717403411865,
      "is_attacker": true
    },
    "5": {
      "accuracy": 0.30330201983451843,
      "test_loss": 3.1246578693389893,
      "precision": 1.0,
      "recall": 0.0,
      "f1_score": 0.0,
      "update_norm": 1.1148817539215088,
      "is_attacker": false
    },
    "6": {
      "accuracy": 0.30248531699180603,
      "test_loss": 3.1175529956817627,
      "precision": 1.0,
      "recall": 0.0,
      "f1_score": 0.0,
      "update_norm": 1.1064602136611938,
      "is_attacker": false
    },
    "7": {
      "accuracy": 0.29943346977233887,
      "test_loss": 3.0985631942749023,
      "precision": 1.0,
      "recall": 0.0,
      "f1_score": 0.0,
      "update_norm": 1.114633321762085,
      "is_attacker": false
    },
    "8": {
      "accuracy": 0.2933899462223053,
      "test_loss": 3.111433506011963,
      "precision": 1.0,
      "recall": 0.0,
      "f1_score": 0.0,
      "update_norm": 1.114153265953064,
      "is_attacker": false
    },
    "9": {
      "accuracy": 0.31967881321907043,
      "test_loss": 3.096287727355957,
      "precision": 1.0,
      "recall": 0.0,
      "f1_score": 0.0,
      "update_norm": 1.1152809858322144,
      "is_attacker": false
    },
    "10": {
      "accuracy": 0.2807183563709259,
      "test_loss": 3.1137173175811768,
      "precision": 1.0,
      "recall": 0.0,
      "f1_score": 0.0,
      "update_norm": 1.1106585264205933,
      "is_attacker": false
    },
    "11": {
      "accuracy": 0.29647618532180786,
      "test_loss": 3.1009621620178223,
      "precision": 1.0,
      "recall": 0.0,
      "f1_score": 0.0,
      "update_norm": 1.112338662147522,
      "is_attacker": false
    },
    "12": {
      "accuracy": 0.3057262897491455,
      "test_loss": 3.0896177291870117,
      "precision": 1.0,
      "recall": 0.0,
      "f1_score": 0.0,
      "update_norm": 1.1093991994857788,
      "is_attacker": false
    },
    "13": {
      "accuracy": 0.27324777841567993,
      "test_loss": 3.09964919090271,
      "precision": 1.0,
      "recall": 0.0,
      "f1_score": 0.0,
      "update_norm": 1.113478422164917,
      "is_attacker": false
    },
    "14": {
      "accuracy": 0.298135370016098,
      "test_loss": 3.0986151695251465,
      "precision": 1.0,
      "recall": 0.0,
      "f1_score": 0.0,
      "update_norm": 1.1137367486953735,
      "is_attacker": false
    },
    "15": {
      "accuracy": 0.287294864654541,
      "test_loss": 3.1298320293426514,
      "precision": 1.0,
      "recall": 0.0,
      "f1_score": 0.0,
      "update_norm": 1.1102460622787476,
      "is_attacker": false
    },
    "16": {
      "accuracy": 0.3214583694934845,
      "test_loss": 3.074826240539551,
      "precision": 1.0,
      "recall": 0.0,
      "f1_score": 0.0,
      "update_norm": 1.1148070096969604,
      "is_attacker": false
    },
    "17": {
      "accuracy": 0.3036544919013977,
      "test_loss": 3.1054136753082275,
      "precision": 1.0,
      "recall": 0.0,
      "f1_score": 0.0,
      "update_norm": 1.10782790184021,
      "is_attacker": false
    },
    "18": {
      "accuracy": 0.33050215244293213,
      "test_loss": 3.083069324493408,
      "precision": 1.0,
      "recall": 0.0,
      "f1_score": 0.0,
      "update_norm": 1.1177858114242554,
      "is_attacker": false
    },
    "19": {
      "accuracy": 0.28643518686294556,
      "test_loss": 3.12162709236145,
      "precision": 1.0,
      "recall": 0.0,
      "f1_score": 0.0,
      "update_norm": 1.1135226488113403,
      "is_attacker": false
    },
    "20": {
      "accuracy": 0.29616671800613403,
      "test_loss": 3.0929791927337646,
      "precision": 1.0,
      "recall": 0.0,
      "f1_score": 0.0,
      "update_norm": 1.1151759624481201,
      "is_attacker": false
    },
    "21": {
      "accuracy": 0.32080501317977905,
      "test_loss": 3.0900096893310547,
      "precision": 1.0,
      "recall": 0.0,
      "f1_score": 0.0,
      "update_norm": 1.1122857332229614,
      "is_attacker": false
    },
    "22": {
      "accuracy": 0.3102911710739136,
      "test_loss": 3.0880038738250732,
      "precision": 1.0,
      "recall": 0.0,
      "f1_score": 0.0,
      "update_norm": 1.1074302196502686,
      "is_attacker": false
    },
    "23": {
      "accuracy": 0.3015654683113098,
      "test_loss": 3.102102518081665,
      "precision": 1.0,
      "recall": 0.0,
      "f1_score": 0.0,
      "update_norm": 1.1125307083129883,
      "is_attacker": false
    },
    "24": {
      "accuracy": 0.31460675597190857,
      "test_loss": 3.1112093925476074,
      "precision": 1.0,
      "recall": 0.0,
      "f1_score": 0.0,
      "update_norm": 1.113877773284912,
      "is_attacker": false
    },
    "25": {
      "accuracy": 0.30890709161758423,
      "test_loss": 3.1058647632598877,
      "precision": 1.0,
      "recall": 0.0,
      "f1_score": 0.0,
      "update_norm": 1.1109007596969604,
      "is_attacker": false
    },
    "26": {
      "accuracy": 0.28177574276924133,
      "test_loss": 3.1224324703216553,
      "precision": 1.0,
      "recall": 0.0,
      "f1_score": 0.0,
      "update_norm": 1.1116153001785278,
      "is_attacker": false
    },
    "27": {
      "accuracy": 0.2815350294113159,
      "test_loss": 3.1393930912017822,
      "precision": 1.0,
      "recall": 0.0,
      "f1_score": 0.0,
      "update_norm": 1.1128257513046265,
      "is_attacker": false
    },
    "28": {
      "accuracy": 0.32188817858695984,
      "test_loss": 3.1223814487457275,
      "precision": 1.0,
      "recall": 0.0,
      "f1_score": 0.0,
      "update_norm": 1.1093322038650513,
      "is_attacker": false
    },
    "29": {
      "accuracy": 0.29647618532180786,
      "test_loss": 3.131587505340576,
      "precision": 1.0,
      "recall": 0.0,
      "f1_score": 0.0,
      "update_norm": 1.1139460802078247,
      "is_attacker": false
    },
    "30": {
      "accuracy": 0.2868306338787079,
      "test_loss": 3.1200850009918213,
      "precision": 1.0,
      "recall": 0.0,
      "f1_score": 0.0,
      "update_norm": 1.1130679845809937,
      "is_attacker": false
    },
    "31": {
      "accuracy": 0.30272603034973145,
      "test_loss": 3.1034958362579346,
      "precision": 1.0,
      "recall": 0.0,
      "f1_score": 0.0,
      "update_norm": 1.110742449760437,
      "is_attacker": false
    },
    "32": {
      "accuracy": 0.3133172392845154,
      "test_loss": 3.1285126209259033,
      "precision": 1.0,
      "recall": 0.0,
      "f1_score": 0.0,
      "update_norm": 1.1107677221298218,
      "is_attacker": false
    },
    "33": {
      "accuracy": 0.28848981857299805,
      "test_loss": 3.101480007171631,
      "precision": 1.0,
      "recall": 0.0,
      "f1_score": 0.0,
      "update_norm": 1.1135119199752808,
      "is_attacker": false
    },
    "34": {
      "accuracy": 0.29999226331710815,
      "test_loss": 3.1099584102630615,