{
  "round": 96,
  "nodes": {
    "0": {
      "accuracy": 0.45050421357154846,
      "test_loss": 3.849510908126831,
      "precision": 1.0,
      "recall": 0.0,
      "f1_score": 0.0,
      "update_norm": 1.1089887619018555,
      "is_attacker": true
    },
    "1": {
      "accuracy": 0.5002536177635193,
      "test_loss": 2.9245684146881104,
      "precision": 1.0,
      "recall": 0.0,
      "f1_score": 0.0,
      "update_norm": 1.1063579320907593,
      "is_attacker": true
    },
    "2": {
      "accuracy": 0.5759308338165283,
      "test_loss": 2.1187055110931396,
      "precision": 1.0,
      "recall": 0.0,
      "f1_score": 0.0,
      "update_norm": 1.106439232826233,
      "is_attacker": true
    },
    "3": {
      "accuracy": 0.42890915274620056,
      "test_loss": 3.528398275375366,
      "precision": 1.0,
      "recall": 0.0,
      "f1_score": 0.0,
      "update_norm": 1.1051852703094482,
      "is_attacker": true
    },
    "4": {
      "accuracy": 0.34511661529541016,
      "test_loss": 4.476995944976807,
      "precision": 1.0,
      "recall": 0.0,
      "f1_score": 0.0,
      "update_norm": 1.1143617630004883,
      "is_attacker": true
    },
    "5": {
      "accuracy": 0.5847424864768982,
      "test_loss": 2.0346860885620117,
      "precision": 1.0,
      "recall": 0.0,
      "f1_score": 0.0,
      "update_norm": 1.1027981042861938,
      "is_attacker": false
    },
    "6": {
      "accuracy": 0.5729563236236572,
      "test_loss": 2.160745859146118,
      "precision": 1.0,
      "recall": 0.0,
      "f1_score": 0.0,
      "update_norm": 1.0950291156768799,
      "is_attacker": false
    },
    "7": {
      "accuracy": 0.45884305238723755,
      "test_loss": 3.7053000926971436,
      "precision": 1.0,
      "recall": 0.0,
      "f1_score": 0.0,
      "update_norm": 1.1089893579483032,
      "is_attacker": false
    },
    "8": {
      "accuracy": 0.584243893623352,
      "test_loss": 2.073793888092041,
      "precision": 1.0,
      "recall": 0.0,
      "f1_score": 0.0,
      "update_norm": 1.0996835231781006,
      "is_attacker": false
    },
    "9": {
      "accuracy": 0.5878459215164185,
      "test_loss": 2.0908727645874023,
      "precision": 1.0,
      "recall": 0.0,
      "f1_score": 0.0,
      "update_norm": 1.1000679731369019,
      "is_attacker": false
    },
    "10": {
      "accuracy": 0.5864102840423584,
      "test_loss": 2.0659053325653076,
      "precision": 1.0,
      "recall": 0.0,
      "f1_score": 0.0,
      "update_norm": 1.1008026599884033,
      "is_attacker": false
    },
    "11": {
      "accuracy": 0.5661391019821167,
      "test_loss": 2.270097017288208,
      "precision": 1.0,
      "recall": 0.0,
      "f1_score": 0.0,
      "update_norm": 1.0974675416946411,
      "is_attacker": false
    },
    "12": {
      "accuracy": 0.5762918591499329,
      "test_loss": 2.1382362842559814,
      "precision": 1.0,
      "recall": 0.0,
      "f1_score": 0.0,
      "update_norm": 1.094609260559082,
      "is_attacker": false
    },
    "13": {
      "accuracy": 0.585963249206543,
      "test_loss": 2.0884621143341064,
      "precision": 1.0,
      "recall": 0.0,
      "f1_score": 0.0,
      "update_norm": 1.100687026977539,
      "is_attacker": false
    },
    "14": {
      "accuracy": 0.5853614807128906,
      "test_loss": 2.0919861793518066,
      "precision": 1.0,
      "recall": 0.0,
      "f1_score": 0.0,
      "update_norm": 1.0976206064224243,
      "is_attacker": false
    },
    "15": {
      "accuracy": 0.5811232328414917,
      "test_loss": 2.039973497390747,
      "precision": 1.0,
      "recall": 0.0,
      "f1_score": 0.0,
      "update_norm": 1.099671483039856,
      "is_attacker": false
    },
    "16": {
      "accuracy": 0.5852066874504089,
      "test_loss": 1.9793095588684082,
      "precision": 1.0,
      "recall": 0.0,
      "f1_score": 0.0,
      "update_norm": 1.0987529754638672,
      "is_attacker": false
    },
    "17": {
      "accuracy": 0.5855506062507629,
      "test_loss": 2.023649215698242,
      "precision": 1.0,
      "recall": 0.0,
      "f1_score": 0.0,
      "update_norm": 1.100515365600586,
      "is_attacker": false
    },
    "18": {
      "accuracy": 0.5882585644721985,
      "test_loss": 2.073070764541626,
      "precision": 1.0,
      "recall": 0.0,
      "f1_score": 0.0,
      "update_norm": 1.0985809564590454,
      "is_attacker": false
    },
    "19": {
      "accuracy": 0.5849831700325012,
      "test_loss": 2.1155567169189453,
      "precision": 1.0,
      "recall": 0.0,
      "f1_score": 0.0,
      "update_norm": 1.0967706441879272,
      "is_attacker": false
    },
    "20": {
      "accuracy": 0.5863242745399475,
      "test_loss": 2.09330153465271,
      "precision": 1.0,
      "recall": 0.0,
      "f1_score": 0.0,
      "update_norm": 1.1014344692230225,
      "is_attacker": false
    },
    "21": {
      "accuracy": 0.5872355699539185,
      "test_loss": 2.0469563007354736,
      "precision": 1.0,
      "recall": 0.0,
      "f1_score": 0.0,
      "update_norm": 1.1026651859283447,
      "is_attacker": false
    },
    "22": {
      "accuracy": 0.5870034098625183,
      "test_loss": 2.0417423248291016,
      "precision": 1.0,
      "recall": 0.0,
      "f1_score": 0.0,
      "update_norm": 1.0976377725601196,
      "is_attacker": false
    },
    "23": {
      "accuracy": 0.5867025256156921,
      "test_loss": 2.0316712856292725,
      "precision": 1.0,
      "recall": 0.0,
      "f1_score": 0.0,
      "update_norm": 1.097067952156067,
      "is_attacker": false
    },
    "24": {
      "accuracy": 0.5830833315849304,
      "test_loss": 2.1604678630828857,
      "precision": 1.0,
      "recall": 0.0,
      "f1_score": 0.0,
      "update_norm": 1.0979785919189453,
      "is_attacker": false
    },
    "25": {
      "accuracy": 0.5851637125015259,
      "test_loss": 2.087369918823242,
      "precision": 1.0,
      "recall": 0.0,
      "f1_score": 0.0,
      "update_norm": 1.0921223163604736,
      "is_attacker": false
    },
    "26": {
      "accuracy": 0.5802807807922363,
      "test_loss": 2.059619903564453,
      "precision": 1.0,
      "recall": 0.0,
      "f1_score": 0.0,
      "update_norm": 1.094642162322998,
      "is_attacker": false
    },
    "27": {
      "accuracy": 0.5831521153450012,
      "test_loss": 2.131281614303589,
      "precision": 1.0,
      "recall": 0.0,
      "f1_score": 0.0,
      "update_norm": 1.101418375968933,
      "is_attacker": false
    },
    "28": {
      "accuracy": 0.5831692814826965,
      "test_loss": 2.118657112121582,
      "precision": 1.0,
      "recall": 0.0,
      "f1_score": 0.0,
      "update_norm": 1.1032562255859375,
      "is_attacker": false
    },
    "29": {
      "accuracy": 0.5864618420600891,
      "test_loss": 2.0558676719665527,
      "precision": 1.0,
      "recall": 0.0,
      "f1_score": 0.0,
      "update_norm": 1.0956214666366577,
      "is_attacker": false
    },
    "30": {
      "accuracy": 0.586246907711029,
      "test_loss": 2.048346757888794,
      "precision": 1.0,
      "recall": 0.0,
      "f1_score": 0.0,
      "update_norm": 1.0945664644241333,
      "is_attacker": false
    },
    "31": {
      "accuracy": 0.5890494585037231,
      "test_loss": 1.9981178045272827,
      "precision": 1.0,
      "recall": 0.0,
      "f1_score": 0.0,
      "update_norm": 1.0996208190917969,
      "is_attacker": false
    },
    "32": {
      "accuracy": 0.5838484168052673,
      "test_loss": 2.0806543827056885,
      "precision": 1.0,
      "recall": 0.0,
      "f1_score": 0.0,
      "update_norm": 1.0958168506622314,
      "is_attacker": false
    },
    "33": {
      "accuracy": 0.5913447737693787,
      "test_loss": 1.9805452823638916,
      "precision": 1.0,
      "recall": 0.0,
      "f1_score": 0.0,
      "update_norm": 1.0993990898132324,
      "is_attacker": false
    },
    "34": {
      "accuracy": 0.5884305238723755,
      "test_loss": 2.028806209564209,
      "precision": 1.0,