{
  "round": 45,
  "nodes": {
    "0": {
      "accuracy": 0.5247801542282104,
      "test_loss": 2.240816831588745,
      "precision": 1.0,
      "recall": 0.0,
      "f1_score": 0.0,
      "update_norm": 1.100812315940857,
      "is_attacker": true
    },
    "1": {
      "accuracy": 0.5339099168777466,
      "test_loss": 2.187636613845825,
      "precision": 1.0,
      "recall": 0.0,
      "f1_score": 0.0,
      "update_norm": 1.0976330041885376,
      "is_attacker": true
    },
    "2": {
      "accuracy": 0.5383114218711853,
      "test_loss": 2.1335256099700928,
      "precision": 1.0,
      "recall": 0.0,
      "f1_score": 0.0,
      "update_norm": 1.1034908294677734,
      "is_attacker": true
    },
    "3": {
      "accuracy": 0.5191836357116699,
      "test_loss": 2.236025094985962,
      "precision": 1.0,
      "recall": 0.0,
      "f1_score": 0.0,
      "update_norm": 1.0968915224075317,
      "is_attacker": true
    },
    "4": {
      "accuracy": 0.5176964402198792,
      "test_loss": 2.2399330139160156,
      "precision": 1.0,
      "recall": 0.0,
      "f1_score": 0.0,
      "update_norm": 1.101776123046875,
      "is_attacker": true
    },
    "5": {
      "accuracy": 0.5341076254844666,
      "test_loss": 2.1818177700042725,
      "precision": 1.0,
      "recall": 0.0,
      "f1_score": 0.0,
      "update_norm": 1.0999683141708374,
      "is_attacker": false
    },
    "6": {
      "accuracy": 0.5357667803764343,
      "test_loss": 2.147799015045166,
      "precision": 1.0,
      "recall": 0.0,
      "f1_score": 0.0,
      "update_norm": 1.0955924987792969,
      "is_attacker": false
    },
    "7": {
      "accuracy": 0.5361536145210266,
      "test_loss": 2.178453207015991,
      "precision": 1.0,
      "recall": 0.0,
      "f1_score": 0.0,
      "update_norm": 1.1039540767669678,
      "is_attacker": false
    },
    "8": {
      "accuracy": 0.5408904552459717,
      "test_loss": 2.1081442832946777,
      "precision": 1.0,
      "recall": 0.0,
      "f1_score": 0.0,
      "update_norm": 1.1013628244400024,
      "is_attacker": false
    },
    "9": {
      "accuracy": 0.5426012277603149,
      "test_loss": 2.209399938583374,
      "precision": 1.0,
      "recall": 0.0,
      "f1_score": 0.0,
      "update_norm": 1.095965027809143,
      "is_attacker": false
    },
    "10": {
      "accuracy": 0.5396095514297485,
      "test_loss": 2.1382312774658203,
      "precision": 1.0,
      "recall": 0.0,
      "f1_score": 0.0,
      "update_norm": 1.098987102508545,
      "is_attacker": false
    },
    "11": {
      "accuracy": 0.5368241667747498,
      "test_loss": 2.180939197540283,
      "precision": 1.0,
      "recall": 0.0,
      "f1_score": 0.0,
      "update_norm": 1.1057231426239014,
      "is_attacker": false
    },
    "12": {
      "accuracy": 0.5351564288139343,
      "test_loss": 2.1116979122161865,
      "precision": 1.0,
      "recall": 0.0,
      "f1_score": 0.0,
      "update_norm": 1.0983798503875732,
      "is_attacker": false
    },
    "13": {
      "accuracy": 0.5395751595497131,
      "test_loss": 2.1381609439849854,
      "precision": 1.0,
      "recall": 0.0,
      "f1_score": 0.0,
      "update_norm": 1.104225993156433,
      "is_attacker": false
    },
    "14": {
      "accuracy": 0.5412601232528687,
      "test_loss": 2.119755744934082,
      "precision": 1.0,
      "recall": 0.0,
      "f1_score": 0.0,
      "update_norm": 1.1000101566314697,
      "is_attacker": false
    },
    "15": {
      "accuracy": 0.535362720489502,
      "test_loss": 2.1569366455078125,
      "precision": 1.0,
      "recall": 0.0,
      "f1_score": 0.0,
      "update_norm": 1.0950695276260376,
      "is_attacker": false
    },
    "16": {
      "accuracy": 0.546779215335846,
      "test_loss": 2.119265556335449,
      "precision": 1.0,
      "recall": 0.0,
      "f1_score": 0.0,
      "update_norm": 1.095160722732544,
      "is_attacker": false
    },
    "17": {
      "accuracy": 0.5351822376251221,
      "test_loss": 2.1715714931488037,
      "precision": 1.0,
      "recall": 0.0,
      "f1_score": 0.0,
      "update_norm": 1.0982415676116943,
      "is_attacker": false
    },
    "18": {
      "accuracy": 0.5446300506591797,
      "test_loss": 2.1150295734405518,
      "precision": 1.0,
      "recall": 0.0,
      "f1_score": 0.0,
      "update_norm": 1.0973149538040161,
      "is_attacker": false
    },
    "19": {
      "accuracy": 0.5370820760726929,
      "test_loss": 2.1899771690368652,
      "precision": 1.0,
      "recall": 0.0,
      "f1_score": 0.0,
      "update_norm": 1.1009745597839355,
      "is_attacker": false
    },
    "20": {
      "accuracy": 0.5421198010444641,
      "test_loss": 2.143397092819214,
      "precision": 1.0,
      "recall": 0.0,
      "f1_score": 0.0,
      "update_norm": 1.1026910543441772,
      "is_attacker": false
    },
    "21": {
      "accuracy": 0.53931725025177,
      "test_loss": 2.1286604404449463,
      "precision": 1.0,
      "recall": 0.0,
      "f1_score": 0.0,
      "update_norm": 1.097713589668274,
      "is_attacker": false
    },
    "22": {
      "accuracy": 0.5336777567863464,
      "test_loss": 2.148850440979004,
      "precision": 1.0,
      "recall": 0.0,
      "f1_score": 0.0,
      "update_norm": 1.1045132875442505,
      "is_attacker": false
    },
    "23": {
      "accuracy": 0.5393860340118408,
      "test_loss": 2.1349575519561768,
      "precision": 1.0,
      "recall": 0.0,
      "f1_score": 0.0,
      "update_norm": 1.097668170928955,
      "is_attacker": false
    },
    "24": {
      "accuracy": 0.5383028388023376,
      "test_loss": 2.188795804977417,
      "precision": 1.0,
      "recall": 0.0,
      "f1_score": 0.0,
      "update_norm": 1.094714641571045,
      "is_attacker": false
    },
    "25": {
      "accuracy": 0.539274275302887,
      "test_loss": 2.164335012435913,
      "precision": 1.0,
      "recall": 0.0,
      "f1_score": 0.0,
      "update_norm": 1.098409652709961,
      "is_attacker": false
    },
    "26": {
      "accuracy": 0.5333768725395203,
      "test_loss": 2.1548805236816406,
      "precision": 1.0,
      "recall": 0.0,
      "f1_score": 0.0,
      "update_norm": 1.0987054109573364,
      "is_attacker": false
    },
    "27": {
      "accuracy": 0.5353283286094666,
      "test_loss": 2.1191914081573486,
      "precision": 1.0,
      "recall": 0.0,
      "f1_score": 0.0,
      "update_norm": 1.0927082300186157,
      "is_attacker": false
    },
    "28": {
      "accuracy": 0.5410881638526917,
      "test_loss": 2.156944751739502,
      "precision": 1.0,
      "recall": 0.0,
      "f1_score": 0.0,
      "update_norm": 1.1010327339172363,
      "is_attacker": false
    },
    "29": {
      "accuracy": 0.5366178750991821,
      "test_loss": 2.1251797676086426,
      "precision": 1.0,
      "recall": 0.0,
      "f1_score": 0.0,
      "update_norm": 1.1062371730804443,
      "is_attacker": false
    },
    "30": {
      "accuracy": 0.5401167273521423,
      "test_loss": 2.1280252933502197,
      "precision": 1.0,
      "recall": 0.0,
      "f1_score": 0.0,
      "update_norm": 1.101475715637207,
      "is_attacker": false
    },
    "31": {
      "accuracy": 0.5382598638534546,
      "test_loss": 2.1011812686920166,
      "precision": 1.0,
      "recall": 0.0,
      "f1_score": 0.0,
      "update_norm": 1.0903277397155762,
      "is_attacker": false
    },
    "32": {
      "accuracy": 0.5382254719734192,
      "test_loss": 2.1094233989715576,
      "precision": 1.0,
      "recall": 0.0,
      "f1_score": 0.0,
      "update_norm": 1.092821478843689,
      "is_attacker": false
    },
    "33": {
      "accuracy": 0.5324656367301941,
      "test_loss": 2.159270763397217,
      "precision": 1.0,
      "recall": 0.0,
      "f1_score": 0.0,
      "update_norm": 1.1017886400222778,
      "is_attacker": false
    },
    "34": {
      "accuracy": 0.5335918068885803,
      "test_loss": 2.115048408508301,
      "precision": 1.0,