{
  "round": 14,
  "nodes": {
    "0": {
      "accuracy": 0.42872002720832825,
      "test_loss": 2.424241304397583,
      "precision": 1.0,
      "recall": 0.0,
      "f1_score": 0.0,
      "update_norm": 1.1076393127441406,
      "is_attacker": true
    },
    "1": {
      "accuracy": 0.4282557964324951,
      "test_loss": 2.426464796066284,
      "precision": 1.0,
      "recall": 0.0,
      "f1_score": 0.0,
      "update_norm": 1.1040337085723877,
      "is_attacker": true
    },
    "2": {
      "accuracy": 0.4243442714214325,
      "test_loss": 2.4299445152282715,
      "precision": 1.0,
      "recall": 0.0,
      "f1_score": 0.0,
      "update_norm": 1.1025161743164062,
      "is_attacker": true
    },
    "3": {
      "accuracy": 0.42085400223731995,
      "test_loss": 2.444150447845459,
      "precision": 1.0,
      "recall": 0.0,
      "f1_score": 0.0,
      "update_norm": 1.1001269817352295,
      "is_attacker": true
    },
    "4": {
      "accuracy": 0.42661383748054504,
      "test_loss": 2.4360320568084717,
      "precision": 1.0,
      "recall": 0.0,
      "f1_score": 0.0,
      "update_norm": 1.1064273118972778,
      "is_attacker": true
    },
    "5": {
      "accuracy": 0.42132681608200073,
      "test_loss": 2.469071626663208,
      "precision": 1.0,
      "recall": 0.0,
      "f1_score": 0.0,
      "update_norm": 1.101723313331604,
      "is_attacker": false
    },
    "6": {
      "accuracy": 0.423441618680954,
      "test_loss": 2.444410562515259,
      "precision": 1.0,
      "recall": 0.0,
      "f1_score": 0.0,
      "update_norm": 1.1013219356536865,
      "is_attacker": false
    },
    "7": {
      "accuracy": 0.4205015301704407,
      "test_loss": 2.4775497913360596,
      "precision": 1.0,
      "recall": 0.0,
      "f1_score": 0.0,
      "update_norm": 1.0978549718856812,
      "is_attacker": false
    },
    "8": {
      "accuracy": 0.4223756194114685,
      "test_loss": 2.464858055114746,
      "precision": 1.0,
      "recall": 0.0,
      "f1_score": 0.0,
      "update_norm": 1.1044617891311646,
      "is_attacker": false
    },
    "9": {
      "accuracy": 0.43220171332359314,
      "test_loss": 2.4518423080444336,
      "precision": 1.0,
      "recall": 0.0,
      "f1_score": 0.0,
      "update_norm": 1.099421501159668,
      "is_attacker": false
    },
    "10": {
      "accuracy": 0.41973641514778137,
      "test_loss": 2.459620237350464,
      "precision": 1.0,
      "recall": 0.0,
      "f1_score": 0.0,
      "update_norm": 1.105781078338623,
      "is_attacker": false
    },
    "11": {
      "accuracy": 0.42323529720306396,
      "test_loss": 2.441920042037964,
      "precision": 1.0,
      "recall": 0.0,
      "f1_score": 0.0,
      "update_norm": 1.1090490818023682,
      "is_attacker": false
    },
    "12": {
      "accuracy": 0.4284019470214844,
      "test_loss": 2.421456813812256,
      "precision": 1.0,
      "recall": 0.0,
      "f1_score": 0.0,
      "update_norm": 1.1023329496383667,
      "is_attacker": false
    },
    "13": {
      "accuracy": 0.4198567867279053,
      "test_loss": 2.4627325534820557,
      "precision": 1.0,
      "recall": 0.0,
      "f1_score": 0.0,
      "update_norm": 1.1044126749038696,
      "is_attacker": false
    },
    "14": {
      "accuracy": 0.43881261348724365,
      "test_loss": 2.432354211807251,
      "precision": 1.0,
      "recall": 0.0,
      "f1_score": 0.0,
      "update_norm": 1.1013598442077637,
      "is_attacker": false
    },
    "15": {
      "accuracy": 0.42790335416793823,
      "test_loss": 2.4558310508728027,
      "precision": 1.0,
      "recall": 0.0,
      "f1_score": 0.0,
      "update_norm": 1.105329990386963,
      "is_attacker": false
    },
    "16": {
      "accuracy": 0.4351847767829895,
      "test_loss": 2.431182384490967,
      "precision": 1.0,
      "recall": 0.0,
      "f1_score": 0.0,
      "update_norm": 1.1059139966964722,
      "is_attacker": false
    },
    "17": {
      "accuracy": 0.4101768434047699,
      "test_loss": 2.464773178100586,
      "precision": 1.0,
      "recall": 0.0,
      "f1_score": 0.0,
      "update_norm": 1.1000008583068848,
      "is_attacker": false
    },
    "18": {
      "accuracy": 0.42734456062316895,
      "test_loss": 2.44073748588562,
      "precision": 1.0,
      "recall": 0.0,
      "f1_score": 0.0,
      "update_norm": 1.1029714345932007,
      "is_attacker": false
    },
    "19": {
      "accuracy": 0.42216071486473083,
      "test_loss": 2.485511541366577,
      "precision": 1.0,
      "recall": 0.0,
      "f1_score": 0.0,
      "update_norm": 1.0987831354141235,
      "is_attacker": false
    },
    "20": {
      "accuracy": 0.42170509696006775,
      "test_loss": 2.43450665473938,
      "precision": 1.0,
      "recall": 0.0,
      "f1_score": 0.0,
      "update_norm": 1.105217456817627,
      "is_attacker": false
    },
    "21": {
      "accuracy": 0.4348151385784149,
      "test_loss": 2.444492816925049,
      "precision": 1.0,
      "recall": 0.0,
      "f1_score": 0.0,
      "update_norm": 1.100963830947876,
      "is_attacker": false
    },
    "22": {
      "accuracy": 0.4297344386577606,
      "test_loss": 2.4401233196258545,
      "precision": 1.0,
      "recall": 0.0,
      "f1_score": 0.0,
      "update_norm": 1.1011453866958618,
      "is_attacker": false
    },
    "23": {
      "accuracy": 0.42581433057785034,
      "test_loss": 2.4479334354400635,
      "precision": 1.0,
      "recall": 0.0,
      "f1_score": 0.0,
      "update_norm": 1.1024274826049805,
      "is_attacker": false
    },
    "24": {
      "accuracy": 0.41817182302474976,
      "test_loss": 2.471970796585083,
      "precision": 1.0,
      "recall": 0.0,
      "f1_score": 0.0,
      "update_norm": 1.1020084619522095,
      "is_attacker": false
    },
    "25": {
      "accuracy": 0.42751649022102356,
      "test_loss": 2.4630658626556396,
      "precision": 1.0,
      "recall": 0.0,
      "f1_score": 0.0,
      "update_norm": 1.1017061471939087,
      "is_attacker": false
    },
    "26": {
      "accuracy": 0.42629575729370117,
      "test_loss": 2.456575870513916,
      "precision": 1.0,
      "recall": 0.0,
      "f1_score": 0.0,
      "update_norm": 1.1042065620422363,
      "is_attacker": false
    },
    "27": {
      "accuracy": 0.42114630341529846,
      "test_loss": 2.460792303085327,
      "precision": 1.0,
      "recall": 0.0,
      "f1_score": 0.0,
      "update_norm": 1.0971192121505737,
      "is_attacker": false
    },
    "28": {
      "accuracy": 0.43186643719673157,
      "test_loss": 2.438817024230957,
      "precision": 1.0,
      "recall": 0.0,
      "f1_score": 0.0,
      "update_norm": 1.1040006875991821,
      "is_attacker": false
    },
    "29": {
      "accuracy": 0.4267084002494812,
      "test_loss": 2.4678428173065186,
      "precision": 1.0,
      "recall": 0.0,
      "f1_score": 0.0,
      "update_norm": 1.1027437448501587,
      "is_attacker": false
    },
    "30": {
      "accuracy": 0.43373194336891174,
      "test_loss": 2.423027276992798,
      "precision": 1.0,
      "recall": 0.0,
      "f1_score": 0.0,
      "update_norm": 1.1027716398239136,
      "is_attacker": false
    },
    "31": {
      "accuracy": 0.42753368616104126,
      "test_loss": 2.4271585941314697,
      "precision": 1.0,
      "recall": 0.0,
      "f1_score": 0.0,
      "update_norm": 1.1052210330963135,
      "is_attacker": false
    },
    "32": {
      "accuracy": 0.4234760105609894,
      "test_loss": 2.428337335586548,
      "precision": 1.0,
      "recall": 0.0,
      "f1_score": 0.0,
      "update_norm": 1.1047871112823486,
      "is_attacker": false
    },
    "33": {
      "accuracy": 0.42073366045951843,
      "test_loss": 2.4343717098236084,
      "precision": 1.0,
      "recall": 0.0,
      "f1_score": 0.0,
      "update_norm": 1.1017603874206543,
      "is_attacker": false
    },
    "34": {
      "accuracy": 0.4245505928993225,
      "test_loss": 2.4439241886138916,