{
  "round": 69,
  "nodes": {
    "0": {
      "accuracy": 0.5102344155311584,
      "test_loss": 2.551373243331909,
      "precision": 1.0,
      "recall": 0.0,
      "f1_score": 0.0,
      "update_norm": 1.103920578956604,
      "is_attacker": true
    },
    "1": {
      "accuracy": 0.5322593450546265,
      "test_loss": 2.357825756072998,
      "precision": 1.0,
      "recall": 0.0,
      "f1_score": 0.0,
      "update_norm": 1.1030369997024536,
      "is_attacker": true
    },
    "2": {
      "accuracy": 0.5630614757537842,
      "test_loss": 2.0737171173095703,
      "precision": 1.0,
      "recall": 0.0,
      "f1_score": 0.0,
      "update_norm": 1.099827766418457,
      "is_attacker": true
    },
    "3": {
      "accuracy": 0.5172064304351807,
      "test_loss": 2.414142370223999,
      "precision": 1.0,
      "recall": 0.0,
      "f1_score": 0.0,
      "update_norm": 1.1006126403808594,
      "is_attacker": true
    },
    "4": {
      "accuracy": 0.5035719275474548,
      "test_loss": 2.540219306945801,
      "precision": 1.0,
      "recall": 0.0,
      "f1_score": 0.0,
      "update_norm": 1.0983524322509766,
      "is_attacker": true
    },
    "5": {
      "accuracy": 0.5655373334884644,
      "test_loss": 2.0735301971435547,
      "precision": 1.0,
      "recall": 0.0,
      "f1_score": 0.0,
      "update_norm": 1.0947233438491821,
      "is_attacker": false
    },
    "6": {
      "accuracy": 0.562562882900238,
      "test_loss": 2.0927326679229736,
      "precision": 1.0,
      "recall": 0.0,
      "f1_score": 0.0,
      "update_norm": 1.1052547693252563,
      "is_attacker": false
    },
    "7": {
      "accuracy": 0.55780029296875,
      "test_loss": 2.1479928493499756,
      "precision": 1.0,
      "recall": 0.0,
      "f1_score": 0.0,
      "update_norm": 1.097213864326477,
      "is_attacker": false
    },
    "8": {
      "accuracy": 0.569414496421814,
      "test_loss": 2.0772738456726074,
      "precision": 1.0,
      "recall": 0.0,
      "f1_score": 0.0,
      "update_norm": 1.1010613441467285,
      "is_attacker": false
    },
    "9": {
      "accuracy": 0.5649183988571167,
      "test_loss": 2.2267541885375977,
      "precision": 1.0,
      "recall": 0.0,
      "f1_score": 0.0,
      "update_norm": 1.0930767059326172,
      "is_attacker": false
    },
    "10": {
      "accuracy": 0.5667151212692261,
      "test_loss": 2.1119582653045654,
      "precision": 1.0,
      "recall": 0.0,
      "f1_score": 0.0,
      "update_norm": 1.0999808311462402,
      "is_attacker": false
    },
    "11": {
      "accuracy": 0.5624940991401672,
      "test_loss": 2.1758227348327637,
      "precision": 1.0,
      "recall": 0.0,
      "f1_score": 0.0,
      "update_norm": 1.0969820022583008,
      "is_attacker": false
    },
    "12": {
      "accuracy": 0.5679960250854492,
      "test_loss": 2.0166008472442627,
      "precision": 1.0,
      "recall": 0.0,
      "f1_score": 0.0,
      "update_norm": 1.0978964567184448,
      "is_attacker": false
    },
    "13": {
      "accuracy": 0.5665775537490845,
      "test_loss": 2.163787841796875,
      "precision": 1.0,
      "recall": 0.0,
      "f1_score": 0.0,
      "update_norm": 1.1003460884094238,
      "is_attacker": false
    },
    "14": {
      "accuracy": 0.5694660544395447,
      "test_loss": 2.0510873794555664,
      "precision": 1.0,
      "recall": 0.0,
      "f1_score": 0.0,
      "update_norm": 1.100517749786377,
      "is_attacker": false
    },
    "15": {
      "accuracy": 0.5585997700691223,
      "test_loss": 2.1063950061798096,
      "precision": 1.0,
      "recall": 0.0,
      "f1_score": 0.0,
      "update_norm": 1.0982626676559448,
      "is_attacker": false
    },
    "16": {
      "accuracy": 0.5685548186302185,
      "test_loss": 2.063650608062744,
      "precision": 1.0,
      "recall": 0.0,
      "f1_score": 0.0,
      "update_norm": 1.093896746635437,
      "is_attacker": false
    },
    "17": {
      "accuracy": 0.5658210515975952,
      "test_loss": 2.054152250289917,
      "precision": 1.0,
      "recall": 0.0,
      "f1_score": 0.0,
      "update_norm": 1.0974197387695312,
      "is_attacker": false
    },
    "18": {
      "accuracy": 0.5708759427070618,
      "test_loss": 2.0527727603912354,
      "precision": 1.0,
      "recall": 0.0,
      "f1_score": 0.0,
      "update_norm": 1.1005703210830688,
      "is_attacker": false
    },
    "19": {
      "accuracy": 0.5635600686073303,
      "test_loss": 2.1901721954345703,
      "precision": 1.0,
      "recall": 0.0,
      "f1_score": 0.0,
      "update_norm": 1.104304313659668,
      "is_attacker": false
    },
    "20": {
      "accuracy": 0.5675747990608215,
      "test_loss": 2.111217975616455,
      "precision": 1.0,
      "recall": 0.0,
      "f1_score": 0.0,
      "update_norm": 1.1004875898361206,
      "is_attacker": false
    },
    "21": {
      "accuracy": 0.563912570476532,
      "test_loss": 2.091264247894287,
      "precision": 1.0,
      "recall": 0.0,
      "f1_score": 0.0,
      "update_norm": 1.0981158018112183,
      "is_attacker": false
    },
    "22": {
      "accuracy": 0.564153254032135,
      "test_loss": 2.089808464050293,
      "precision": 1.0,
      "recall": 0.0,
      "f1_score": 0.0,
      "update_norm": 1.0959874391555786,
      "is_attacker": false
    },
    "23": {
      "accuracy": 0.5656405091285706,
      "test_loss": 2.0940120220184326,
      "precision": 1.0,
      "recall": 0.0,
      "f1_score": 0.0,
      "update_norm": 1.0980442762374878,
      "is_attacker": false
    },
    "24": {
      "accuracy": 0.5626058578491211,
      "test_loss": 2.1440701484680176,
      "precision": 1.0,
      "recall": 0.0,
      "f1_score": 0.0,
      "update_norm": 1.1024922132492065,
      "is_attacker": false
    },
    "25": {
      "accuracy": 0.5602073669433594,
      "test_loss": 2.158811092376709,
      "precision": 1.0,
      "recall": 0.0,
      "f1_score": 0.0,
      "update_norm": 1.098257303237915,
      "is_attacker": false
    },
    "26": {
      "accuracy": 0.5637750029563904,
      "test_loss": 2.0577292442321777,
      "precision": 1.0,
      "recall": 0.0,
      "f1_score": 0.0,
      "update_norm": 1.098897099494934,
      "is_attacker": false
    },
    "27": {
      "accuracy": 0.5620728731155396,
      "test_loss": 2.0913312435150146,
      "precision": 1.0,
      "recall": 0.0,
      "f1_score": 0.0,
      "update_norm": 1.10054349899292,
      "is_attacker": false
    },
    "28": {
      "accuracy": 0.5665689706802368,
      "test_loss": 2.083688259124756,
      "precision": 1.0,
      "recall": 0.0,
      "f1_score": 0.0,
      "update_norm": 1.097558856010437,
      "is_attacker": false
    },
    "29": {
      "accuracy": 0.5622877478599548,
      "test_loss": 2.1044082641601562,
      "precision": 1.0,
      "recall": 0.0,
      "f1_score": 0.0,
      "update_norm": 1.0958256721496582,
      "is_attacker": false
    },
    "30": {
      "accuracy": 0.5672137141227722,
      "test_loss": 2.096797227859497,
      "precision": 1.0,
      "recall": 0.0,
      "f1_score": 0.0,
      "update_norm": 1.10316002368927,
      "is_attacker": false
    },
    "31": {
      "accuracy": 0.567720890045166,
      "test_loss": 2.0629117488861084,
      "precision": 1.0,
      "recall": 0.0,
      "f1_score": 0.0,
      "update_norm": 1.0963166952133179,
      "is_attacker": false
    },
    "32": {
      "accuracy": 0.5655115246772766,
      "test_loss": 2.0940046310424805,
      "precision": 1.0,
      "recall": 0.0,
      "f1_score": 0.0,
      "update_norm": 1.0955411195755005,
      "is_attacker": false
    },
    "33": {
      "accuracy": 0.5667666792869568,
      "test_loss": 2.065239906311035,
      "precision": 1.0,
      "recall": 0.0,
      "f1_score": 0.0,
      "update_norm": 1.1022148132324219,
      "is_attacker": false
    },
    "34": {
      "accuracy": 0.5634913444519043,
      "test_loss": 2.072721242904663,
      "precision": 1.0,