{
  "round": 86,
  "nodes": {
    "0": {
      "accuracy": 0.47435158491134644,
      "test_loss": 3.3511149883270264,
      "precision": 1.0,
      "recall": 0.0,
      "f1_score": 0.0,
      "update_norm": 1.1025738716125488,
      "is_attacker": true
    },
    "1": {
      "accuracy": 0.519639253616333,
      "test_loss": 2.6393609046936035,
      "precision": 1.0,
      "recall": 0.0,
      "f1_score": 0.0,
      "update_norm": 1.1009348630905151,
      "is_attacker": true
    },
    "2": {
      "accuracy": 0.5745037794113159,
      "test_loss": 2.109257698059082,
      "precision": 1.0,
      "recall": 0.0,
      "f1_score": 0.0,
      "update_norm": 1.0990334749221802,
      "is_attacker": true
    },
    "3": {
      "accuracy": 0.4981645941734314,
      "test_loss": 2.708843231201172,
      "precision": 1.0,
      "recall": 0.0,
      "f1_score": 0.0,
      "update_norm": 1.09689199924469,
      "is_attacker": true
    },
    "4": {
      "accuracy": 0.4454493224620819,
      "test_loss": 3.2093327045440674,
      "precision": 1.0,
      "recall": 0.0,
      "f1_score": 0.0,
      "update_norm": 1.1043717861175537,
      "is_attacker": true
    },
    "5": {
      "accuracy": 0.5746929049491882,
      "test_loss": 2.1299140453338623,
      "precision": 1.0,
      "recall": 0.0,
      "f1_score": 0.0,
      "update_norm": 1.1005113124847412,
      "is_attacker": false
    },
    "6": {
      "accuracy": 0.5766787528991699,
      "test_loss": 2.0663678646087646,
      "precision": 1.0,
      "recall": 0.0,
      "f1_score": 0.0,
      "update_norm": 1.0998172760009766,
      "is_attacker": false
    },
    "7": {
      "accuracy": 0.5794382691383362,
      "test_loss": 2.0498552322387695,
      "precision": 1.0,
      "recall": 0.0,
      "f1_score": 0.0,
      "update_norm": 1.1007285118103027,
      "is_attacker": false
    },
    "8": {
      "accuracy": 0.5266628265380859,
      "test_loss": 2.5322628021240234,
      "precision": 1.0,
      "recall": 0.0,
      "f1_score": 0.0,
      "update_norm": 1.0989710092544556,
      "is_attacker": false
    },
    "9": {
      "accuracy": 0.5800400376319885,
      "test_loss": 2.148876905441284,
      "precision": 1.0,
      "recall": 0.0,
      "f1_score": 0.0,
      "update_norm": 1.1044392585754395,
      "is_attacker": false
    },
    "10": {
      "accuracy": 0.5775641798973083,
      "test_loss": 2.075611114501953,
      "precision": 1.0,
      "recall": 0.0,
      "f1_score": 0.0,
      "update_norm": 1.0981860160827637,
      "is_attacker": false
    },
    "11": {
      "accuracy": 0.574916422367096,
      "test_loss": 2.165257215499878,
      "precision": 1.0,
      "recall": 0.0,
      "f1_score": 0.0,
      "update_norm": 1.0948978662490845,
      "is_attacker": false
    },
    "12": {
      "accuracy": 0.5818281769752502,
      "test_loss": 2.060056686401367,
      "precision": 1.0,
      "recall": 0.0,
      "f1_score": 0.0,
      "update_norm": 1.0974177122116089,
      "is_attacker": false
    },
    "13": {
      "accuracy": 0.5744349956512451,
      "test_loss": 2.1066954135894775,
      "precision": 1.0,
      "recall": 0.0,
      "f1_score": 0.0,
      "update_norm": 1.101401448249817,
      "is_attacker": false
    },
    "14": {
      "accuracy": 0.5808567404747009,
      "test_loss": 2.0470166206359863,
      "precision": 1.0,
      "recall": 0.0,
      "f1_score": 0.0,
      "update_norm": 1.0998427867889404,
      "is_attacker": false
    },
    "15": {
      "accuracy": 0.5719504952430725,
      "test_loss": 2.1035428047180176,
      "precision": 1.0,
      "recall": 0.0,
      "f1_score": 0.0,
      "update_norm": 1.0961614847183228,
      "is_attacker": false
    },
    "16": {
      "accuracy": 0.5793609023094177,
      "test_loss": 2.074873447418213,
      "precision": 1.0,
      "recall": 0.0,
      "f1_score": 0.0,
      "update_norm": 1.0974270105361938,
      "is_attacker": false
    },
    "17": {
      "accuracy": 0.5780714154243469,
      "test_loss": 2.037524461746216,
      "precision": 1.0,
      "recall": 0.0,
      "f1_score": 0.0,
      "update_norm": 1.1006667613983154,
      "is_attacker": false
    },
    "18": {
      "accuracy": 0.5819055438041687,
      "test_loss": 2.054252862930298,
      "precision": 1.0,
      "recall": 0.0,
      "f1_score": 0.0,
      "update_norm": 1.0992393493652344,
      "is_attacker": false
    },
    "19": {
      "accuracy": 0.5800744295120239,
      "test_loss": 2.144242286682129,
      "precision": 1.0,
      "recall": 0.0,
      "f1_score": 0.0,
      "update_norm": 1.094311237335205,
      "is_attacker": false
    },
    "20": {
      "accuracy": 0.5797134041786194,
      "test_loss": 2.109518051147461,
      "precision": 1.0,
      "recall": 0.0,
      "f1_score": 0.0,
      "update_norm": 1.0996171236038208,
      "is_attacker": false
    },
    "21": {
      "accuracy": 0.5796875953674316,
      "test_loss": 2.0526211261749268,
      "precision": 1.0,
      "recall": 0.0,
      "f1_score": 0.0,
      "update_norm": 1.0947200059890747,
      "is_attacker": false
    },
    "22": {
      "accuracy": 0.5808137655258179,
      "test_loss": 2.0776748657226562,
      "precision": 1.0,
      "recall": 0.0,
      "f1_score": 0.0,
      "update_norm": 1.0948179960250854,
      "is_attacker": false
    },
    "23": {
      "accuracy": 0.5796188116073608,
      "test_loss": 2.053962230682373,
      "precision": 1.0,
      "recall": 0.0,
      "f1_score": 0.0,
      "update_norm": 1.097929835319519,
      "is_attacker": false
    },
    "24": {
      "accuracy": 0.5730938911437988,
      "test_loss": 2.1611292362213135,
      "precision": 1.0,
      "recall": 0.0,
      "f1_score": 0.0,
      "update_norm": 1.0964800119400024,
      "is_attacker": false
    },
    "25": {
      "accuracy": 0.5754064321517944,
      "test_loss": 2.094353675842285,
      "precision": 1.0,
      "recall": 0.0,
      "f1_score": 0.0,
      "update_norm": 1.1012243032455444,
      "is_attacker": false
    },
    "26": {
      "accuracy": 0.5729992985725403,
      "test_loss": 2.0740532875061035,
      "precision": 1.0,
      "recall": 0.0,
      "f1_score": 0.0,
      "update_norm": 1.1026020050048828,
      "is_attacker": false
    },
    "27": {
      "accuracy": 0.5747272968292236,
      "test_loss": 2.123988151550293,
      "precision": 1.0,
      "recall": 0.0,
      "f1_score": 0.0,
      "update_norm": 1.0991259813308716,
      "is_attacker": false
    },
    "28": {
      "accuracy": 0.5756643414497375,
      "test_loss": 2.177830219268799,
      "precision": 1.0,
      "recall": 0.0,
      "f1_score": 0.0,
      "update_norm": 1.0947505235671997,
      "is_attacker": false
    },
    "29": {
      "accuracy": 0.5761199593544006,
      "test_loss": 2.09708833694458,
      "precision": 1.0,
      "recall": 0.0,
      "f1_score": 0.0,
      "update_norm": 1.099770188331604,
      "is_attacker": false
    },
    "30": {
      "accuracy": 0.5794898867607117,
      "test_loss": 2.077066421508789,
      "precision": 1.0,
      "recall": 0.0,
      "f1_score": 0.0,
      "update_norm": 1.0966618061065674,
      "is_attacker": false
    },
    "31": {
      "accuracy": 0.5829027891159058,
      "test_loss": 1.9958364963531494,
      "precision": 1.0,
      "recall": 0.0,
      "f1_score": 0.0,
      "update_norm": 1.0976812839508057,
      "is_attacker": false
    },
    "32": {
      "accuracy": 0.5779854655265808,
      "test_loss": 2.108320951461792,
      "precision": 1.0,
      "recall": 0.0,
      "f1_score": 0.0,
      "update_norm": 1.0968170166015625,
      "is_attacker": false
    },
    "33": {
      "accuracy": 0.5825846791267395,
      "test_loss": 2.0237362384796143,
      "precision": 1.0,
      "recall": 0.0,
      "f1_score": 0.0,
      "update_norm": 1.0980995893478394,
      "is_attacker": false
    },
    "34": {
      "accuracy": 0.5802034139633179,
      "test_loss": 2.050048351287842,
      "precision": 1.0,