{
  "round": 59,
  "nodes": {
    "0": {
      "accuracy": 0.5184959173202515,
      "test_loss": 2.4083945751190186,
      "precision": 1.0,
      "recall": 0.0,
      "f1_score": 0.0,
      "update_norm": 1.1004750728607178,
      "is_attacker": true
    },
    "1": {
      "accuracy": 0.5361794233322144,
      "test_loss": 2.2798283100128174,
      "precision": 1.0,
      "recall": 0.0,
      "f1_score": 0.0,
      "update_norm": 1.0952810049057007,
      "is_attacker": true
    },
    "2": {
      "accuracy": 0.5534417033195496,
      "test_loss": 2.085400104522705,
      "precision": 1.0,
      "recall": 0.0,
      "f1_score": 0.0,
      "update_norm": 1.0991495847702026,
      "is_attacker": true
    },
    "3": {
      "accuracy": 0.5181004405021667,
      "test_loss": 2.349203109741211,
      "precision": 1.0,
      "recall": 0.0,
      "f1_score": 0.0,
      "update_norm": 1.0985760688781738,
      "is_attacker": true
    },
    "4": {
      "accuracy": 0.5129939913749695,
      "test_loss": 2.388760805130005,
      "precision": 1.0,
      "recall": 0.0,
      "f1_score": 0.0,
      "update_norm": 1.0977140665054321,
      "is_attacker": true
    },
    "5": {
      "accuracy": 0.5482750535011292,
      "test_loss": 2.1357998847961426,
      "precision": 1.0,
      "recall": 0.0,
      "f1_score": 0.0,
      "update_norm": 1.0945631265640259,
      "is_attacker": false
    },
    "6": {
      "accuracy": 0.5546194911003113,
      "test_loss": 2.1059064865112305,
      "precision": 1.0,
      "recall": 0.0,
      "f1_score": 0.0,
      "update_norm": 1.0980736017227173,
      "is_attacker": false
    },
    "7": {
      "accuracy": 0.5501577258110046,
      "test_loss": 2.177323818206787,
      "precision": 1.0,
      "recall": 0.0,
      "f1_score": 0.0,
      "update_norm": 1.0976736545562744,
      "is_attacker": false
    },
    "8": {
      "accuracy": 0.5434436798095703,
      "test_loss": 2.264230966567993,
      "precision": 1.0,
      "recall": 0.0,
      "f1_score": 0.0,
      "update_norm": 1.0962700843811035,
      "is_attacker": false
    },
    "9": {
      "accuracy": 0.5601127743721008,
      "test_loss": 2.1420648097991943,
      "precision": 1.0,
      "recall": 0.0,
      "f1_score": 0.0,
      "update_norm": 1.099050521850586,
      "is_attacker": false
    },
    "10": {
      "accuracy": 0.5530204772949219,
      "test_loss": 2.130930185317993,
      "precision": 1.0,
      "recall": 0.0,
      "f1_score": 0.0,
      "update_norm": 1.1014050245285034,
      "is_attacker": false
    },
    "11": {
      "accuracy": 0.5557026863098145,
      "test_loss": 2.1363606452941895,
      "precision": 1.0,
      "recall": 0.0,
      "f1_score": 0.0,
      "update_norm": 1.0984152555465698,
      "is_attacker": false
    },
    "12": {
      "accuracy": 0.5570695400238037,
      "test_loss": 2.0916197299957275,
      "precision": 1.0,
      "recall": 0.0,
      "f1_score": 0.0,
      "update_norm": 1.100390911102295,
      "is_attacker": false
    },
    "13": {
      "accuracy": 0.5589780211448669,
      "test_loss": 2.1328957080841064,
      "precision": 1.0,
      "recall": 0.0,
      "f1_score": 0.0,
      "update_norm": 1.0972418785095215,
      "is_attacker": false
    },
    "14": {
      "accuracy": 0.5552126169204712,
      "test_loss": 2.12685489654541,
      "precision": 1.0,
      "recall": 0.0,
      "f1_score": 0.0,
      "update_norm": 1.1035481691360474,
      "is_attacker": false
    },
    "15": {
      "accuracy": 0.5485071539878845,
      "test_loss": 2.1451358795166016,
      "precision": 1.0,
      "recall": 0.0,
      "f1_score": 0.0,
      "update_norm": 1.0984736680984497,
      "is_attacker": false
    },
    "16": {
      "accuracy": 0.5583418607711792,
      "test_loss": 2.099325656890869,
      "precision": 1.0,
      "recall": 0.0,
      "f1_score": 0.0,
      "update_norm": 1.0977715253829956,
      "is_attacker": false
    },
    "17": {
      "accuracy": 0.5551180839538574,
      "test_loss": 2.080634593963623,
      "precision": 1.0,
      "recall": 0.0,
      "f1_score": 0.0,
      "update_norm": 1.0994153022766113,
      "is_attacker": false
    },
    "18": {
      "accuracy": 0.560826301574707,
      "test_loss": 2.0621981620788574,
      "precision": 1.0,
      "recall": 0.0,
      "f1_score": 0.0,
      "update_norm": 1.098997712135315,
      "is_attacker": false
    },
    "19": {
      "accuracy": 0.5549977421760559,
      "test_loss": 2.148698329925537,
      "precision": 1.0,
      "recall": 0.0,
      "f1_score": 0.0,
      "update_norm": 1.1012014150619507,
      "is_attacker": false
    },
    "20": {
      "accuracy": 0.561367928981781,
      "test_loss": 2.1028354167938232,
      "precision": 1.0,
      "recall": 0.0,
      "f1_score": 0.0,
      "update_norm": 1.0961699485778809,
      "is_attacker": false
    },
    "21": {
      "accuracy": 0.5527023673057556,
      "test_loss": 2.1691763401031494,
      "precision": 1.0,
      "recall": 0.0,
      "f1_score": 0.0,
      "update_norm": 1.0989288091659546,
      "is_attacker": false
    },
    "22": {
      "accuracy": 0.5530892610549927,
      "test_loss": 2.1167540550231934,
      "precision": 1.0,
      "recall": 0.0,
      "f1_score": 0.0,
      "update_norm": 1.0937252044677734,
      "is_attacker": false
    },
    "23": {
      "accuracy": 0.5578862428665161,
      "test_loss": 2.1042354106903076,
      "precision": 1.0,
      "recall": 0.0,
      "f1_score": 0.0,
      "update_norm": 1.1007064580917358,
      "is_attacker": false
    },
    "24": {
      "accuracy": 0.5553759932518005,
      "test_loss": 2.15366268157959,
      "precision": 1.0,
      "recall": 0.0,
      "f1_score": 0.0,
      "update_norm": 1.100872278213501,
      "is_attacker": false
    },
    "25": {
      "accuracy": 0.5542325973510742,
      "test_loss": 2.151801824569702,
      "precision": 1.0,
      "recall": 0.0,
      "f1_score": 0.0,
      "update_norm": 1.104878544807434,
      "is_attacker": false
    },
    "26": {
      "accuracy": 0.5508626699447632,
      "test_loss": 2.1424400806427,
      "precision": 1.0,
      "recall": 0.0,
      "f1_score": 0.0,
      "update_norm": 1.099345088005066,
      "is_attacker": false
    },
    "27": {
      "accuracy": 0.5544217228889465,
      "test_loss": 2.134794235229492,
      "precision": 1.0,
      "recall": 0.0,
      "f1_score": 0.0,
      "update_norm": 1.0956891775131226,
      "is_attacker": false
    },
    "28": {
      "accuracy": 0.5557284355163574,
      "test_loss": 2.1974711418151855,
      "precision": 1.0,
      "recall": 0.0,
      "f1_score": 0.0,
      "update_norm": 1.10137939453125,
      "is_attacker": false
    },
    "29": {
      "accuracy": 0.5546796321868896,
      "test_loss": 2.0866966247558594,
      "precision": 1.0,
      "recall": 0.0,
      "f1_score": 0.0,
      "update_norm": 1.1004281044006348,
      "is_attacker": false
    },
    "30": {
      "accuracy": 0.5552212595939636,
      "test_loss": 2.1004772186279297,
      "precision": 1.0,
      "recall": 0.0,
      "f1_score": 0.0,
      "update_norm": 1.0951329469680786,
      "is_attacker": false
    },
    "31": {
      "accuracy": 0.5593047142028809,
      "test_loss": 2.0791571140289307,
      "precision": 1.0,
      "recall": 0.0,
      "f1_score": 0.0,
      "update_norm": 1.0974109172821045,
      "is_attacker": false
    },
    "32": {
      "accuracy": 0.5548343658447266,
      "test_loss": 2.119117259979248,
      "precision": 1.0,
      "recall": 0.0,
      "f1_score": 0.0,
      "update_norm": 1.10043203830719,
      "is_attacker": false
    },
    "33": {
      "accuracy": 0.555866003036499,
      "test_loss": 2.08200740814209,
      "precision": 1.0,
      "recall": 0.0,
      "f1_score": 0.0,
      "update_norm": 1.0970532894134521,
      "is_attacker": false
    },
    "34": {
      "accuracy": 0.552711009979248,
      "test_loss": 2.091649055480957,
      "precision": 1.0,
      "recall": 0.0,