{
  "round": 68,
  "nodes": {
    "0": {
      "accuracy": 0.5082485675811768,
      "test_loss": 2.5630056858062744,
      "precision": 1.0,
      "recall": 0.0,
      "f1_score": 0.0,
      "update_norm": 1.099596619606018,
      "is_attacker": true
    },
    "1": {
      "accuracy": 0.5288034081459045,
      "test_loss": 2.384265661239624,
      "precision": 1.0,
      "recall": 0.0,
      "f1_score": 0.0,
      "update_norm": 1.1031110286712646,
      "is_attacker": true
    },
    "2": {
      "accuracy": 0.5618751049041748,
      "test_loss": 2.0847742557525635,
      "precision": 1.0,
      "recall": 0.0,
      "f1_score": 0.0,
      "update_norm": 1.1034557819366455,
      "is_attacker": true
    },
    "3": {
      "accuracy": 0.5175588726997375,
      "test_loss": 2.415942668914795,
      "precision": 1.0,
      "recall": 0.0,
      "f1_score": 0.0,
      "update_norm": 1.1038048267364502,
      "is_attacker": true
    },
    "4": {
      "accuracy": 0.506787121295929,
      "test_loss": 2.5176479816436768,
      "precision": 1.0,
      "recall": 0.0,
      "f1_score": 0.0,
      "update_norm": 1.1029534339904785,
      "is_attacker": true
    },
    "5": {
      "accuracy": 0.5641790628433228,
      "test_loss": 2.0940027236938477,
      "precision": 1.0,
      "recall": 0.0,
      "f1_score": 0.0,
      "update_norm": 1.10200035572052,
      "is_attacker": false
    },
    "6": {
      "accuracy": 0.5626746416091919,
      "test_loss": 2.0860090255737305,
      "precision": 1.0,
      "recall": 0.0,
      "f1_score": 0.0,
      "update_norm": 1.100753664970398,
      "is_attacker": false
    },
    "7": {
      "accuracy": 0.5603621006011963,
      "test_loss": 2.1128945350646973,
      "precision": 1.0,
      "recall": 0.0,
      "f1_score": 0.0,
      "update_norm": 1.0992205142974854,
      "is_attacker": false
    },
    "8": {
      "accuracy": 0.5679530501365662,
      "test_loss": 2.079116106033325,
      "precision": 1.0,
      "recall": 0.0,
      "f1_score": 0.0,
      "update_norm": 1.0967906713485718,
      "is_attacker": false
    },
    "9": {
      "accuracy": 0.5678068995475769,
      "test_loss": 2.195460557937622,
      "precision": 1.0,
      "recall": 0.0,
      "f1_score": 0.0,
      "update_norm": 1.097021222114563,
      "is_attacker": false
    },
    "10": {
      "accuracy": 0.5648152232170105,
      "test_loss": 2.109208106994629,
      "precision": 1.0,
      "recall": 0.0,
      "f1_score": 0.0,
      "update_norm": 1.0970232486724854,
      "is_attacker": false
    },
    "11": {
      "accuracy": 0.5646088719367981,
      "test_loss": 2.1427948474884033,
      "precision": 1.0,
      "recall": 0.0,
      "f1_score": 0.0,
      "update_norm": 1.099347472190857,
      "is_attacker": false
    },
    "12": {
      "accuracy": 0.567720890045166,
      "test_loss": 2.0321786403656006,
      "precision": 1.0,
      "recall": 0.0,
      "f1_score": 0.0,
      "update_norm": 1.0965111255645752,
      "is_attacker": false
    },
    "13": {
      "accuracy": 0.567282497882843,
      "test_loss": 2.0958340167999268,
      "precision": 1.0,
      "recall": 0.0,
      "f1_score": 0.0,
      "update_norm": 1.105817198753357,
      "is_attacker": false
    },
    "14": {
      "accuracy": 0.5684258341789246,
      "test_loss": 2.056544303894043,
      "precision": 1.0,
      "recall": 0.0,
      "f1_score": 0.0,
      "update_norm": 1.099791169166565,
      "is_attacker": false
    },
    "15": {
      "accuracy": 0.5569491982460022,
      "test_loss": 2.126631259918213,
      "precision": 1.0,
      "recall": 0.0,
      "f1_score": 0.0,
      "update_norm": 1.0983084440231323,
      "is_attacker": false
    },
    "16": {
      "accuracy": 0.5666807293891907,
      "test_loss": 2.081078052520752,
      "precision": 1.0,
      "recall": 0.0,
      "f1_score": 0.0,
      "update_norm": 1.0992857217788696,
      "is_attacker": false
    },
    "17": {
      "accuracy": 0.5638523697853088,
      "test_loss": 2.06634521484375,
      "precision": 1.0,
      "recall": 0.0,
      "f1_score": 0.0,
      "update_norm": 1.1016957759857178,
      "is_attacker": false
    },
    "18": {
      "accuracy": 0.5703945159912109,
      "test_loss": 2.0603647232055664,
      "precision": 1.0,
      "recall": 0.0,
      "f1_score": 0.0,
      "update_norm": 1.0973206758499146,
      "is_attacker": false
    },
    "19": {
      "accuracy": 0.5625370740890503,
      "test_loss": 2.1934924125671387,
      "precision": 1.0,
      "recall": 0.0,
      "f1_score": 0.0,
      "update_norm": 1.0959265232086182,
      "is_attacker": false
    },
    "20": {
      "accuracy": 0.5674716234207153,
      "test_loss": 2.1145312786102295,
      "precision": 1.0,
      "recall": 0.0,
      "f1_score": 0.0,
      "update_norm": 1.1071038246154785,
      "is_attacker": false
    },
    "21": {
      "accuracy": 0.5635772943496704,
      "test_loss": 2.084782361984253,
      "precision": 1.0,
      "recall": 0.0,
      "f1_score": 0.0,
      "update_norm": 1.1040844917297363,
      "is_attacker": false
    },
    "22": {
      "accuracy": 0.5647636651992798,
      "test_loss": 2.082484483718872,
      "precision": 1.0,
      "recall": 0.0,
      "f1_score": 0.0,
      "update_norm": 1.099988341331482,
      "is_attacker": false
    },
    "23": {
      "accuracy": 0.5652966499328613,
      "test_loss": 2.087029457092285,
      "precision": 1.0,
      "recall": 0.0,
      "f1_score": 0.0,
      "update_norm": 1.1007250547409058,
      "is_attacker": false
    },
    "24": {
      "accuracy": 0.561737596988678,
      "test_loss": 2.1252057552337646,
      "precision": 1.0,
      "recall": 0.0,
      "f1_score": 0.0,
      "update_norm": 1.0960437059402466,
      "is_attacker": false
    },
    "25": {
      "accuracy": 0.5599064826965332,
      "test_loss": 2.148163318634033,
      "precision": 1.0,
      "recall": 0.0,
      "f1_score": 0.0,
      "update_norm": 1.0958434343338013,
      "is_attacker": false
    },
    "26": {
      "accuracy": 0.5625370740890503,
      "test_loss": 2.065178155899048,
      "precision": 1.0,
      "recall": 0.0,
      "f1_score": 0.0,
      "update_norm": 1.0942103862762451,
      "is_attacker": false
    },
    "27": {
      "accuracy": 0.5607747435569763,
      "test_loss": 2.1039516925811768,
      "precision": 1.0,
      "recall": 0.0,
      "f1_score": 0.0,
      "update_norm": 1.0996898412704468,
      "is_attacker": false
    },
    "28": {
      "accuracy": 0.5647979974746704,
      "test_loss": 2.0876617431640625,
      "precision": 1.0,
      "recall": 0.0,
      "f1_score": 0.0,
      "update_norm": 1.1040849685668945,
      "is_attacker": false
    },
    "29": {
      "accuracy": 0.5604652762413025,
      "test_loss": 2.1054108142852783,
      "precision": 1.0,
      "recall": 0.0,
      "f1_score": 0.0,
      "update_norm": 1.0970375537872314,
      "is_attacker": false
    },
    "30": {
      "accuracy": 0.5663454532623291,
      "test_loss": 2.1000494956970215,
      "precision": 1.0,
      "recall": 0.0,
      "f1_score": 0.0,
      "update_norm": 1.0998083353042603,
      "is_attacker": false
    },
    "31": {
      "accuracy": 0.5661563277244568,
      "test_loss": 2.068298816680908,
      "precision": 1.0,
      "recall": 0.0,
      "f1_score": 0.0,
      "update_norm": 1.1031360626220703,
      "is_attacker": false
    },
    "32": {
      "accuracy": 0.5608435273170471,
      "test_loss": 2.1255524158477783,
      "precision": 1.0,
      "recall": 0.0,
      "f1_score": 0.0,
      "update_norm": 1.098326563835144,
      "is_attacker": false
    },
    "33": {
      "accuracy": 0.5674458146095276,
      "test_loss": 2.0707285404205322,
      "precision": 1.0,
      "recall": 0.0,
      "f1_score": 0.0,
      "update_norm": 1.0948994159698486,
      "is_attacker": false
    },
    "34": {
      "accuracy": 0.566087543964386,
      "test_loss": 2.0497231483459473,
      "precision": 1.0,