{
  "round": 33,
  "nodes": {
    "0": {
      "accuracy": 0.5166304111480713,
      "test_loss": 2.1613643169403076,
      "precision": 1.0,
      "recall": 0.0,
      "f1_score": 0.0,
      "update_norm": 1.1038312911987305,
      "is_attacker": true
    },
    "1": {
      "accuracy": 0.5204129815101624,
      "test_loss": 2.1481173038482666,
      "precision": 1.0,
      "recall": 0.0,
      "f1_score": 0.0,
      "update_norm": 1.098624587059021,
      "is_attacker": true
    },
    "2": {
      "accuracy": 0.51959627866745,
      "test_loss": 2.1456615924835205,
      "precision": 1.0,
      "recall": 0.0,
      "f1_score": 0.0,
      "update_norm": 1.0963290929794312,
      "is_attacker": true
    },
    "3": {
      "accuracy": 0.5124437808990479,
      "test_loss": 2.185513734817505,
      "precision": 1.0,
      "recall": 0.0,
      "f1_score": 0.0,
      "update_norm": 1.093026876449585,
      "is_attacker": true
    },
    "4": {
      "accuracy": 0.5113863945007324,
      "test_loss": 2.1817498207092285,
      "precision": 1.0,
      "recall": 0.0,
      "f1_score": 0.0,
      "update_norm": 1.0959910154342651,
      "is_attacker": true
    },
    "5": {
      "accuracy": 0.5164928436279297,
      "test_loss": 2.204017400741577,
      "precision": 1.0,
      "recall": 0.0,
      "f1_score": 0.0,
      "update_norm": 1.0973488092422485,
      "is_attacker": false
    },
    "6": {
      "accuracy": 0.5144898295402527,
      "test_loss": 2.1695165634155273,
      "precision": 1.0,
      "recall": 0.0,
      "f1_score": 0.0,
      "update_norm": 1.1022627353668213,
      "is_attacker": false
    },
    "7": {
      "accuracy": 0.517636239528656,
      "test_loss": 2.2156996726989746,
      "precision": 1.0,
      "recall": 0.0,
      "f1_score": 0.0,
      "update_norm": 1.0970274209976196,
      "is_attacker": false
    },
    "8": {
      "accuracy": 0.5175416469573975,
      "test_loss": 2.1906352043151855,
      "precision": 1.0,
      "recall": 0.0,
      "f1_score": 0.0,
      "update_norm": 1.1033376455307007,
      "is_attacker": false
    },
    "9": {
      "accuracy": 0.5238516926765442,
      "test_loss": 2.234380006790161,
      "precision": 1.0,
      "recall": 0.0,
      "f1_score": 0.0,
      "update_norm": 1.0992381572723389,
      "is_attacker": false
    },
    "10": {
      "accuracy": 0.5184529423713684,
      "test_loss": 2.166480302810669,
      "precision": 1.0,
      "recall": 0.0,
      "f1_score": 0.0,
      "update_norm": 1.1023668050765991,
      "is_attacker": false
    },
    "11": {
      "accuracy": 0.5179199576377869,
      "test_loss": 2.2206435203552246,
      "precision": 1.0,
      "recall": 0.0,
      "f1_score": 0.0,
      "update_norm": 1.099790334701538,
      "is_attacker": false
    },
    "12": {
      "accuracy": 0.5130455493927002,
      "test_loss": 2.149718999862671,
      "precision": 1.0,
      "recall": 0.0,
      "f1_score": 0.0,
      "update_norm": 1.100119709968567,
      "is_attacker": false
    },
    "13": {
      "accuracy": 0.5170688629150391,
      "test_loss": 2.1824960708618164,
      "precision": 1.0,
      "recall": 0.0,
      "f1_score": 0.0,
      "update_norm": 1.102757453918457,
      "is_attacker": false
    },
    "14": {
      "accuracy": 0.5213414430618286,
      "test_loss": 2.170086145401001,
      "precision": 1.0,
      "recall": 0.0,
      "f1_score": 0.0,
      "update_norm": 1.1041004657745361,
      "is_attacker": false
    },
    "15": {
      "accuracy": 0.5114551782608032,
      "test_loss": 2.190518856048584,
      "precision": 1.0,
      "recall": 0.0,
      "f1_score": 0.0,
      "update_norm": 1.0997790098190308,
      "is_attacker": false
    },
    "16": {
      "accuracy": 0.5271700620651245,
      "test_loss": 2.1837785243988037,
      "precision": 1.0,
      "recall": 0.0,
      "f1_score": 0.0,
      "update_norm": 1.0989032983779907,
      "is_attacker": false
    },
    "17": {
      "accuracy": 0.5123406648635864,
      "test_loss": 2.205441951751709,
      "precision": 1.0,
      "recall": 0.0,
      "f1_score": 0.0,
      "update_norm": 1.0966475009918213,
      "is_attacker": false
    },
    "18": {
      "accuracy": 0.5188226103782654,
      "test_loss": 2.1612420082092285,
      "precision": 1.0,
      "recall": 0.0,
      "f1_score": 0.0,
      "update_norm": 1.1036680936813354,
      "is_attacker": false
    },
    "19": {
      "accuracy": 0.514266312122345,
      "test_loss": 2.2462477684020996,
      "precision": 1.0,
      "recall": 0.0,
      "f1_score": 0.0,
      "update_norm": 1.1020774841308594,
      "is_attacker": false
    },
    "20": {
      "accuracy": 0.5209202170372009,
      "test_loss": 2.1814420223236084,
      "precision": 1.0,
      "recall": 0.0,
      "f1_score": 0.0,
      "update_norm": 1.0991578102111816,
      "is_attacker": false
    },
    "21": {
      "accuracy": 0.51878821849823,
      "test_loss": 2.1588029861450195,
      "precision": 1.0,
      "recall": 0.0,
      "f1_score": 0.0,
      "update_norm": 1.1001673936843872,
      "is_attacker": false
    },
    "22": {
      "accuracy": 0.5148165225982666,
      "test_loss": 2.201660633087158,
      "precision": 1.0,
      "recall": 0.0,
      "f1_score": 0.0,
      "update_norm": 1.101109504699707,
      "is_attacker": false
    },
    "23": {
      "accuracy": 0.510939359664917,
      "test_loss": 2.2025113105773926,
      "precision": 1.0,
      "recall": 0.0,
      "f1_score": 0.0,
      "update_norm": 1.1009776592254639,
      "is_attacker": false
    },
    "24": {
      "accuracy": 0.5154354572296143,
      "test_loss": 2.1883671283721924,
      "precision": 1.0,
      "recall": 0.0,
      "f1_score": 0.0,
      "update_norm": 1.0985345840454102,
      "is_attacker": false
    },
    "25": {
      "accuracy": 0.5142233371734619,
      "test_loss": 2.2282164096832275,
      "precision": 1.0,
      "recall": 0.0,
      "f1_score": 0.0,
      "update_norm": 1.1003352403640747,
      "is_attacker": false
    },
    "26": {
      "accuracy": 0.5161662101745605,
      "test_loss": 2.185338020324707,
      "precision": 1.0,
      "recall": 0.0,
      "f1_score": 0.0,
      "update_norm": 1.0988398790359497,
      "is_attacker": false
    },
    "27": {
      "accuracy": 0.5126501321792603,
      "test_loss": 2.1861655712127686,
      "precision": 1.0,
      "recall": 0.0,
      "f1_score": 0.0,
      "update_norm": 1.0971466302871704,
      "is_attacker": false
    },
    "28": {
      "accuracy": 0.521006166934967,
      "test_loss": 2.164271116256714,
      "precision": 1.0,
      "recall": 0.0,
      "f1_score": 0.0,
      "update_norm": 1.099264144897461,
      "is_attacker": false
    },
    "29": {
      "accuracy": 0.5179113149642944,
      "test_loss": 2.1838839054107666,
      "precision": 1.0,
      "recall": 0.0,
      "f1_score": 0.0,
      "update_norm": 1.0961453914642334,
      "is_attacker": false
    },
    "30": {
      "accuracy": 0.5167163610458374,
      "test_loss": 2.1939051151275635,
      "precision": 1.0,
      "recall": 0.0,
      "f1_score": 0.0,
      "update_norm": 1.0949572324752808,
      "is_attacker": false
    },
    "31": {
      "accuracy": 0.5145242214202881,
      "test_loss": 2.171067953109741,
      "precision": 1.0,
      "recall": 0.0,
      "f1_score": 0.0,
      "update_norm": 1.0985161066055298,
      "is_attacker": false
    },
    "32": {
      "accuracy": 0.5147391557693481,
      "test_loss": 2.184555768966675,
      "precision": 1.0,
      "recall": 0.0,
      "f1_score": 0.0,
      "update_norm": 1.1003832817077637,
      "is_attacker": false
    },
    "33": {
      "accuracy": 0.5140513777732849,
      "test_loss": 2.1936206817626953,
      "precision": 1.0,
      "recall": 0.0,
      "f1_score": 0.0,
      "update_norm": 1.0993753671646118,
      "is_attacker": false
    },
    "34": {
      "accuracy": 0.5126243233680725,
      "test_loss": 2.1634228229522705,
      "precision": 1.0,