{
  "round": 21,
  "nodes": {
    "0": {
      "accuracy": 0.47909700870513916,
      "test_loss": 2.2452006340026855,
      "precision": 1.0,
      "recall": 0.0,
      "f1_score": 0.0,
      "update_norm": 1.0997942686080933,
      "is_attacker": true
    },
    "1": {
      "accuracy": 0.481994092464447,
      "test_loss": 2.2476439476013184,
      "precision": 1.0,
      "recall": 0.0,
      "f1_score": 0.0,
      "update_norm": 1.0998013019561768,
      "is_attacker": true
    },
    "2": {
      "accuracy": 0.4828107953071594,
      "test_loss": 2.242975950241089,
      "precision": 1.0,
      "recall": 0.0,
      "f1_score": 0.0,
      "update_norm": 1.0973148345947266,
      "is_attacker": true
    },
    "3": {
      "accuracy": 0.47671571373939514,
      "test_loss": 2.2626593112945557,
      "precision": 1.0,
      "recall": 0.0,
      "f1_score": 0.0,
      "update_norm": 1.1054662466049194,
      "is_attacker": true
    },
    "4": {
      "accuracy": 0.4769822061061859,
      "test_loss": 2.2517621517181396,
      "precision": 1.0,
      "recall": 0.0,
      "f1_score": 0.0,
      "update_norm": 1.1023640632629395,
      "is_attacker": true
    },
    "5": {
      "accuracy": 0.47639763355255127,
      "test_loss": 2.296812057495117,
      "precision": 1.0,
      "recall": 0.0,
      "f1_score": 0.0,
      "update_norm": 1.095081090927124,
      "is_attacker": false
    },
    "6": {
      "accuracy": 0.46978670358657837,
      "test_loss": 2.305183172225952,
      "precision": 1.0,
      "recall": 0.0,
      "f1_score": 0.0,
      "update_norm": 1.0978426933288574,
      "is_attacker": false
    },
    "7": {
      "accuracy": 0.47338876128196716,
      "test_loss": 2.306694984436035,
      "precision": 1.0,
      "recall": 0.0,
      "f1_score": 0.0,
      "update_norm": 1.0990139245986938,
      "is_attacker": false
    },
    "8": {
      "accuracy": 0.47615692019462585,
      "test_loss": 2.286550521850586,
      "precision": 1.0,
      "recall": 0.0,
      "f1_score": 0.0,
      "update_norm": 1.100741982460022,
      "is_attacker": false
    },
    "9": {
      "accuracy": 0.4843496084213257,
      "test_loss": 2.290839910507202,
      "precision": 1.0,
      "recall": 0.0,
      "f1_score": 0.0,
      "update_norm": 1.1018126010894775,
      "is_attacker": false
    },
    "10": {
      "accuracy": 0.478796124458313,
      "test_loss": 2.271810293197632,
      "precision": 1.0,
      "recall": 0.0,
      "f1_score": 0.0,
      "update_norm": 1.0999659299850464,
      "is_attacker": false
    },
    "11": {
      "accuracy": 0.4782029390335083,
      "test_loss": 2.290644645690918,
      "precision": 1.0,
      "recall": 0.0,
      "f1_score": 0.0,
      "update_norm": 1.1039750576019287,
      "is_attacker": false
    },
    "12": {
      "accuracy": 0.47913140058517456,
      "test_loss": 2.24619197845459,
      "precision": 1.0,
      "recall": 0.0,
      "f1_score": 0.0,
      "update_norm": 1.1002799272537231,
      "is_attacker": false
    },
    "13": {
      "accuracy": 0.4727611839771271,
      "test_loss": 2.298781156539917,
      "precision": 1.0,
      "recall": 0.0,
      "f1_score": 0.0,
      "update_norm": 1.0984811782836914,
      "is_attacker": false
    },
    "14": {
      "accuracy": 0.4836360812187195,
      "test_loss": 2.2811899185180664,
      "precision": 1.0,
      "recall": 0.0,
      "f1_score": 0.0,
      "update_norm": 1.0965570211410522,
      "is_attacker": false
    },
    "15": {
      "accuracy": 0.47215941548347473,
      "test_loss": 2.2792246341705322,
      "precision": 1.0,
      "recall": 0.0,
      "f1_score": 0.0,
      "update_norm": 1.1037243604660034,
      "is_attacker": false
    },
    "16": {
      "accuracy": 0.48388537764549255,
      "test_loss": 2.2659127712249756,
      "precision": 1.0,
      "recall": 0.0,
      "f1_score": 0.0,
      "update_norm": 1.0965791940689087,
      "is_attacker": false
    },
    "17": {
      "accuracy": 0.4716264307498932,
      "test_loss": 2.2853362560272217,
      "precision": 1.0,
      "recall": 0.0,
      "f1_score": 0.0,
      "update_norm": 1.0992323160171509,
      "is_attacker": false
    },
    "18": {
      "accuracy": 0.48531246185302734,
      "test_loss": 2.24381160736084,
      "precision": 1.0,
      "recall": 0.0,
      "f1_score": 0.0,
      "update_norm": 1.0991028547286987,
      "is_attacker": false
    },
    "19": {
      "accuracy": 0.4720132648944855,
      "test_loss": 2.3092784881591797,
      "precision": 1.0,
      "recall": 0.0,
      "f1_score": 0.0,
      "update_norm": 1.1025563478469849,
      "is_attacker": false
    },
    "20": {
      "accuracy": 0.4774206280708313,
      "test_loss": 2.275113582611084,
      "precision": 1.0,
      "recall": 0.0,
      "f1_score": 0.0,
      "update_norm": 1.0981589555740356,
      "is_attacker": false
    },
    "21": {
      "accuracy": 0.48172760009765625,
      "test_loss": 2.2416868209838867,
      "precision": 1.0,
      "recall": 0.0,
      "f1_score": 0.0,
      "update_norm": 1.097459077835083,
      "is_attacker": false
    },
    "22": {
      "accuracy": 0.4757012724876404,
      "test_loss": 2.2973086833953857,
      "precision": 1.0,
      "recall": 0.0,
      "f1_score": 0.0,
      "update_norm": 1.0961089134216309,
      "is_attacker": false
    },
    "23": {
      "accuracy": 0.4738529920578003,
      "test_loss": 2.312732219696045,
      "precision": 1.0,
      "recall": 0.0,
      "f1_score": 0.0,
      "update_norm": 1.1002503633499146,
      "is_attacker": false
    },
    "24": {
      "accuracy": 0.4744633436203003,
      "test_loss": 2.3273353576660156,
      "precision": 1.0,
      "recall": 0.0,
      "f1_score": 0.0,
      "update_norm": 1.1048223972320557,
      "is_attacker": false
    },
    "25": {
      "accuracy": 0.4775925576686859,
      "test_loss": 2.292379856109619,
      "precision": 1.0,
      "recall": 0.0,
      "f1_score": 0.0,
      "update_norm": 1.0987955331802368,
      "is_attacker": false
    },
    "26": {
      "accuracy": 0.48261305689811707,
      "test_loss": 2.280597686767578,
      "precision": 1.0,
      "recall": 0.0,
      "f1_score": 0.0,
      "update_norm": 1.0948103666305542,
      "is_attacker": false
    },
    "27": {
      "accuracy": 0.47299331426620483,
      "test_loss": 2.2703003883361816,
      "precision": 1.0,
      "recall": 0.0,
      "f1_score": 0.0,
      "update_norm": 1.100921392440796,
      "is_attacker": false
    },
    "28": {
      "accuracy": 0.4791399836540222,
      "test_loss": 2.2695822715759277,
      "precision": 1.0,
      "recall": 0.0,
      "f1_score": 0.0,
      "update_norm": 1.0992774963378906,
      "is_attacker": false
    },
    "29": {
      "accuracy": 0.4779966175556183,
      "test_loss": 2.258587598800659,
      "precision": 1.0,
      "recall": 0.0,
      "f1_score": 0.0,
      "update_norm": 1.0970635414123535,
      "is_attacker": false
    },
    "30": {
      "accuracy": 0.48280221223831177,
      "test_loss": 2.2311995029449463,
      "precision": 1.0,
      "recall": 0.0,
      "f1_score": 0.0,
      "update_norm": 1.1066616773605347,
      "is_attacker": false
    },
    "31": {
      "accuracy": 0.47265803813934326,
      "test_loss": 2.299236297607422,
      "precision": 1.0,
      "recall": 0.0,
      "f1_score": 0.0,
      "update_norm": 1.1062613725662231,
      "is_attacker": false
    },
    "32": {
      "accuracy": 0.482570081949234,
      "test_loss": 2.276446580886841,
      "precision": 1.0,
      "recall": 0.0,
      "f1_score": 0.0,
      "update_norm": 1.1011308431625366,
      "is_attacker": false
    },
    "33": {
      "accuracy": 0.47797083854675293,
      "test_loss": 2.261586904525757,
      "precision": 1.0,
      "recall": 0.0,
      "f1_score": 0.0,
      "update_norm": 1.0988463163375854,
      "is_attacker": false
    },
    "34": {
      "accuracy": 0.46995866298675537,
      "test_loss": 2.2685439586639404,