{
  "round": 94,
  "nodes": {
    "0": {
      "accuracy": 0.4565735161304474,
      "test_loss": 3.712308406829834,
      "precision": 1.0,
      "recall": 0.0,
      "f1_score": 0.0,
      "update_norm": 1.1069496870040894,
      "is_attacker": true
    },
    "1": {
      "accuracy": 0.502892792224884,
      "test_loss": 2.8765769004821777,
      "precision": 1.0,
      "recall": 0.0,
      "f1_score": 0.0,
      "update_norm": 1.1068347692489624,
      "is_attacker": true
    },
    "2": {
      "accuracy": 0.5781058073043823,
      "test_loss": 2.113755941390991,
      "precision": 1.0,
      "recall": 0.0,
      "f1_score": 0.0,
      "update_norm": 1.0988085269927979,
      "is_attacker": true
    },
    "3": {
      "accuracy": 0.4511747360229492,
      "test_loss": 3.2424278259277344,
      "precision": 1.0,
      "recall": 0.0,
      "f1_score": 0.0,
      "update_norm": 1.1061677932739258,
      "is_attacker": true
    },
    "4": {
      "accuracy": 0.37498173117637634,
      "test_loss": 4.038891315460205,
      "precision": 1.0,
      "recall": 0.0,
      "f1_score": 0.0,
      "update_norm": 1.1065171957015991,
      "is_attacker": true
    },
    "5": {
      "accuracy": 0.5845189690589905,
      "test_loss": 2.003274917602539,
      "precision": 1.0,
      "recall": 0.0,
      "f1_score": 0.0,
      "update_norm": 1.102534294128418,
      "is_attacker": false
    },
    "6": {
      "accuracy": 0.5823869705200195,
      "test_loss": 2.079533815383911,
      "precision": 1.0,
      "recall": 0.0,
      "f1_score": 0.0,
      "update_norm": 1.0940821170806885,
      "is_attacker": false
    },
    "7": {
      "accuracy": 0.508351743221283,
      "test_loss": 2.8162386417388916,
      "precision": 1.0,
      "recall": 0.0,
      "f1_score": 0.0,
      "update_norm": 1.0978245735168457,
      "is_attacker": false
    },
    "8": {
      "accuracy": 0.5846049189567566,
      "test_loss": 2.0597774982452393,
      "precision": 1.0,
      "recall": 0.0,
      "f1_score": 0.0,
      "update_norm": 1.0996642112731934,
      "is_attacker": false
    },
    "9": {
      "accuracy": 0.5881209969520569,
      "test_loss": 2.0456738471984863,
      "precision": 1.0,
      "recall": 0.0,
      "f1_score": 0.0,
      "update_norm": 1.0990597009658813,
      "is_attacker": false
    },
    "10": {
      "accuracy": 0.5642650127410889,
      "test_loss": 2.243256092071533,
      "precision": 1.0,
      "recall": 0.0,
      "f1_score": 0.0,
      "update_norm": 1.0931655168533325,
      "is_attacker": false
    },
    "11": {
      "accuracy": 0.582662045955658,
      "test_loss": 2.126361846923828,
      "precision": 1.0,
      "recall": 0.0,
      "f1_score": 0.0,
      "update_norm": 1.0986415147781372,
      "is_attacker": false
    },
    "12": {
      "accuracy": 0.5854732394218445,
      "test_loss": 2.0594983100891113,
      "precision": 1.0,
      "recall": 0.0,
      "f1_score": 0.0,
      "update_norm": 1.0946285724639893,
      "is_attacker": false
    },
    "13": {
      "accuracy": 0.5845619440078735,
      "test_loss": 2.108062267303467,
      "precision": 1.0,
      "recall": 0.0,
      "f1_score": 0.0,
      "update_norm": 1.098707675933838,
      "is_attacker": false
    },
    "14": {
      "accuracy": 0.5870034098625183,
      "test_loss": 2.046144485473633,
      "precision": 1.0,
      "recall": 0.0,
      "f1_score": 0.0,
      "update_norm": 1.1043081283569336,
      "is_attacker": false
    },
    "15": {
      "accuracy": 0.5792835354804993,
      "test_loss": 2.032916307449341,
      "precision": 1.0,
      "recall": 0.0,
      "f1_score": 0.0,
      "update_norm": 1.0938397645950317,
      "is_attacker": false
    },
    "16": {
      "accuracy": 0.587029218673706,
      "test_loss": 2.0005033016204834,
      "precision": 1.0,
      "recall": 0.0,
      "f1_score": 0.0,
      "update_norm": 1.0958002805709839,
      "is_attacker": false
    },
    "17": {
      "accuracy": 0.5837452411651611,
      "test_loss": 2.0305421352386475,
      "precision": 1.0,
      "recall": 0.0,
      "f1_score": 0.0,
      "update_norm": 1.0997110605239868,
      "is_attacker": false
    },
    "18": {
      "accuracy": 0.5875192284584045,
      "test_loss": 2.0531585216522217,
      "precision": 1.0,
      "recall": 0.0,
      "f1_score": 0.0,
      "update_norm": 1.096744418144226,
      "is_attacker": false
    },
    "19": {
      "accuracy": 0.5838484168052673,
      "test_loss": 2.1436891555786133,
      "precision": 1.0,
      "recall": 0.0,
      "f1_score": 0.0,
      "update_norm": 1.0976277589797974,
      "is_attacker": false
    },
    "20": {
      "accuracy": 0.5848714113235474,
      "test_loss": 2.0845370292663574,
      "precision": 1.0,
      "recall": 0.0,
      "f1_score": 0.0,
      "update_norm": 1.1052900552749634,
      "is_attacker": false
    },
    "21": {
      "accuracy": 0.5861007571220398,
      "test_loss": 2.0856378078460693,
      "precision": 1.0,
      "recall": 0.0,
      "f1_score": 0.0,
      "update_norm": 1.100427508354187,
      "is_attacker": false
    },
    "22": {
      "accuracy": 0.5843470096588135,
      "test_loss": 2.093463897705078,
      "precision": 1.0,
      "recall": 0.0,
      "f1_score": 0.0,
      "update_norm": 1.0985872745513916,
      "is_attacker": false
    },
    "23": {
      "accuracy": 0.5829801559448242,
      "test_loss": 2.0543768405914307,
      "precision": 1.0,
      "recall": 0.0,
      "f1_score": 0.0,
      "update_norm": 1.0995357036590576,
      "is_attacker": false
    },
    "24": {
      "accuracy": 0.5820602774620056,
      "test_loss": 2.128945827484131,
      "precision": 1.0,
      "recall": 0.0,
      "f1_score": 0.0,
      "update_norm": 1.1025032997131348,
      "is_attacker": false
    },
    "25": {
      "accuracy": 0.583246648311615,
      "test_loss": 2.1001884937286377,
      "precision": 1.0,
      "recall": 0.0,
      "f1_score": 0.0,
      "update_norm": 1.0969185829162598,
      "is_attacker": false
    },
    "26": {
      "accuracy": 0.5791546106338501,
      "test_loss": 2.018702268600464,
      "precision": 1.0,
      "recall": 0.0,
      "f1_score": 0.0,
      "update_norm": 1.0938785076141357,
      "is_attacker": false
    },
    "27": {
      "accuracy": 0.5807707905769348,
      "test_loss": 2.093264579772949,
      "precision": 1.0,
      "recall": 0.0,
      "f1_score": 0.0,
      "update_norm": 1.0983047485351562,
      "is_attacker": false
    },
    "28": {
      "accuracy": 0.5808653235435486,
      "test_loss": 2.108642101287842,
      "precision": 1.0,
      "recall": 0.0,
      "f1_score": 0.0,
      "update_norm": 1.0998340845108032,
      "is_attacker": false
    },
    "29": {
      "accuracy": 0.5841063261032104,
      "test_loss": 2.0606813430786133,
      "precision": 1.0,
      "recall": 0.0,
      "f1_score": 0.0,
      "update_norm": 1.095152497291565,
      "is_attacker": false
    },
    "30": {
      "accuracy": 0.5852754712104797,
      "test_loss": 2.056536912918091,
      "precision": 1.0,
      "recall": 0.0,
      "f1_score": 0.0,
      "update_norm": 1.1002349853515625,
      "is_attacker": false
    },
    "31": {
      "accuracy": 0.586986243724823,
      "test_loss": 2.028900384902954,
      "precision": 1.0,
      "recall": 0.0,
      "f1_score": 0.0,
      "update_norm": 1.0956639051437378,
      "is_attacker": false
    },
    "32": {
      "accuracy": 0.5843814015388489,
      "test_loss": 2.0680243968963623,
      "precision": 1.0,
      "recall": 0.0,
      "f1_score": 0.0,
      "update_norm": 1.0972093343734741,
      "is_attacker": false
    },
    "33": {
      "accuracy": 0.5856795310974121,
      "test_loss": 2.053776979446411,
      "precision": 1.0,
      "recall": 0.0,
      "f1_score": 0.0,
      "update_norm": 1.1021238565444946,
      "is_attacker": false
    },
    "34": {
      "accuracy": 0.5877427458763123,
      "test_loss": 2.0462801456451416,
      "precision": 1.0,