{
  "round": 32,
  "nodes": {
    "0": {
      "accuracy": 0.5148078799247742,
      "test_loss": 2.164454460144043,
      "precision": 1.0,
      "recall": 0.0,
      "f1_score": 0.0,
      "update_norm": 1.0999795198440552,
      "is_attacker": true
    },
    "1": {
      "accuracy": 0.5170688629150391,
      "test_loss": 2.158653736114502,
      "precision": 1.0,
      "recall": 0.0,
      "f1_score": 0.0,
      "update_norm": 1.097846269607544,
      "is_attacker": true
    },
    "2": {
      "accuracy": 0.5164498686790466,
      "test_loss": 2.1542117595672607,
      "precision": 1.0,
      "recall": 0.0,
      "f1_score": 0.0,
      "update_norm": 1.0972816944122314,
      "is_attacker": true
    },
    "3": {
      "accuracy": 0.5089707374572754,
      "test_loss": 2.1954593658447266,
      "precision": 1.0,
      "recall": 0.0,
      "f1_score": 0.0,
      "update_norm": 1.0953752994537354,
      "is_attacker": true
    },
    "4": {
      "accuracy": 0.5078015327453613,
      "test_loss": 2.194683074951172,
      "precision": 1.0,
      "recall": 0.0,
      "f1_score": 0.0,
      "update_norm": 1.101082444190979,
      "is_attacker": true
    },
    "5": {
      "accuracy": 0.510939359664917,
      "test_loss": 2.225152015686035,
      "precision": 1.0,
      "recall": 0.0,
      "f1_score": 0.0,
      "update_norm": 1.1036733388900757,
      "is_attacker": false
    },
    "6": {
      "accuracy": 0.506022036075592,
      "test_loss": 2.2117066383361816,
      "precision": 1.0,
      "recall": 0.0,
      "f1_score": 0.0,
      "update_norm": 1.0985742807388306,
      "is_attacker": false
    },
    "7": {
      "accuracy": 0.5161833763122559,
      "test_loss": 2.2080581188201904,
      "precision": 1.0,
      "recall": 0.0,
      "f1_score": 0.0,
      "update_norm": 1.0969641208648682,
      "is_attacker": false
    },
    "8": {
      "accuracy": 0.5137934684753418,
      "test_loss": 2.194484233856201,
      "precision": 1.0,
      "recall": 0.0,
      "f1_score": 0.0,
      "update_norm": 1.1024850606918335,
      "is_attacker": false
    },
    "9": {
      "accuracy": 0.5214102268218994,
      "test_loss": 2.234142541885376,
      "precision": 1.0,
      "recall": 0.0,
      "f1_score": 0.0,
      "update_norm": 1.1011360883712769,
      "is_attacker": false
    },
    "10": {
      "accuracy": 0.5137504935264587,
      "test_loss": 2.190030574798584,
      "precision": 1.0,
      "recall": 0.0,
      "f1_score": 0.0,
      "update_norm": 1.0998830795288086,
      "is_attacker": false
    },
    "11": {
      "accuracy": 0.5105869174003601,
      "test_loss": 2.24116587638855,
      "precision": 1.0,
      "recall": 0.0,
      "f1_score": 0.0,
      "update_norm": 1.0962343215942383,
      "is_attacker": false
    },
    "12": {
      "accuracy": 0.5091942548751831,
      "test_loss": 2.169095993041992,
      "precision": 1.0,
      "recall": 0.0,
      "f1_score": 0.0,
      "update_norm": 1.1013293266296387,
      "is_attacker": false
    },
    "13": {
      "accuracy": 0.5131487250328064,
      "test_loss": 2.1940958499908447,
      "precision": 1.0,
      "recall": 0.0,
      "f1_score": 0.0,
      "update_norm": 1.0944018363952637,
      "is_attacker": false
    },
    "14": {
      "accuracy": 0.5194157958030701,
      "test_loss": 2.207754373550415,
      "precision": 1.0,
      "recall": 0.0,
      "f1_score": 0.0,
      "update_norm": 1.0964314937591553,
      "is_attacker": false
    },
    "15": {
      "accuracy": 0.5084205269813538,
      "test_loss": 2.2044804096221924,
      "precision": 1.0,
      "recall": 0.0,
      "f1_score": 0.0,
      "update_norm": 1.099519968032837,
      "is_attacker": false
    },
    "16": {
      "accuracy": 0.5220378041267395,
      "test_loss": 2.1952338218688965,
      "precision": 1.0,
      "recall": 0.0,
      "f1_score": 0.0,
      "update_norm": 1.0990930795669556,
      "is_attacker": false
    },
    "17": {
      "accuracy": 0.5059962272644043,
      "test_loss": 2.2145133018493652,
      "precision": 1.0,
      "recall": 0.0,
      "f1_score": 0.0,
      "update_norm": 1.1062476634979248,
      "is_attacker": false
    },
    "18": {
      "accuracy": 0.515263557434082,
      "test_loss": 2.178480625152588,
      "precision": 1.0,
      "recall": 0.0,
      "f1_score": 0.0,
      "update_norm": 1.0946847200393677,
      "is_attacker": false
    },
    "19": {
      "accuracy": 0.5122030973434448,
      "test_loss": 2.2485804557800293,
      "precision": 1.0,
      "recall": 0.0,
      "f1_score": 0.0,
      "update_norm": 1.0967881679534912,
      "is_attacker": false
    },
    "20": {
      "accuracy": 0.519940197467804,
      "test_loss": 2.1789963245391846,
      "precision": 1.0,
      "recall": 0.0,
      "f1_score": 0.0,
      "update_norm": 1.0983463525772095,
      "is_attacker": false
    },
    "21": {
      "accuracy": 0.5154956579208374,
      "test_loss": 2.172114372253418,
      "precision": 1.0,
      "recall": 0.0,
      "f1_score": 0.0,
      "update_norm": 1.1029561758041382,
      "is_attacker": false
    },
    "22": {
      "accuracy": 0.5151259899139404,
      "test_loss": 2.1740260124206543,
      "precision": 1.0,
      "recall": 0.0,
      "f1_score": 0.0,
      "update_norm": 1.100759506225586,
      "is_attacker": false
    },
    "23": {
      "accuracy": 0.5116958618164062,
      "test_loss": 2.184927463531494,
      "precision": 1.0,
      "recall": 0.0,
      "f1_score": 0.0,
      "update_norm": 1.0969523191452026,
      "is_attacker": false
    },
    "24": {
      "accuracy": 0.5133894681930542,
      "test_loss": 2.1945462226867676,
      "precision": 1.0,
      "recall": 0.0,
      "f1_score": 0.0,
      "update_norm": 1.099515676498413,
      "is_attacker": false
    },
    "25": {
      "accuracy": 0.5114036202430725,
      "test_loss": 2.232562780380249,
      "precision": 1.0,
      "recall": 0.0,
      "f1_score": 0.0,
      "update_norm": 1.1000986099243164,
      "is_attacker": false
    },
    "26": {
      "accuracy": 0.5165616273880005,
      "test_loss": 2.1942553520202637,
      "precision": 1.0,
      "recall": 0.0,
      "f1_score": 0.0,
      "update_norm": 1.1025251150131226,
      "is_attacker": false
    },
    "27": {
      "accuracy": 0.5085580945014954,
      "test_loss": 2.2116713523864746,
      "precision": 1.0,
      "recall": 0.0,
      "f1_score": 0.0,
      "update_norm": 1.099312424659729,
      "is_attacker": false
    },
    "28": {
      "accuracy": 0.5167077779769897,
      "test_loss": 2.2005867958068848,
      "precision": 1.0,
      "recall": 0.0,
      "f1_score": 0.0,
      "update_norm": 1.0948641300201416,
      "is_attacker": false
    },
    "29": {
      "accuracy": 0.5138880610466003,
      "test_loss": 2.202495813369751,
      "precision": 1.0,
      "recall": 0.0,
      "f1_score": 0.0,
      "update_norm": 1.0971697568893433,
      "is_attacker": false
    },
    "30": {
      "accuracy": 0.5159942507743835,
      "test_loss": 2.173628568649292,
      "precision": 1.0,
      "recall": 0.0,
      "f1_score": 0.0,
      "update_norm": 1.099820613861084,
      "is_attacker": false
    },
    "31": {
      "accuracy": 0.5112230777740479,
      "test_loss": 2.1959004402160645,
      "precision": 1.0,
      "recall": 0.0,
      "f1_score": 0.0,
      "update_norm": 1.0974502563476562,
      "is_attacker": false
    },
    "32": {
      "accuracy": 0.5107502341270447,
      "test_loss": 2.2126095294952393,
      "precision": 1.0,
      "recall": 0.0,
      "f1_score": 0.0,
      "update_norm": 1.0989264249801636,
      "is_attacker": false
    },
    "33": {
      "accuracy": 0.517223596572876,
      "test_loss": 2.1560418605804443,
      "precision": 1.0,
      "recall": 0.0,
      "f1_score": 0.0,
      "update_norm": 1.0995372533798218,
      "is_attacker": false
    },
    "34": {
      "accuracy": 0.5099679231643677,
      "test_loss": 2.172379732131958,
      "precision": 1.0,