{
  "round": 22,
  "nodes": {
    "0": {
      "accuracy": 0.483558714389801,
      "test_loss": 2.235168218612671,
      "precision": 1.0,
      "recall": 0.0,
      "f1_score": 0.0,
      "update_norm": 1.0991826057434082,
      "is_attacker": true
    },
    "1": {
      "accuracy": 0.4860861599445343,
      "test_loss": 2.237879514694214,
      "precision": 1.0,
      "recall": 0.0,
      "f1_score": 0.0,
      "update_norm": 1.099137306213379,
      "is_attacker": true
    },
    "2": {
      "accuracy": 0.4870232045650482,
      "test_loss": 2.231093168258667,
      "precision": 1.0,
      "recall": 0.0,
      "f1_score": 0.0,
      "update_norm": 1.0991545915603638,
      "is_attacker": true
    },
    "3": {
      "accuracy": 0.4808163642883301,
      "test_loss": 2.2562594413757324,
      "precision": 1.0,
      "recall": 0.0,
      "f1_score": 0.0,
      "update_norm": 1.1000087261199951,
      "is_attacker": true
    },
    "4": {
      "accuracy": 0.48050686717033386,
      "test_loss": 2.2448160648345947,
      "precision": 1.0,
      "recall": 0.0,
      "f1_score": 0.0,
      "update_norm": 1.0988949537277222,
      "is_attacker": true
    },
    "5": {
      "accuracy": 0.48075616359710693,
      "test_loss": 2.287792921066284,
      "precision": 1.0,
      "recall": 0.0,
      "f1_score": 0.0,
      "update_norm": 1.0984303951263428,
      "is_attacker": false
    },
    "6": {
      "accuracy": 0.47382718324661255,
      "test_loss": 2.3041799068450928,
      "precision": 1.0,
      "recall": 0.0,
      "f1_score": 0.0,
      "update_norm": 1.1004496812820435,
      "is_attacker": false
    },
    "7": {
      "accuracy": 0.4768274426460266,
      "test_loss": 2.3127288818359375,
      "precision": 1.0,
      "recall": 0.0,
      "f1_score": 0.0,
      "update_norm": 1.1024750471115112,
      "is_attacker": false
    },
    "8": {
      "accuracy": 0.4825872778892517,
      "test_loss": 2.2558748722076416,
      "precision": 1.0,
      "recall": 0.0,
      "f1_score": 0.0,
      "update_norm": 1.0975004434585571,
      "is_attacker": false
    },
    "9": {
      "accuracy": 0.49056506156921387,
      "test_loss": 2.277833938598633,
      "precision": 1.0,
      "recall": 0.0,
      "f1_score": 0.0,
      "update_norm": 1.0984275341033936,
      "is_attacker": false
    },
    "10": {
      "accuracy": 0.48821815848350525,
      "test_loss": 2.2487127780914307,
      "precision": 1.0,
      "recall": 0.0,
      "f1_score": 0.0,
      "update_norm": 1.100151777267456,
      "is_attacker": false
    },
    "11": {
      "accuracy": 0.4813321530818939,
      "test_loss": 2.293632984161377,
      "precision": 1.0,
      "recall": 0.0,
      "f1_score": 0.0,
      "update_norm": 1.0968279838562012,
      "is_attacker": false
    },
    "12": {
      "accuracy": 0.47887349128723145,
      "test_loss": 2.2471699714660645,
      "precision": 1.0,
      "recall": 0.0,
      "f1_score": 0.0,
      "update_norm": 1.10178542137146,
      "is_attacker": false
    },
    "13": {
      "accuracy": 0.4745321273803711,
      "test_loss": 2.307652235031128,
      "precision": 1.0,
      "recall": 0.0,
      "f1_score": 0.0,
      "update_norm": 1.1056554317474365,
      "is_attacker": false
    },
    "14": {
      "accuracy": 0.48729830980300903,
      "test_loss": 2.2704732418060303,
      "precision": 1.0,
      "recall": 0.0,
      "f1_score": 0.0,
      "update_norm": 1.0992121696472168,
      "is_attacker": false
    },
    "15": {
      "accuracy": 0.47577863931655884,
      "test_loss": 2.2755656242370605,
      "precision": 1.0,
      "recall": 0.0,
      "f1_score": 0.0,
      "update_norm": 1.100770354270935,
      "is_attacker": false
    },
    "16": {
      "accuracy": 0.4895162582397461,
      "test_loss": 2.2609152793884277,
      "precision": 1.0,
      "recall": 0.0,
      "f1_score": 0.0,
      "update_norm": 1.1028990745544434,
      "is_attacker": false
    },
    "17": {
      "accuracy": 0.4827592074871063,
      "test_loss": 2.2415547370910645,
      "precision": 1.0,
      "recall": 0.0,
      "f1_score": 0.0,
      "update_norm": 1.1015170812606812,
      "is_attacker": false
    },
    "18": {
      "accuracy": 0.48821815848350525,
      "test_loss": 2.2395589351654053,
      "precision": 1.0,
      "recall": 0.0,
      "f1_score": 0.0,
      "update_norm": 1.1037310361862183,
      "is_attacker": false
    },
    "19": {
      "accuracy": 0.47523707151412964,
      "test_loss": 2.3165805339813232,
      "precision": 1.0,
      "recall": 0.0,
      "f1_score": 0.0,
      "update_norm": 1.0977104902267456,
      "is_attacker": false
    },
    "20": {
      "accuracy": 0.4867824912071228,
      "test_loss": 2.24123215675354,
      "precision": 1.0,
      "recall": 0.0,
      "f1_score": 0.0,
      "update_norm": 1.0951522588729858,
      "is_attacker": false
    },
    "21": {
      "accuracy": 0.4856133460998535,
      "test_loss": 2.2432503700256348,
      "precision": 1.0,
      "recall": 0.0,
      "f1_score": 0.0,
      "update_norm": 1.0981351137161255,
      "is_attacker": false
    },
    "22": {
      "accuracy": 0.47885629534721375,
      "test_loss": 2.3039016723632812,
      "precision": 1.0,
      "recall": 0.0,
      "f1_score": 0.0,
      "update_norm": 1.0955934524536133,
      "is_attacker": false
    },
    "23": {
      "accuracy": 0.47654375433921814,
      "test_loss": 2.316735029220581,
      "precision": 1.0,
      "recall": 0.0,
      "f1_score": 0.0,
      "update_norm": 1.0991716384887695,
      "is_attacker": false
    },
    "24": {
      "accuracy": 0.4851319193840027,
      "test_loss": 2.289794683456421,
      "precision": 1.0,
      "recall": 0.0,
      "f1_score": 0.0,
      "update_norm": 1.099697232246399,
      "is_attacker": false
    },
    "25": {
      "accuracy": 0.4816502332687378,
      "test_loss": 2.2701029777526855,
      "precision": 1.0,
      "recall": 0.0,
      "f1_score": 0.0,
      "update_norm": 1.1053663492202759,
      "is_attacker": false
    },
    "26": {
      "accuracy": 0.4843840003013611,
      "test_loss": 2.2786247730255127,
      "precision": 1.0,
      "recall": 0.0,
      "f1_score": 0.0,
      "update_norm": 1.1004544496536255,
      "is_attacker": false
    },
    "27": {
      "accuracy": 0.4798792898654938,
      "test_loss": 2.241081476211548,
      "precision": 1.0,
      "recall": 0.0,
      "f1_score": 0.0,
      "update_norm": 1.0984840393066406,
      "is_attacker": false
    },
    "28": {
      "accuracy": 0.4805670380592346,
      "test_loss": 2.2692549228668213,
      "precision": 1.0,
      "recall": 0.0,
      "f1_score": 0.0,
      "update_norm": 1.0987048149108887,
      "is_attacker": false
    },
    "29": {
      "accuracy": 0.48322343826293945,
      "test_loss": 2.238528251647949,
      "precision": 1.0,
      "recall": 0.0,
      "f1_score": 0.0,
      "update_norm": 1.1034977436065674,
      "is_attacker": false
    },
    "30": {
      "accuracy": 0.4849341809749603,
      "test_loss": 2.229051351547241,
      "precision": 1.0,
      "recall": 0.0,
      "f1_score": 0.0,
      "update_norm": 1.0990381240844727,
      "is_attacker": false
    },
    "31": {
      "accuracy": 0.4830772876739502,
      "test_loss": 2.2526354789733887,
      "precision": 1.0,
      "recall": 0.0,
      "f1_score": 0.0,
      "update_norm": 1.096899151802063,
      "is_attacker": false
    },
    "32": {
      "accuracy": 0.48193392157554626,
      "test_loss": 2.2820842266082764,
      "precision": 1.0,
      "recall": 0.0,
      "f1_score": 0.0,
      "update_norm": 1.0980339050292969,
      "is_attacker": false
    },
    "33": {
      "accuracy": 0.48342975974082947,
      "test_loss": 2.2529776096343994,
      "precision": 1.0,
      "recall": 0.0,
      "f1_score": 0.0,
      "update_norm": 1.09654700756073,
      "is_attacker": false
    },
    "34": {
      "accuracy": 0.47438597679138184,
      "test_loss": 2.2684693336486816,