{
  "round": 83,
  "nodes": {
    "0": {
      "accuracy": 0.4830085337162018,
      "test_loss": 3.09291934967041,
      "precision": 1.0,
      "recall": 0.0,
      "f1_score": 0.0,
      "update_norm": 1.1053240299224854,
      "is_attacker": true
    },
    "1": {
      "accuracy": 0.5298694372177124,
      "test_loss": 2.4956984519958496,
      "precision": 1.0,
      "recall": 0.0,
      "f1_score": 0.0,
      "update_norm": 1.1040029525756836,
      "is_attacker": true
    },
    "2": {
      "accuracy": 0.5713573694229126,
      "test_loss": 2.0847675800323486,
      "precision": 1.0,
      "recall": 0.0,
      "f1_score": 0.0,
      "update_norm": 1.097879409790039,
      "is_attacker": true
    },
    "3": {
      "accuracy": 0.5082743763923645,
      "test_loss": 2.5845234394073486,
      "precision": 1.0,
      "recall": 0.0,
      "f1_score": 0.0,
      "update_norm": 1.106932520866394,
      "is_attacker": true
    },
    "4": {
      "accuracy": 0.46590957045555115,
      "test_loss": 2.97153377532959,
      "precision": 1.0,
      "recall": 0.0,
      "f1_score": 0.0,
      "update_norm": 1.1046162843704224,
      "is_attacker": true
    },
    "5": {
      "accuracy": 0.5771429538726807,
      "test_loss": 2.10610294342041,
      "precision": 1.0,
      "recall": 0.0,
      "f1_score": 0.0,
      "update_norm": 1.1028883457183838,
      "is_attacker": false
    },
    "6": {
      "accuracy": 0.579094409942627,
      "test_loss": 2.000232458114624,
      "precision": 1.0,
      "recall": 0.0,
      "f1_score": 0.0,
      "update_norm": 1.1008161306381226,
      "is_attacker": false
    },
    "7": {
      "accuracy": 0.5737988352775574,
      "test_loss": 2.104161024093628,
      "precision": 1.0,
      "recall": 0.0,
      "f1_score": 0.0,
      "update_norm": 1.097892165184021,
      "is_attacker": false
    },
    "8": {
      "accuracy": 0.576592743396759,
      "test_loss": 2.0753560066223145,
      "precision": 1.0,
      "recall": 0.0,
      "f1_score": 0.0,
      "update_norm": 1.10112726688385,
      "is_attacker": false
    },
    "9": {
      "accuracy": 0.5615226626396179,
      "test_loss": 2.357640266418457,
      "precision": 1.0,
      "recall": 0.0,
      "f1_score": 0.0,
      "update_norm": 1.1024690866470337,
      "is_attacker": false
    },
    "10": {
      "accuracy": 0.5783894658088684,
      "test_loss": 2.071843147277832,
      "precision": 1.0,
      "recall": 0.0,
      "f1_score": 0.0,
      "update_norm": 1.0899542570114136,
      "is_attacker": false
    },
    "11": {
      "accuracy": 0.576137125492096,
      "test_loss": 2.1345231533050537,
      "precision": 1.0,
      "recall": 0.0,
      "f1_score": 0.0,
      "update_norm": 1.0964893102645874,
      "is_attacker": false
    },
    "12": {
      "accuracy": 0.57955002784729,
      "test_loss": 2.032217502593994,
      "precision": 1.0,
      "recall": 0.0,
      "f1_score": 0.0,
      "update_norm": 1.10203218460083,
      "is_attacker": false
    },
    "13": {
      "accuracy": 0.5767045021057129,
      "test_loss": 2.1028482913970947,
      "precision": 1.0,
      "recall": 0.0,
      "f1_score": 0.0,
      "update_norm": 1.0937004089355469,
      "is_attacker": false
    },
    "14": {
      "accuracy": 0.5795328617095947,
      "test_loss": 2.0422706604003906,
      "precision": 1.0,
      "recall": 0.0,
      "f1_score": 0.0,
      "update_norm": 1.099766492843628,
      "is_attacker": false
    },
    "15": {
      "accuracy": 0.5698357224464417,
      "test_loss": 2.0977230072021484,
      "precision": 1.0,
      "recall": 0.0,
      "f1_score": 0.0,
      "update_norm": 1.0969666242599487,
      "is_attacker": false
    },
    "16": {
      "accuracy": 0.5776415467262268,
      "test_loss": 2.0425539016723633,
      "precision": 1.0,
      "recall": 0.0,
      "f1_score": 0.0,
      "update_norm": 1.1011981964111328,
      "is_attacker": false
    },
    "17": {
      "accuracy": 0.5766787528991699,
      "test_loss": 2.0420544147491455,
      "precision": 1.0,
      "recall": 0.0,
      "f1_score": 0.0,
      "update_norm": 1.1024255752563477,
      "is_attacker": false
    },
    "18": {
      "accuracy": 0.5776501893997192,
      "test_loss": 2.060645580291748,
      "precision": 1.0,
      "recall": 0.0,
      "f1_score": 0.0,
      "update_norm": 1.0965275764465332,
      "is_attacker": false
    },
    "19": {
      "accuracy": 0.5780799984931946,
      "test_loss": 2.1195337772369385,
      "precision": 1.0,
      "recall": 0.0,
      "f1_score": 0.0,
      "update_norm": 1.100589394569397,
      "is_attacker": false
    },
    "20": {
      "accuracy": 0.5774953961372375,
      "test_loss": 2.1083555221557617,
      "precision": 1.0,
      "recall": 0.0,
      "f1_score": 0.0,
      "update_norm": 1.0977911949157715,
      "is_attacker": false
    },
    "21": {
      "accuracy": 0.5771429538726807,
      "test_loss": 2.094024658203125,
      "precision": 1.0,
      "recall": 0.0,
      "f1_score": 0.0,
      "update_norm": 1.0965518951416016,
      "is_attacker": false
    },
    "22": {
      "accuracy": 0.5758964419364929,
      "test_loss": 2.065843105316162,
      "precision": 1.0,
      "recall": 0.0,
      "f1_score": 0.0,
      "update_norm": 1.102880597114563,
      "is_attacker": false
    },
    "23": {
      "accuracy": 0.5778564810752869,
      "test_loss": 2.0408613681793213,
      "precision": 1.0,
      "recall": 0.0,
      "f1_score": 0.0,
      "update_norm": 1.0978795289993286,
      "is_attacker": false
    },
    "24": {
      "accuracy": 0.5745811462402344,
      "test_loss": 2.112855911254883,
      "precision": 1.0,
      "recall": 0.0,
      "f1_score": 0.0,
      "update_norm": 1.0960502624511719,
      "is_attacker": false
    },
    "25": {
      "accuracy": 0.5754837989807129,
      "test_loss": 2.1056714057922363,
      "precision": 1.0,
      "recall": 0.0,
      "f1_score": 0.0,
      "update_norm": 1.101514458656311,
      "is_attacker": false
    },
    "26": {
      "accuracy": 0.5718473792076111,
      "test_loss": 2.067141056060791,
      "precision": 1.0,
      "recall": 0.0,
      "f1_score": 0.0,
      "update_norm": 1.100350022315979,
      "is_attacker": false
    },
    "27": {
      "accuracy": 0.5751399397850037,
      "test_loss": 2.081545114517212,
      "precision": 1.0,
      "recall": 0.0,
      "f1_score": 0.0,
      "update_norm": 1.0926424264907837,
      "is_attacker": false
    },
    "28": {
      "accuracy": 0.572982132434845,
      "test_loss": 2.1615915298461914,
      "precision": 1.0,
      "recall": 0.0,
      "f1_score": 0.0,
      "update_norm": 1.1037287712097168,
      "is_attacker": false
    },
    "29": {
      "accuracy": 0.5762317180633545,
      "test_loss": 2.074387788772583,
      "precision": 1.0,
      "recall": 0.0,
      "f1_score": 0.0,
      "update_norm": 1.1004492044448853,
      "is_attacker": false
    },
    "30": {
      "accuracy": 0.576309084892273,
      "test_loss": 2.089176893234253,
      "precision": 1.0,
      "recall": 0.0,
      "f1_score": 0.0,
      "update_norm": 1.1020581722259521,
      "is_attacker": false
    },
    "31": {
      "accuracy": 0.5793952941894531,
      "test_loss": 2.063922643661499,
      "precision": 1.0,
      "recall": 0.0,
      "f1_score": 0.0,
      "update_norm": 1.096339225769043,
      "is_attacker": false
    },
    "32": {
      "accuracy": 0.5737472176551819,
      "test_loss": 2.113274574279785,
      "precision": 1.0,
      "recall": 0.0,
      "f1_score": 0.0,
      "update_norm": 1.0971860885620117,
      "is_attacker": false
    },
    "33": {
      "accuracy": 0.5786216259002686,
      "test_loss": 2.029291868209839,
      "precision": 1.0,
      "recall": 0.0,
      "f1_score": 0.0,
      "update_norm": 1.0953400135040283,
      "is_attacker": false
    },
    "34": {
      "accuracy": 0.5753118395805359,
      "test_loss": 2.0811030864715576,
      "precision": 1.0,
      "recall": 0.0,