{
  "round": 28,
  "nodes": {
    "0": {
      "accuracy": 0.5047926902770996,
      "test_loss": 2.189927339553833,
      "precision": 1.0,
      "recall": 0.0,
      "f1_score": 0.0,
      "update_norm": 1.1004036664962769,
      "is_attacker": true
    },
    "1": {
      "accuracy": 0.5078617334365845,
      "test_loss": 2.1774890422821045,
      "precision": 1.0,
      "recall": 0.0,
      "f1_score": 0.0,
      "update_norm": 1.0946004390716553,
      "is_attacker": true
    },
    "2": {
      "accuracy": 0.5079132914543152,
      "test_loss": 2.1741690635681152,
      "precision": 1.0,
      "recall": 0.0,
      "f1_score": 0.0,
      "update_norm": 1.0960965156555176,
      "is_attacker": true
    },
    "3": {
      "accuracy": 0.5009327530860901,
      "test_loss": 2.2094409465789795,
      "precision": 1.0,
      "recall": 0.0,
      "f1_score": 0.0,
      "update_norm": 1.0984472036361694,
      "is_attacker": true
    },
    "4": {
      "accuracy": 0.49929937720298767,
      "test_loss": 2.205554246902466,
      "precision": 1.0,
      "recall": 0.0,
      "f1_score": 0.0,
      "update_norm": 1.1046273708343506,
      "is_attacker": true
    },
    "5": {
      "accuracy": 0.500434160232544,
      "test_loss": 2.2365481853485107,
      "precision": 1.0,
      "recall": 0.0,
      "f1_score": 0.0,
      "update_norm": 1.0973520278930664,
      "is_attacker": false
    },
    "6": {
      "accuracy": 0.49919620156288147,
      "test_loss": 2.2087929248809814,
      "precision": 1.0,
      "recall": 0.0,
      "f1_score": 0.0,
      "update_norm": 1.1041045188903809,
      "is_attacker": false
    },
    "7": {
      "accuracy": 0.5037696957588196,
      "test_loss": 2.2270045280456543,
      "precision": 1.0,
      "recall": 0.0,
      "f1_score": 0.0,
      "update_norm": 1.100675106048584,
      "is_attacker": false
    },
    "8": {
      "accuracy": 0.5048786401748657,
      "test_loss": 2.2210323810577393,
      "precision": 1.0,
      "recall": 0.0,
      "f1_score": 0.0,
      "update_norm": 1.0960290431976318,
      "is_attacker": false
    },
    "9": {
      "accuracy": 0.5108705759048462,
      "test_loss": 2.2169809341430664,
      "precision": 1.0,
      "recall": 0.0,
      "f1_score": 0.0,
      "update_norm": 1.1016666889190674,
      "is_attacker": false
    },
    "10": {
      "accuracy": 0.5020073652267456,
      "test_loss": 2.2520978450775146,
      "precision": 1.0,
      "recall": 0.0,
      "f1_score": 0.0,
      "update_norm": 1.0992095470428467,
      "is_attacker": false
    },
    "11": {
      "accuracy": 0.5018354058265686,
      "test_loss": 2.2323226928710938,
      "precision": 1.0,
      "recall": 0.0,
      "f1_score": 0.0,
      "update_norm": 1.1013457775115967,
      "is_attacker": false
    },
    "12": {
      "accuracy": 0.49807003140449524,
      "test_loss": 2.1868715286254883,
      "precision": 1.0,
      "recall": 0.0,
      "f1_score": 0.0,
      "update_norm": 1.1052182912826538,
      "is_attacker": false
    },
    "13": {
      "accuracy": 0.5044832229614258,
      "test_loss": 2.2089033126831055,
      "precision": 1.0,
      "recall": 0.0,
      "f1_score": 0.0,
      "update_norm": 1.100073218345642,
      "is_attacker": false
    },
    "14": {
      "accuracy": 0.5084463357925415,
      "test_loss": 2.221761465072632,
      "precision": 1.0,
      "recall": 0.0,
      "f1_score": 0.0,
      "update_norm": 1.1017581224441528,
      "is_attacker": false
    },
    "15": {
      "accuracy": 0.5008209943771362,
      "test_loss": 2.217308759689331,
      "precision": 1.0,
      "recall": 0.0,
      "f1_score": 0.0,
      "update_norm": 1.0996800661087036,
      "is_attacker": false
    },
    "16": {
      "accuracy": 0.511721670627594,
      "test_loss": 2.198063373565674,
      "precision": 1.0,
      "recall": 0.0,
      "f1_score": 0.0,
      "update_norm": 1.0964546203613281,
      "is_attacker": false
    },
    "17": {
      "accuracy": 0.49803563952445984,
      "test_loss": 2.223327398300171,
      "precision": 1.0,
      "recall": 0.0,
      "f1_score": 0.0,
      "update_norm": 1.099648356437683,
      "is_attacker": false
    },
    "18": {
      "accuracy": 0.5038212537765503,
      "test_loss": 2.232332229614258,
      "precision": 1.0,
      "recall": 0.0,
      "f1_score": 0.0,
      "update_norm": 1.101493000984192,
      "is_attacker": false
    },
    "19": {
      "accuracy": 0.49698683619499207,
      "test_loss": 2.2617900371551514,
      "precision": 1.0,
      "recall": 0.0,
      "f1_score": 0.0,
      "update_norm": 1.1018835306167603,
      "is_attacker": false
    },
    "20": {
      "accuracy": 0.5070622563362122,
      "test_loss": 2.1999258995056152,
      "precision": 1.0,
      "recall": 0.0,
      "f1_score": 0.0,
      "update_norm": 1.1019443273544312,
      "is_attacker": false
    },
    "21": {
      "accuracy": 0.5093833804130554,
      "test_loss": 2.1797924041748047,
      "precision": 1.0,
      "recall": 0.0,
      "f1_score": 0.0,
      "update_norm": 1.0969946384429932,
      "is_attacker": false
    },
    "22": {
      "accuracy": 0.5021535158157349,
      "test_loss": 2.2476627826690674,
      "precision": 1.0,
      "recall": 0.0,
      "f1_score": 0.0,
      "update_norm": 1.0992695093154907,
      "is_attacker": false
    },
    "23": {
      "accuracy": 0.49822476506233215,
      "test_loss": 2.2087697982788086,
      "precision": 1.0,
      "recall": 0.0,
      "f1_score": 0.0,
      "update_norm": 1.0950132608413696,
      "is_attacker": false
    },
    "24": {
      "accuracy": 0.500846803188324,
      "test_loss": 2.236426591873169,
      "precision": 1.0,
      "recall": 0.0,
      "f1_score": 0.0,
      "update_norm": 1.0975425243377686,
      "is_attacker": false
    },
    "25": {
      "accuracy": 0.5031077265739441,
      "test_loss": 2.232330799102783,
      "precision": 1.0,
      "recall": 0.0,
      "f1_score": 0.0,
      "update_norm": 1.0980216264724731,
      "is_attacker": false
    },
    "26": {
      "accuracy": 0.5080938339233398,
      "test_loss": 2.206261157989502,
      "precision": 1.0,
      "recall": 0.0,
      "f1_score": 0.0,
      "update_norm": 1.1016637086868286,
      "is_attacker": false
    },
    "27": {
      "accuracy": 0.4997292160987854,
      "test_loss": 2.2078697681427,
      "precision": 1.0,
      "recall": 0.0,
      "f1_score": 0.0,
      "update_norm": 1.1061255931854248,
      "is_attacker": false
    },
    "28": {
      "accuracy": 0.5086698532104492,
      "test_loss": 2.214634895324707,
      "precision": 1.0,
      "recall": 0.0,
      "f1_score": 0.0,
      "update_norm": 1.0946271419525146,
      "is_attacker": false
    },
    "29": {
      "accuracy": 0.5019901394844055,
      "test_loss": 2.2200167179107666,
      "precision": 1.0,
      "recall": 0.0,
      "f1_score": 0.0,
      "update_norm": 1.0981887578964233,
      "is_attacker": false
    },
    "30": {
      "accuracy": 0.5056781768798828,
      "test_loss": 2.2099640369415283,
      "precision": 1.0,
      "recall": 0.0,
      "f1_score": 0.0,
      "update_norm": 1.0987318754196167,
      "is_attacker": false
    },
    "31": {
      "accuracy": 0.5027122497558594,
      "test_loss": 2.2062199115753174,
      "precision": 1.0,
      "recall": 0.0,
      "f1_score": 0.0,
      "update_norm": 1.098800778388977,
      "is_attacker": false
    },
    "32": {
      "accuracy": 0.49949708580970764,
      "test_loss": 2.2347586154937744,
      "precision": 1.0,
      "recall": 0.0,
      "f1_score": 0.0,
      "update_norm": 1.0973823070526123,
      "is_attacker": false
    },
    "33": {
      "accuracy": 0.5063056945800781,
      "test_loss": 2.1975321769714355,
      "precision": 1.0,
      "recall": 0.0,
      "f1_score": 0.0,
      "update_norm": 1.0997467041015625,
      "is_attacker": false
    },
    "34": {
      "accuracy": 0.4986288249492645,
      "test_loss": 2.219940423965454,
      "precision": 1.0,