{
  "round": 56,
  "nodes": {
    "0": {
      "accuracy": 0.5181262493133545,
      "test_loss": 2.3823750019073486,
      "precision": 1.0,
      "recall": 0.0,
      "f1_score": 0.0,
      "update_norm": 1.0997536182403564,
      "is_attacker": true
    },
    "1": {
      "accuracy": 0.5356034636497498,
      "test_loss": 2.257415533065796,
      "precision": 1.0,
      "recall": 0.0,
      "f1_score": 0.0,
      "update_norm": 1.0977802276611328,
      "is_attacker": true
    },
    "2": {
      "accuracy": 0.5518341064453125,
      "test_loss": 2.0896708965301514,
      "precision": 1.0,
      "recall": 0.0,
      "f1_score": 0.0,
      "update_norm": 1.1039782762527466,
      "is_attacker": true
    },
    "3": {
      "accuracy": 0.5197510123252869,
      "test_loss": 2.3186702728271484,
      "precision": 1.0,
      "recall": 0.0,
      "f1_score": 0.0,
      "update_norm": 1.101119041442871,
      "is_attacker": true
    },
    "4": {
      "accuracy": 0.5160544514656067,
      "test_loss": 2.3296046257019043,
      "precision": 1.0,
      "recall": 0.0,
      "f1_score": 0.0,
      "update_norm": 1.1032770872116089,
      "is_attacker": true
    },
    "5": {
      "accuracy": 0.5478366017341614,
      "test_loss": 2.1132771968841553,
      "precision": 1.0,
      "recall": 0.0,
      "f1_score": 0.0,
      "update_norm": 1.1003637313842773,
      "is_attacker": false
    },
    "6": {
      "accuracy": 0.5512495636940002,
      "test_loss": 2.091805934906006,
      "precision": 1.0,
      "recall": 0.0,
      "f1_score": 0.0,
      "update_norm": 1.1001911163330078,
      "is_attacker": false
    },
    "7": {
      "accuracy": 0.5509228706359863,
      "test_loss": 2.124622106552124,
      "precision": 1.0,
      "recall": 0.0,
      "f1_score": 0.0,
      "update_norm": 1.098957896232605,
      "is_attacker": false
    },
    "8": {
      "accuracy": 0.5543873310089111,
      "test_loss": 2.1087963581085205,
      "precision": 1.0,
      "recall": 0.0,
      "f1_score": 0.0,
      "update_norm": 1.0995997190475464,
      "is_attacker": false
    },
    "9": {
      "accuracy": 0.5554705262184143,
      "test_loss": 2.1656932830810547,
      "precision": 1.0,
      "recall": 0.0,
      "f1_score": 0.0,
      "update_norm": 1.0937498807907104,
      "is_attacker": false
    },
    "10": {
      "accuracy": 0.5523928999900818,
      "test_loss": 2.1104445457458496,
      "precision": 1.0,
      "recall": 0.0,
      "f1_score": 0.0,
      "update_norm": 1.1007440090179443,
      "is_attacker": false
    },
    "11": {
      "accuracy": 0.5498482584953308,
      "test_loss": 2.160642385482788,
      "precision": 1.0,
      "recall": 0.0,
      "f1_score": 0.0,
      "update_norm": 1.0985294580459595,
      "is_attacker": false
    },
    "12": {
      "accuracy": 0.5512495636940002,
      "test_loss": 2.1079559326171875,
      "precision": 1.0,
      "recall": 0.0,
      "f1_score": 0.0,
      "update_norm": 1.1057549715042114,
      "is_attacker": false
    },
    "13": {
      "accuracy": 0.5585224032402039,
      "test_loss": 2.0915439128875732,
      "precision": 1.0,
      "recall": 0.0,
      "f1_score": 0.0,
      "update_norm": 1.0988589525222778,
      "is_attacker": false
    },
    "14": {
      "accuracy": 0.5560121536254883,
      "test_loss": 2.100024461746216,
      "precision": 1.0,
      "recall": 0.0,
      "f1_score": 0.0,
      "update_norm": 1.1005616188049316,
      "is_attacker": false
    },
    "15": {
      "accuracy": 0.5443463325500488,
      "test_loss": 2.1819064617156982,
      "precision": 1.0,
      "recall": 0.0,
      "f1_score": 0.0,
      "update_norm": 1.0973676443099976,
      "is_attacker": false
    },
    "16": {
      "accuracy": 0.5559003949165344,
      "test_loss": 2.0773448944091797,
      "precision": 1.0,
      "recall": 0.0,
      "f1_score": 0.0,
      "update_norm": 1.0954301357269287,
      "is_attacker": false
    },
    "17": {
      "accuracy": 0.549753725528717,
      "test_loss": 2.1350717544555664,
      "precision": 1.0,
      "recall": 0.0,
      "f1_score": 0.0,
      "update_norm": 1.0975507497787476,
      "is_attacker": false
    },
    "18": {
      "accuracy": 0.5550922751426697,
      "test_loss": 2.0910816192626953,
      "precision": 1.0,
      "recall": 0.0,
      "f1_score": 0.0,
      "update_norm": 1.0999813079833984,
      "is_attacker": false
    },
    "19": {
      "accuracy": 0.5513526797294617,
      "test_loss": 2.1582038402557373,
      "precision": 1.0,
      "recall": 0.0,
      "f1_score": 0.0,
      "update_norm": 1.1021318435668945,
      "is_attacker": false
    },
    "20": {
      "accuracy": 0.5578948259353638,
      "test_loss": 2.0926353931427,
      "precision": 1.0,
      "recall": 0.0,
      "f1_score": 0.0,
      "update_norm": 1.0944533348083496,
      "is_attacker": false
    },
    "21": {
      "accuracy": 0.5527711510658264,
      "test_loss": 2.1026430130004883,
      "precision": 1.0,
      "recall": 0.0,
      "f1_score": 0.0,
      "update_norm": 1.1009643077850342,
      "is_attacker": false
    },
    "22": {
      "accuracy": 0.546822190284729,
      "test_loss": 2.128923177719116,
      "precision": 1.0,
      "recall": 0.0,
      "f1_score": 0.0,
      "update_norm": 1.1026479005813599,
      "is_attacker": false
    },
    "23": {
      "accuracy": 0.5510346293449402,
      "test_loss": 2.1513805389404297,
      "precision": 1.0,
      "recall": 0.0,
      "f1_score": 0.0,
      "update_norm": 1.0977140665054321,
      "is_attacker": false
    },
    "24": {
      "accuracy": 0.5508540868759155,
      "test_loss": 2.2047414779663086,
      "precision": 1.0,
      "recall": 0.0,
      "f1_score": 0.0,
      "update_norm": 1.0981882810592651,
      "is_attacker": false
    },
    "25": {
      "accuracy": 0.5493066906929016,
      "test_loss": 2.1554665565490723,
      "precision": 1.0,
      "recall": 0.0,
      "f1_score": 0.0,
      "update_norm": 1.1010470390319824,
      "is_attacker": false
    },
    "26": {
      "accuracy": 0.5482922792434692,
      "test_loss": 2.1220955848693848,
      "precision": 1.0,
      "recall": 0.0,
      "f1_score": 0.0,
      "update_norm": 1.099231481552124,
      "is_attacker": false
    },
    "27": {
      "accuracy": 0.5512581467628479,
      "test_loss": 2.119814872741699,
      "precision": 1.0,
      "recall": 0.0,
      "f1_score": 0.0,
      "update_norm": 1.0963630676269531,
      "is_attacker": false
    },
    "28": {
      "accuracy": 0.5539833307266235,
      "test_loss": 2.145965814590454,
      "precision": 1.0,
      "recall": 0.0,
      "f1_score": 0.0,
      "update_norm": 1.0992015600204468,
      "is_attacker": false
    },
    "29": {
      "accuracy": 0.550364077091217,
      "test_loss": 2.0848536491394043,
      "precision": 1.0,
      "recall": 0.0,
      "f1_score": 0.0,
      "update_norm": 1.1007091999053955,
      "is_attacker": false
    },
    "30": {
      "accuracy": 0.5535104870796204,
      "test_loss": 2.1485655307769775,
      "precision": 1.0,
      "recall": 0.0,
      "f1_score": 0.0,
      "update_norm": 1.0971755981445312,
      "is_attacker": false
    },
    "31": {
      "accuracy": 0.5531408190727234,
      "test_loss": 2.0904533863067627,
      "precision": 1.0,
      "recall": 0.0,
      "f1_score": 0.0,
      "update_norm": 1.100507140159607,
      "is_attacker": false
    },
    "32": {
      "accuracy": 0.5480687618255615,
      "test_loss": 2.155071973800659,
      "precision": 1.0,
      "recall": 0.0,
      "f1_score": 0.0,
      "update_norm": 1.1023709774017334,
      "is_attacker": false
    },
    "33": {
      "accuracy": 0.5529001355171204,
      "test_loss": 2.1050617694854736,
      "precision": 1.0,
      "recall": 0.0,
      "f1_score": 0.0,
      "update_norm": 1.0941157341003418,
      "is_attacker": false
    },
    "34": {
      "accuracy": 0.546753466129303,
      "test_loss": 2.133261203765869,
      "precision": 1.0,