{
  "round": 80,
  "nodes": {
    "0": {
      "accuracy": 0.4833867847919464,
      "test_loss": 3.0283474922180176,
      "precision": 1.0,
      "recall": 0.0,
      "f1_score": 0.0,
      "update_norm": 1.1026524305343628,
      "is_attacker": true
    },
    "1": {
      "accuracy": 0.5291386842727661,
      "test_loss": 2.456437349319458,
      "precision": 1.0,
      "recall": 0.0,
      "f1_score": 0.0,
      "update_norm": 1.1018930673599243,
      "is_attacker": true
    },
    "2": {
      "accuracy": 0.566328227519989,
      "test_loss": 2.0896358489990234,
      "precision": 1.0,
      "recall": 0.0,
      "f1_score": 0.0,
      "update_norm": 1.0992095470428467,
      "is_attacker": true
    },
    "3": {
      "accuracy": 0.49902427196502686,
      "test_loss": 2.6595301628112793,
      "precision": 1.0,
      "recall": 0.0,
      "f1_score": 0.0,
      "update_norm": 1.1006051301956177,
      "is_attacker": true
    },
    "4": {
      "accuracy": 0.46964916586875916,
      "test_loss": 2.925243616104126,
      "precision": 1.0,
      "recall": 0.0,
      "f1_score": 0.0,
      "update_norm": 1.1073455810546875,
      "is_attacker": true
    },
    "5": {
      "accuracy": 0.5730079412460327,
      "test_loss": 2.1148273944854736,
      "precision": 1.0,
      "recall": 0.0,
      "f1_score": 0.0,
      "update_norm": 1.0966278314590454,
      "is_attacker": false
    },
    "6": {
      "accuracy": 0.5663368701934814,
      "test_loss": 2.1169276237487793,
      "precision": 1.0,
      "recall": 0.0,
      "f1_score": 0.0,
      "update_norm": 1.0980632305145264,
      "is_attacker": false
    },
    "7": {
      "accuracy": 0.5713229775428772,
      "test_loss": 2.1154141426086426,
      "precision": 1.0,
      "recall": 0.0,
      "f1_score": 0.0,
      "update_norm": 1.101601243019104,
      "is_attacker": false
    },
    "8": {
      "accuracy": 0.5704030990600586,
      "test_loss": 2.1357743740081787,
      "precision": 1.0,
      "recall": 0.0,
      "f1_score": 0.0,
      "update_norm": 1.097518801689148,
      "is_attacker": false
    },
    "9": {
      "accuracy": 0.5792835354804993,
      "test_loss": 2.0838234424591064,
      "precision": 1.0,
      "recall": 0.0,
      "f1_score": 0.0,
      "update_norm": 1.1014517545700073,
      "is_attacker": false
    },
    "10": {
      "accuracy": 0.5756815075874329,
      "test_loss": 2.0952436923980713,
      "precision": 1.0,
      "recall": 0.0,
      "f1_score": 0.0,
      "update_norm": 1.0951582193374634,
      "is_attacker": false
    },
    "11": {
      "accuracy": 0.576962411403656,
      "test_loss": 2.104844331741333,
      "precision": 1.0,
      "recall": 0.0,
      "f1_score": 0.0,
      "update_norm": 1.0995886325836182,
      "is_attacker": false
    },
    "12": {
      "accuracy": 0.5797563791275024,
      "test_loss": 2.024519443511963,
      "precision": 1.0,
      "recall": 0.0,
      "f1_score": 0.0,
      "update_norm": 1.0980924367904663,
      "is_attacker": false
    },
    "13": {
      "accuracy": 0.5758276581764221,
      "test_loss": 2.0792129039764404,
      "precision": 1.0,
      "recall": 0.0,
      "f1_score": 0.0,
      "update_norm": 1.095299482345581,
      "is_attacker": false
    },
    "14": {
      "accuracy": 0.5790170431137085,
      "test_loss": 2.06207537651062,
      "precision": 1.0,
      "recall": 0.0,
      "f1_score": 0.0,
      "update_norm": 1.0987492799758911,
      "is_attacker": false
    },
    "15": {
      "accuracy": 0.5666635036468506,
      "test_loss": 2.1221399307250977,
      "precision": 1.0,
      "recall": 0.0,
      "f1_score": 0.0,
      "update_norm": 1.0967656373977661,
      "is_attacker": false
    },
    "16": {
      "accuracy": 0.5763692259788513,
      "test_loss": 2.0597290992736816,
      "precision": 1.0,
      "recall": 0.0,
      "f1_score": 0.0,
      "update_norm": 1.1007722616195679,
      "is_attacker": false
    },
    "17": {
      "accuracy": 0.5752774477005005,
      "test_loss": 2.036012649536133,
      "precision": 1.0,
      "recall": 0.0,
      "f1_score": 0.0,
      "update_norm": 1.0991493463516235,
      "is_attacker": false
    },
    "18": {
      "accuracy": 0.578484058380127,
      "test_loss": 2.0654296875,
      "precision": 1.0,
      "recall": 0.0,
      "f1_score": 0.0,
      "update_norm": 1.1017870903015137,
      "is_attacker": false
    },
    "19": {
      "accuracy": 0.5774008631706238,
      "test_loss": 2.1308460235595703,
      "precision": 1.0,
      "recall": 0.0,
      "f1_score": 0.0,
      "update_norm": 1.09837806224823,
      "is_attacker": false
    },
    "20": {
      "accuracy": 0.5754235982894897,
      "test_loss": 2.099120855331421,
      "precision": 1.0,
      "recall": 0.0,
      "f1_score": 0.0,
      "update_norm": 1.0987446308135986,
      "is_attacker": false
    },
    "21": {
      "accuracy": 0.5764638185501099,
      "test_loss": 2.089015245437622,
      "precision": 1.0,
      "recall": 0.0,
      "f1_score": 0.0,
      "update_norm": 1.1031434535980225,
      "is_attacker": false
    },
    "22": {
      "accuracy": 0.5745553374290466,
      "test_loss": 2.0701470375061035,
      "precision": 1.0,
      "recall": 0.0,
      "f1_score": 0.0,
      "update_norm": 1.0953807830810547,
      "is_attacker": false
    },
    "23": {
      "accuracy": 0.5743404030799866,
      "test_loss": 2.0558366775512695,
      "precision": 1.0,
      "recall": 0.0,
      "f1_score": 0.0,
      "update_norm": 1.0972427129745483,
      "is_attacker": false
    },
    "24": {
      "accuracy": 0.5711768269538879,
      "test_loss": 2.151458740234375,
      "precision": 1.0,
      "recall": 0.0,
      "f1_score": 0.0,
      "update_norm": 1.099918007850647,
      "is_attacker": false
    },
    "25": {
      "accuracy": 0.5721826553344727,
      "test_loss": 2.1582820415496826,
      "precision": 1.0,
      "recall": 0.0,
      "f1_score": 0.0,
      "update_norm": 1.0996735095977783,
      "is_attacker": false
    },
    "26": {
      "accuracy": 0.5705234408378601,
      "test_loss": 2.0435500144958496,
      "precision": 1.0,
      "recall": 0.0,
      "f1_score": 0.0,
      "update_norm": 1.1031183004379272,
      "is_attacker": false
    },
    "27": {
      "accuracy": 0.5699732899665833,
      "test_loss": 2.1475558280944824,
      "precision": 1.0,
      "recall": 0.0,
      "f1_score": 0.0,
      "update_norm": 1.1005553007125854,
      "is_attacker": false
    },
    "28": {
      "accuracy": 0.5743662118911743,
      "test_loss": 2.100806713104248,
      "precision": 1.0,
      "recall": 0.0,
      "f1_score": 0.0,
      "update_norm": 1.100463628768921,
      "is_attacker": false
    },
    "29": {
      "accuracy": 0.5723029971122742,
      "test_loss": 2.080048084259033,
      "precision": 1.0,
      "recall": 0.0,
      "f1_score": 0.0,
      "update_norm": 1.0957554578781128,
      "is_attacker": false
    },
    "30": {
      "accuracy": 0.5740395188331604,
      "test_loss": 2.120955228805542,
      "precision": 1.0,
      "recall": 0.0,
      "f1_score": 0.0,
      "update_norm": 1.0976338386535645,
      "is_attacker": false
    },
    "31": {
      "accuracy": 0.5778393149375916,
      "test_loss": 2.06583571434021,
      "precision": 1.0,
      "recall": 0.0,
      "f1_score": 0.0,
      "update_norm": 1.0985350608825684,
      "is_attacker": false
    },
    "32": {
      "accuracy": 0.5757502913475037,
      "test_loss": 2.0872414112091064,
      "precision": 1.0,
      "recall": 0.0,
      "f1_score": 0.0,
      "update_norm": 1.1017842292785645,
      "is_attacker": false
    },
    "33": {
      "accuracy": 0.5742802619934082,
      "test_loss": 2.0558619499206543,
      "precision": 1.0,
      "recall": 0.0,
      "f1_score": 0.0,
      "update_norm": 1.1003857851028442,
      "is_attacker": false
    },
    "34": {
      "accuracy": 0.5736097097396851,
      "test_loss": 2.0708119869232178,
      "precision": 1.0,