{
  "round": 5,
  "nodes": {
    "0": {
      "accuracy": 0.260275274515152,
      "test_loss": 3.384237289428711,
      "precision": 1.0,
      "recall": 0.0,
      "f1_score": 0.0,
      "update_norm": 1.1064637899398804,
      "is_attacker": true
    },
    "1": {
      "accuracy": 0.25951874256134033,
      "test_loss": 3.3851022720336914,
      "precision": 1.0,
      "recall": 0.0,
      "f1_score": 0.0,
      "update_norm": 1.1099966764450073,
      "is_attacker": true
    },
    "2": {
      "accuracy": 0.24937458336353302,
      "test_loss": 3.3868160247802734,
      "precision": 1.0,
      "recall": 0.0,
      "f1_score": 0.0,
      "update_norm": 1.1091866493225098,
      "is_attacker": true
    },
    "3": {
      "accuracy": 0.24253156781196594,
      "test_loss": 3.389000415802002,
      "precision": 1.0,
      "recall": 0.0,
      "f1_score": 0.0,
      "update_norm": 1.1135345697402954,
      "is_attacker": true
    },
    "4": {
      "accuracy": 0.25958752632141113,
      "test_loss": 3.3860816955566406,
      "precision": 1.0,
      "recall": 0.0,
      "f1_score": 0.0,
      "update_norm": 1.1132400035858154,
      "is_attacker": true
    },
    "5": {
      "accuracy": 0.2674449682235718,
      "test_loss": 3.390113592147827,
      "precision": 1.0,
      "recall": 0.0,
      "f1_score": 0.0,
      "update_norm": 1.1080986261367798,
      "is_attacker": false
    },
    "6": {
      "accuracy": 0.27561187744140625,
      "test_loss": 3.3896687030792236,
      "precision": 1.0,
      "recall": 0.0,
      "f1_score": 0.0,
      "update_norm": 1.1087267398834229,
      "is_attacker": false
    },
    "7": {
      "accuracy": 0.25111111998558044,
      "test_loss": 3.3880512714385986,
      "precision": 1.0,
      "recall": 0.0,
      "f1_score": 0.0,
      "update_norm": 1.10725998878479,
      "is_attacker": false
    },
    "8": {
      "accuracy": 0.2621665596961975,
      "test_loss": 3.392303228378296,
      "precision": 1.0,
      "recall": 0.0,
      "f1_score": 0.0,
      "update_norm": 1.1134551763534546,
      "is_attacker": false
    },
    "9": {
      "accuracy": 0.25130024552345276,
      "test_loss": 3.385955810546875,
      "precision": 1.0,
      "recall": 0.0,
      "f1_score": 0.0,
      "update_norm": 1.1197922229766846,
      "is_attacker": false
    },
    "10": {
      "accuracy": 0.21849505603313446,
      "test_loss": 3.394920825958252,
      "precision": 1.0,
      "recall": 0.0,
      "f1_score": 0.0,
      "update_norm": 1.1062719821929932,
      "is_attacker": false
    },
    "11": {
      "accuracy": 0.2521255612373352,
      "test_loss": 3.3842122554779053,
      "precision": 1.0,
      "recall": 0.0,
      "f1_score": 0.0,
      "update_norm": 1.1148802042007446,
      "is_attacker": false
    },
    "12": {
      "accuracy": 0.23436465859413147,
      "test_loss": 3.375321388244629,
      "precision": 1.0,
      "recall": 0.0,
      "f1_score": 0.0,
      "update_norm": 1.1103456020355225,
      "is_attacker": false
    },
    "13": {
      "accuracy": 0.23971183598041534,
      "test_loss": 3.380523204803467,
      "precision": 1.0,
      "recall": 0.0,
      "f1_score": 0.0,
      "update_norm": 1.110278844833374,
      "is_attacker": false
    },
    "14": {
      "accuracy": 0.253002405166626,
      "test_loss": 3.37756085395813,
      "precision": 1.0,
      "recall": 0.0,
      "f1_score": 0.0,
      "update_norm": 1.1109696626663208,
      "is_attacker": false
    },
    "15": {
      "accuracy": 0.2403823882341385,
      "test_loss": 3.3999075889587402,
      "precision": 1.0,
      "recall": 0.0,
      "f1_score": 0.0,
      "update_norm": 1.1137834787368774,
      "is_attacker": false
    },
    "16": {
      "accuracy": 0.26840779185295105,
      "test_loss": 3.3654894828796387,
      "precision": 1.0,
      "recall": 0.0,
      "f1_score": 0.0,
      "update_norm": 1.1129976511001587,
      "is_attacker": false
    },
    "17": {
      "accuracy": 0.2580143213272095,
      "test_loss": 3.386575222015381,
      "precision": 1.0,
      "recall": 0.0,
      "f1_score": 0.0,
      "update_norm": 1.1128782033920288,
      "is_attacker": false
    },
    "18": {
      "accuracy": 0.3019695281982422,
      "test_loss": 3.369060754776001,
      "precision": 1.0,
      "recall": 0.0,
      "f1_score": 0.0,
      "update_norm": 1.1112473011016846,
      "is_attacker": false
    },
    "19": {
      "accuracy": 0.24992477893829346,
      "test_loss": 3.3970727920532227,
      "precision": 1.0,
      "recall": 0.0,
      "f1_score": 0.0,
      "update_norm": 1.104308009147644,
      "is_attacker": false
    },
    "20": {
      "accuracy": 0.2531055808067322,
      "test_loss": 3.378662586212158,
      "precision": 1.0,
      "recall": 0.0,
      "f1_score": 0.0,
      "update_norm": 1.1055700778961182,
      "is_attacker": false
    },
    "21": {
      "accuracy": 0.26356783509254456,
      "test_loss": 3.385409355163574,
      "precision": 1.0,
      "recall": 0.0,
      "f1_score": 0.0,
      "update_norm": 1.113173484802246,
      "is_attacker": false
    },
    "22": {
      "accuracy": 0.2606019377708435,
      "test_loss": 3.3774006366729736,
      "precision": 1.0,
      "recall": 0.0,
      "f1_score": 0.0,
      "update_norm": 1.11250901222229,
      "is_attacker": false
    },
    "23": {
      "accuracy": 0.2557447850704193,
      "test_loss": 3.374554395675659,
      "precision": 1.0,
      "recall": 0.0,
      "f1_score": 0.0,
      "update_norm": 1.1176446676254272,
      "is_attacker": false
    },
    "24": {
      "accuracy": 0.260687917470932,
      "test_loss": 3.385117530822754,
      "precision": 1.0,
      "recall": 0.0,
      "f1_score": 0.0,
      "update_norm": 1.1102701425552368,
      "is_attacker": false
    },
    "25": {
      "accuracy": 0.2682444453239441,
      "test_loss": 3.3865597248077393,
      "precision": 1.0,
      "recall": 0.0,
      "f1_score": 0.0,
      "update_norm": 1.1056575775146484,
      "is_attacker": false
    },
    "26": {
      "accuracy": 0.25537511706352234,
      "test_loss": 3.393150568008423,
      "precision": 1.0,
      "recall": 0.0,
      "f1_score": 0.0,
      "update_norm": 1.1011874675750732,
      "is_attacker": false
    },
    "27": {
      "accuracy": 0.2391616404056549,
      "test_loss": 3.4142603874206543,
      "precision": 1.0,
      "recall": 0.0,
      "f1_score": 0.0,
      "update_norm": 1.1129659414291382,
      "is_attacker": false
    },
    "28": {
      "accuracy": 0.2744427025318146,
      "test_loss": 3.400688886642456,
      "precision": 1.0,
      "recall": 0.0,
      "f1_score": 0.0,
      "update_norm": 1.110512137413025,
      "is_attacker": false
    },
    "29": {
      "accuracy": 0.2427980750799179,
      "test_loss": 3.4024980068206787,
      "precision": 1.0,
      "recall": 0.0,
      "f1_score": 0.0,
      "update_norm": 1.1135526895523071,
      "is_attacker": false
    },
    "30": {
      "accuracy": 0.22513175010681152,
      "test_loss": 3.3939390182495117,
      "precision": 1.0,
      "recall": 0.0,
      "f1_score": 0.0,
      "update_norm": 1.1099488735198975,
      "is_attacker": false
    },
    "31": {
      "accuracy": 0.23802687227725983,
      "test_loss": 3.372277021408081,
      "precision": 1.0,
      "recall": 0.0,
      "f1_score": 0.0,
      "update_norm": 1.1126188039779663,
      "is_attacker": false
    },
    "32": {
      "accuracy": 0.27169176936149597,
      "test_loss": 3.3975601196289062,
      "precision": 1.0,
      "recall": 0.0,
      "f1_score": 0.0,
      "update_norm": 1.1084010601043701,
      "is_attacker": false
    },
    "33": {
      "accuracy": 0.2484031617641449,
      "test_loss": 3.387956380844116,
      "precision": 1.0,
      "recall": 0.0,
      "f1_score": 0.0,
      "update_norm": 1.117364764213562,
      "is_attacker": false
    },
    "34": {
      "accuracy": 0.24509340524673462,
      "test_loss": 3.3919811248779297,
      "precision": 1.0,