{
  "round": 40,
  "nodes": {
    "0": {
      "accuracy": 0.526310384273529,
      "test_loss": 2.178755044937134,
      "precision": 1.0,
      "recall": 0.0,
      "f1_score": 0.0,
      "update_norm": 1.0936976671218872,
      "is_attacker": true
    },
    "1": {
      "accuracy": 0.5318724513053894,
      "test_loss": 2.154099225997925,
      "precision": 1.0,
      "recall": 0.0,
      "f1_score": 0.0,
      "update_norm": 1.0986213684082031,
      "is_attacker": true
    },
    "2": {
      "accuracy": 0.5308064818382263,
      "test_loss": 2.1327614784240723,
      "precision": 1.0,
      "recall": 0.0,
      "f1_score": 0.0,
      "update_norm": 1.0999621152877808,
      "is_attacker": true
    },
    "3": {
      "accuracy": 0.5202840566635132,
      "test_loss": 2.1861977577209473,
      "precision": 1.0,
      "recall": 0.0,
      "f1_score": 0.0,
      "update_norm": 1.0964202880859375,
      "is_attacker": true
    },
    "4": {
      "accuracy": 0.5171892046928406,
      "test_loss": 2.197953224182129,
      "precision": 1.0,
      "recall": 0.0,
      "f1_score": 0.0,
      "update_norm": 1.099291205406189,
      "is_attacker": true
    },
    "5": {
      "accuracy": 0.5254163146018982,
      "test_loss": 2.1684956550598145,
      "precision": 1.0,
      "recall": 0.0,
      "f1_score": 0.0,
      "update_norm": 1.0971051454544067,
      "is_attacker": false
    },
    "6": {
      "accuracy": 0.5295169353485107,
      "test_loss": 2.1346044540405273,
      "precision": 1.0,
      "recall": 0.0,
      "f1_score": 0.0,
      "update_norm": 1.1013987064361572,
      "is_attacker": false
    },
    "7": {
      "accuracy": 0.5225105881690979,
      "test_loss": 2.2383408546447754,
      "precision": 1.0,
      "recall": 0.0,
      "f1_score": 0.0,
      "update_norm": 1.1024221181869507,
      "is_attacker": false
    },
    "8": {
      "accuracy": 0.5281328558921814,
      "test_loss": 2.1478700637817383,
      "precision": 1.0,
      "recall": 0.0,
      "f1_score": 0.0,
      "update_norm": 1.1019152402877808,
      "is_attacker": false
    },
    "9": {
      "accuracy": 0.5356034636497498,
      "test_loss": 2.200901746749878,
      "precision": 1.0,
      "recall": 0.0,
      "f1_score": 0.0,
      "update_norm": 1.0999056100845337,
      "is_attacker": false
    },
    "10": {
      "accuracy": 0.5341076254844666,
      "test_loss": 2.137773036956787,
      "precision": 1.0,
      "recall": 0.0,
      "f1_score": 0.0,
      "update_norm": 1.0977749824523926,
      "is_attacker": false
    },
    "11": {
      "accuracy": 0.5278319716453552,
      "test_loss": 2.1934900283813477,
      "precision": 1.0,
      "recall": 0.0,
      "f1_score": 0.0,
      "update_norm": 1.09800386428833,
      "is_attacker": false
    },
    "12": {
      "accuracy": 0.5275139212608337,
      "test_loss": 2.1164329051971436,
      "precision": 1.0,
      "recall": 0.0,
      "f1_score": 0.0,
      "update_norm": 1.0977081060409546,
      "is_attacker": false
    },
    "13": {
      "accuracy": 0.5306689143180847,
      "test_loss": 2.1650390625,
      "precision": 1.0,
      "recall": 0.0,
      "f1_score": 0.0,
      "update_norm": 1.095313549041748,
      "is_attacker": false
    },
    "14": {
      "accuracy": 0.5330244302749634,
      "test_loss": 2.129343032836914,
      "precision": 1.0,
      "recall": 0.0,
      "f1_score": 0.0,
      "update_norm": 1.1006280183792114,
      "is_attacker": false
    },
    "15": {
      "accuracy": 0.5261642336845398,
      "test_loss": 2.154379367828369,
      "precision": 1.0,
      "recall": 0.0,
      "f1_score": 0.0,
      "update_norm": 1.1046373844146729,
      "is_attacker": false
    },
    "16": {
      "accuracy": 0.5367554426193237,
      "test_loss": 2.1801109313964844,
      "precision": 1.0,
      "recall": 0.0,
      "f1_score": 0.0,
      "update_norm": 1.0978347063064575,
      "is_attacker": false
    },
    "17": {
      "accuracy": 0.5239118933677673,
      "test_loss": 2.19614577293396,
      "precision": 1.0,
      "recall": 0.0,
      "f1_score": 0.0,
      "update_norm": 1.098411202430725,
      "is_attacker": false
    },
    "18": {
      "accuracy": 0.5323452949523926,
      "test_loss": 2.15165638923645,
      "precision": 1.0,
      "recall": 0.0,
      "f1_score": 0.0,
      "update_norm": 1.0935287475585938,
      "is_attacker": false
    },
    "19": {
      "accuracy": 0.5278491973876953,
      "test_loss": 2.2053918838500977,
      "precision": 1.0,
      "recall": 0.0,
      "f1_score": 0.0,
      "update_norm": 1.1023540496826172,
      "is_attacker": false
    },
    "20": {
      "accuracy": 0.533033013343811,
      "test_loss": 2.1767308712005615,
      "precision": 1.0,
      "recall": 0.0,
      "f1_score": 0.0,
      "update_norm": 1.0986359119415283,
      "is_attacker": false
    },
    "21": {
      "accuracy": 0.5319927930831909,
      "test_loss": 2.1539862155914307,
      "precision": 1.0,
      "recall": 0.0,
      "f1_score": 0.0,
      "update_norm": 1.0983854532241821,
      "is_attacker": false
    },
    "22": {
      "accuracy": 0.5285283327102661,
      "test_loss": 2.157029151916504,
      "precision": 1.0,
      "recall": 0.0,
      "f1_score": 0.0,
      "update_norm": 1.1005319356918335,
      "is_attacker": false
    },
    "23": {
      "accuracy": 0.5293020606040955,
      "test_loss": 2.1628592014312744,
      "precision": 1.0,
      "recall": 0.0,
      "f1_score": 0.0,
      "update_norm": 1.1006697416305542,
      "is_attacker": false
    },
    "24": {
      "accuracy": 0.5291472673416138,
      "test_loss": 2.1945972442626953,
      "precision": 1.0,
      "recall": 0.0,
      "f1_score": 0.0,
      "update_norm": 1.098597526550293,
      "is_attacker": false
    },
    "25": {
      "accuracy": 0.5298264622688293,
      "test_loss": 2.179231882095337,
      "precision": 1.0,
      "recall": 0.0,
      "f1_score": 0.0,
      "update_norm": 1.104020357131958,
      "is_attacker": false
    },
    "26": {
      "accuracy": 0.5264737010002136,
      "test_loss": 2.1585700511932373,
      "precision": 1.0,
      "recall": 0.0,
      "f1_score": 0.0,
      "update_norm": 1.0961809158325195,
      "is_attacker": false
    },
    "27": {
      "accuracy": 0.5264221429824829,
      "test_loss": 2.157719612121582,
      "precision": 1.0,
      "recall": 0.0,
      "f1_score": 0.0,
      "update_norm": 1.1043115854263306,
      "is_attacker": false
    },
    "28": {
      "accuracy": 0.5339528918266296,
      "test_loss": 2.1605024337768555,
      "precision": 1.0,
      "recall": 0.0,
      "f1_score": 0.0,
      "update_norm": 1.0986766815185547,
      "is_attacker": false
    },
    "29": {
      "accuracy": 0.5304539799690247,
      "test_loss": 2.1666643619537354,
      "precision": 1.0,
      "recall": 0.0,
      "f1_score": 0.0,
      "update_norm": 1.1021918058395386,
      "is_attacker": false
    },
    "30": {
      "accuracy": 0.5314082503318787,
      "test_loss": 2.1693971157073975,
      "precision": 1.0,
      "recall": 0.0,
      "f1_score": 0.0,
      "update_norm": 1.0999408960342407,
      "is_attacker": false
    },
    "31": {
      "accuracy": 0.5270583033561707,
      "test_loss": 2.1691837310791016,
      "precision": 1.0,
      "recall": 0.0,
      "f1_score": 0.0,
      "update_norm": 1.0967867374420166,
      "is_attacker": false
    },
    "32": {
      "accuracy": 0.5286572575569153,
      "test_loss": 2.166541814804077,
      "precision": 1.0,
      "recall": 0.0,
      "f1_score": 0.0,
      "update_norm": 1.0995597839355469,
      "is_attacker": false
    },
    "33": {
      "accuracy": 0.5269121527671814,
      "test_loss": 2.1430628299713135,
      "precision": 1.0,
      "recall": 0.0,
      "f1_score": 0.0,
      "update_norm": 1.0984567403793335,
      "is_attacker": false
    },
    "34": {
      "accuracy": 0.527247428894043,
      "test_loss": 2.1389479637145996,
      "precision": 1.0,