{
  "round": 84,
  "nodes": {
    "0": {
      "accuracy": 0.47539180517196655,
      "test_loss": 3.2418036460876465,
      "precision": 1.0,
      "recall": 0.0,
      "f1_score": 0.0,
      "update_norm": 1.1053420305252075,
      "is_attacker": true
    },
    "1": {
      "accuracy": 0.5244448781013489,
      "test_loss": 2.5640621185302734,
      "precision": 1.0,
      "recall": 0.0,
      "f1_score": 0.0,
      "update_norm": 1.1020615100860596,
      "is_attacker": true
    },
    "2": {
      "accuracy": 0.573197066783905,
      "test_loss": 2.091607093811035,
      "precision": 1.0,
      "recall": 0.0,
      "f1_score": 0.0,
      "update_norm": 1.096557378768921,
      "is_attacker": true
    },
    "3": {
      "accuracy": 0.5113004446029663,
      "test_loss": 2.577181577682495,
      "precision": 1.0,
      "recall": 0.0,
      "f1_score": 0.0,
      "update_norm": 1.1084208488464355,
      "is_attacker": true
    },
    "4": {
      "accuracy": 0.4594276249408722,
      "test_loss": 3.0486316680908203,
      "precision": 1.0,
      "recall": 0.0,
      "f1_score": 0.0,
      "update_norm": 1.102225422859192,
      "is_attacker": true
    },
    "5": {
      "accuracy": 0.576919436454773,
      "test_loss": 2.1163136959075928,
      "precision": 1.0,
      "recall": 0.0,
      "f1_score": 0.0,
      "update_norm": 1.0994876623153687,
      "is_attacker": false
    },
    "6": {
      "accuracy": 0.5794469118118286,
      "test_loss": 2.019913673400879,
      "precision": 1.0,
      "recall": 0.0,
      "f1_score": 0.0,
      "update_norm": 1.101813554763794,
      "is_attacker": false
    },
    "7": {
      "accuracy": 0.5749077796936035,
      "test_loss": 2.128061294555664,
      "precision": 1.0,
      "recall": 0.0,
      "f1_score": 0.0,
      "update_norm": 1.0992603302001953,
      "is_attacker": false
    },
    "8": {
      "accuracy": 0.5691909790039062,
      "test_loss": 2.1594386100769043,
      "precision": 1.0,
      "recall": 0.0,
      "f1_score": 0.0,
      "update_norm": 1.0963599681854248,
      "is_attacker": false
    },
    "9": {
      "accuracy": 0.5564591884613037,
      "test_loss": 2.434885263442993,
      "precision": 1.0,
      "recall": 0.0,
      "f1_score": 0.0,
      "update_norm": 1.1006661653518677,
      "is_attacker": false
    },
    "10": {
      "accuracy": 0.5778908729553223,
      "test_loss": 2.078096628189087,
      "precision": 1.0,
      "recall": 0.0,
      "f1_score": 0.0,
      "update_norm": 1.105290412902832,
      "is_attacker": false
    },
    "11": {
      "accuracy": 0.5781315565109253,
      "test_loss": 2.1615238189697266,
      "precision": 1.0,
      "recall": 0.0,
      "f1_score": 0.0,
      "update_norm": 1.0972837209701538,
      "is_attacker": false
    },
    "12": {
      "accuracy": 0.5776759386062622,
      "test_loss": 2.050889730453491,
      "precision": 1.0,
      "recall": 0.0,
      "f1_score": 0.0,
      "update_norm": 1.099916696548462,
      "is_attacker": false
    },
    "13": {
      "accuracy": 0.5753892064094543,
      "test_loss": 2.1136863231658936,
      "precision": 1.0,
      "recall": 0.0,
      "f1_score": 0.0,
      "update_norm": 1.1004321575164795,
      "is_attacker": false
    },
    "14": {
      "accuracy": 0.5792749524116516,
      "test_loss": 2.0533483028411865,
      "precision": 1.0,
      "recall": 0.0,
      "f1_score": 0.0,
      "update_norm": 1.0998613834381104,
      "is_attacker": false
    },
    "15": {
      "accuracy": 0.5701709985733032,
      "test_loss": 2.108751058578491,
      "precision": 1.0,
      "recall": 0.0,
      "f1_score": 0.0,
      "update_norm": 1.0971256494522095,
      "is_attacker": false
    },
    "16": {
      "accuracy": 0.5786216259002686,
      "test_loss": 2.080873966217041,
      "precision": 1.0,
      "recall": 0.0,
      "f1_score": 0.0,
      "update_norm": 1.100480079650879,
      "is_attacker": false
    },
    "17": {
      "accuracy": 0.5764638185501099,
      "test_loss": 2.0391359329223633,
      "precision": 1.0,
      "recall": 0.0,
      "f1_score": 0.0,
      "update_norm": 1.0973762273788452,
      "is_attacker": false
    },
    "18": {
      "accuracy": 0.5786646008491516,
      "test_loss": 2.0777530670166016,
      "precision": 1.0,
      "recall": 0.0,
      "f1_score": 0.0,
      "update_norm": 1.097330927848816,
      "is_attacker": false
    },
    "19": {
      "accuracy": 0.5783637166023254,
      "test_loss": 2.146488666534424,
      "precision": 1.0,
      "recall": 0.0,
      "f1_score": 0.0,
      "update_norm": 1.101082682609558,
      "is_attacker": false
    },
    "20": {
      "accuracy": 0.5793609023094177,
      "test_loss": 2.120861768722534,
      "precision": 1.0,
      "recall": 0.0,
      "f1_score": 0.0,
      "update_norm": 1.1002922058105469,
      "is_attacker": false
    },
    "21": {
      "accuracy": 0.5786731839179993,
      "test_loss": 2.0931382179260254,
      "precision": 1.0,
      "recall": 0.0,
      "f1_score": 0.0,
      "update_norm": 1.097516417503357,
      "is_attacker": false
    },
    "22": {
      "accuracy": 0.5779338479042053,
      "test_loss": 2.0594804286956787,
      "precision": 1.0,
      "recall": 0.0,
      "f1_score": 0.0,
      "update_norm": 1.0967074632644653,
      "is_attacker": false
    },
    "23": {
      "accuracy": 0.5797477960586548,
      "test_loss": 2.0341105461120605,
      "precision": 1.0,
      "recall": 0.0,
      "f1_score": 0.0,
      "update_norm": 1.0978502035140991,
      "is_attacker": false
    },
    "24": {
      "accuracy": 0.5746585130691528,
      "test_loss": 2.1204121112823486,
      "precision": 1.0,
      "recall": 0.0,
      "f1_score": 0.0,
      "update_norm": 1.1008825302124023,
      "is_attacker": false
    },
    "25": {
      "accuracy": 0.5752086639404297,
      "test_loss": 2.1064817905426025,
      "precision": 1.0,
      "recall": 0.0,
      "f1_score": 0.0,
      "update_norm": 1.1004858016967773,
      "is_attacker": false
    },
    "26": {
      "accuracy": 0.5720536708831787,
      "test_loss": 2.066000461578369,
      "precision": 1.0,
      "recall": 0.0,
      "f1_score": 0.0,
      "update_norm": 1.0986310243606567,
      "is_attacker": false
    },
    "27": {
      "accuracy": 0.5751055479049683,
      "test_loss": 2.0959696769714355,
      "precision": 1.0,
      "recall": 0.0,
      "f1_score": 0.0,
      "update_norm": 1.0970358848571777,
      "is_attacker": false
    },
    "28": {
      "accuracy": 0.5744435787200928,
      "test_loss": 2.1501810550689697,
      "precision": 1.0,
      "recall": 0.0,
      "f1_score": 0.0,
      "update_norm": 1.1030113697052002,
      "is_attacker": false
    },
    "29": {
      "accuracy": 0.5766013860702515,
      "test_loss": 2.077472686767578,
      "precision": 1.0,
      "recall": 0.0,
      "f1_score": 0.0,
      "update_norm": 1.096255898475647,
      "is_attacker": false
    },
    "30": {
      "accuracy": 0.5776071548461914,
      "test_loss": 2.079146385192871,
      "precision": 1.0,
      "recall": 0.0,
      "f1_score": 0.0,
      "update_norm": 1.102584719657898,
      "is_attacker": false
    },
    "31": {
      "accuracy": 0.5815789103507996,
      "test_loss": 1.9810694456100464,
      "precision": 1.0,
      "recall": 0.0,
      "f1_score": 0.0,
      "update_norm": 1.099625587463379,
      "is_attacker": false
    },
    "32": {
      "accuracy": 0.5739105939865112,
      "test_loss": 2.1024818420410156,
      "precision": 1.0,
      "recall": 0.0,
      "f1_score": 0.0,
      "update_norm": 1.101938247680664,
      "is_attacker": false
    },
    "33": {
      "accuracy": 0.5819055438041687,
      "test_loss": 2.026700258255005,
      "precision": 1.0,
      "recall": 0.0,
      "f1_score": 0.0,
      "update_norm": 1.097118616104126,
      "is_attacker": false
    },
    "34": {
      "accuracy": 0.5752774477005005,
      "test_loss": 2.1078572273254395,
      "precision": 1.0,