{
  "round": 1,
  "nodes": {
    "0": {
      "accuracy": 0.1209648996591568,
      "test_loss": 3.735689163208008,
      "precision": 1.0,
      "recall": 0.0,
      "f1_score": 0.0,
      "update_norm": 1.1777313947677612,
      "is_attacker": true
    },
    "1": {
      "accuracy": 0.12143772095441818,
      "test_loss": 3.736199378967285,
      "precision": 1.0,
      "recall": 0.0,
      "f1_score": 0.0,
      "update_norm": 1.1811916828155518,
      "is_attacker": true
    },
    "2": {
      "accuracy": 0.13442741334438324,
      "test_loss": 3.734478235244751,
      "precision": 1.0,
      "recall": 0.0,
      "f1_score": 0.0,
      "update_norm": 1.188700556755066,
      "is_attacker": true
    },
    "3": {
      "accuracy": 0.13402336835861206,
      "test_loss": 3.738100528717041,
      "precision": 1.0,
      "recall": 0.0,
      "f1_score": 0.0,
      "update_norm": 1.188017725944519,
      "is_attacker": true
    },
    "4": {
      "accuracy": 0.12508274614810944,
      "test_loss": 3.7373690605163574,
      "precision": 1.0,
      "recall": 0.0,
      "f1_score": 0.0,
      "update_norm": 1.1841514110565186,
      "is_attacker": true
    },
    "5": {
      "accuracy": 0.052483171224594116,
      "test_loss": 3.7438292503356934,
      "precision": 1.0,
      "recall": 0.0,
      "f1_score": 0.0,
      "update_norm": 1.1817445755004883,
      "is_attacker": false
    },
    "6": {
      "accuracy": 0.052328430116176605,
      "test_loss": 3.7312207221984863,
      "precision": 1.0,
      "recall": 0.0,
      "f1_score": 0.0,
      "update_norm": 1.1859008073806763,
      "is_attacker": false
    },
    "7": {
      "accuracy": 0.13933615386486053,
      "test_loss": 3.7350687980651855,
      "precision": 1.0,
      "recall": 0.0,
      "f1_score": 0.0,
      "update_norm": 1.192023754119873,
      "is_attacker": false
    },
    "8": {
      "accuracy": 0.08576119691133499,
      "test_loss": 3.748878240585327,
      "precision": 1.0,
      "recall": 0.0,
      "f1_score": 0.0,
      "update_norm": 1.1793063879013062,
      "is_attacker": false
    },
    "9": {
      "accuracy": 0.126501202583313,
      "test_loss": 3.738187789916992,
      "precision": 1.0,
      "recall": 0.0,
      "f1_score": 0.0,
      "update_norm": 1.1809005737304688,
      "is_attacker": false
    },
    "10": {
      "accuracy": 0.06511180102825165,
      "test_loss": 3.732189655303955,
      "precision": 1.0,
      "recall": 0.0,
      "f1_score": 0.0,
      "update_norm": 1.184707760810852,
      "is_attacker": false
    },
    "11": {
      "accuracy": 0.1444942057132721,
      "test_loss": 3.740490436553955,
      "precision": 1.0,
      "recall": 0.0,
      "f1_score": 0.0,
      "update_norm": 1.1784961223602295,
      "is_attacker": false
    },
    "12": {
      "accuracy": 0.062472596764564514,
      "test_loss": 3.7476425170898438,
      "precision": 1.0,
      "recall": 0.0,
      "f1_score": 0.0,
      "update_norm": 1.1803367137908936,
      "is_attacker": false
    },
    "13": {
      "accuracy": 0.1496608555316925,
      "test_loss": 3.7380752563476562,
      "precision": 1.0,
      "recall": 0.0,
      "f1_score": 0.0,
      "update_norm": 1.1841410398483276,
      "is_attacker": false
    },
    "14": {
      "accuracy": 0.08783301711082458,
      "test_loss": 3.7344260215759277,
      "precision": 1.0,
      "recall": 0.0,
      "f1_score": 0.0,
      "update_norm": 1.178171992301941,
      "is_attacker": false
    },
    "15": {
      "accuracy": 0.07886660099029541,
      "test_loss": 3.7405591011047363,
      "precision": 1.0,
      "recall": 0.0,
      "f1_score": 0.0,
      "update_norm": 1.1746712923049927,
      "is_attacker": false
    },
    "16": {
      "accuracy": 0.10717570781707764,
      "test_loss": 3.737877368927002,
      "precision": 1.0,
      "recall": 0.0,
      "f1_score": 0.0,
      "update_norm": 1.1837607622146606,
      "is_attacker": false
    },
    "17": {
      "accuracy": 0.11410468816757202,
      "test_loss": 3.740584373474121,
      "precision": 1.0,
      "recall": 0.0,
      "f1_score": 0.0,
      "update_norm": 1.1828691959381104,
      "is_attacker": false
    },
    "18": {
      "accuracy": 0.07281449437141418,
      "test_loss": 3.7297420501708984,
      "precision": 1.0,
      "recall": 0.0,
      "f1_score": 0.0,
      "update_norm": 1.1855567693710327,
      "is_attacker": false
    },
    "19": {
      "accuracy": 0.0930512472987175,
      "test_loss": 3.7454752922058105,
      "precision": 1.0,
      "recall": 0.0,
      "f1_score": 0.0,
      "update_norm": 1.1899385452270508,
      "is_attacker": false
    },
    "20": {
      "accuracy": 0.10646218061447144,
      "test_loss": 3.7449262142181396,
      "precision": 1.0,
      "recall": 0.0,
      "f1_score": 0.0,
      "update_norm": 1.1850239038467407,
      "is_attacker": false
    },
    "21": {
      "accuracy": 0.13330984115600586,
      "test_loss": 3.732909917831421,
      "precision": 1.0,
      "recall": 0.0,
      "f1_score": 0.0,
      "update_norm": 1.186507225036621,
      "is_attacker": false
    },
    "22": {
      "accuracy": 0.11259166151285172,
      "test_loss": 3.7342026233673096,
      "precision": 1.0,
      "recall": 0.0,
      "f1_score": 0.0,
      "update_norm": 1.1788413524627686,
      "is_attacker": false
    },
    "23": {
      "accuracy": 0.09802016615867615,
      "test_loss": 3.7324602603912354,
      "precision": 1.0,
      "recall": 0.0,
      "f1_score": 0.0,
      "update_norm": 1.1719218492507935,
      "is_attacker": false
    },
    "24": {
      "accuracy": 0.10096025466918945,
      "test_loss": 3.734618902206421,
      "precision": 1.0,
      "recall": 0.0,
      "f1_score": 0.0,
      "update_norm": 1.1841343641281128,
      "is_attacker": false
    },
    "25": {
      "accuracy": 0.11153426021337509,
      "test_loss": 3.7347664833068848,
      "precision": 1.0,
      "recall": 0.0,
      "f1_score": 0.0,
      "update_norm": 1.188978910446167,
      "is_attacker": false
    },
    "26": {
      "accuracy": 0.1352526992559433,
      "test_loss": 3.73881459236145,
      "precision": 1.0,
      "recall": 0.0,
      "f1_score": 0.0,
      "update_norm": 1.1840457916259766,
      "is_attacker": false
    },
    "27": {
      "accuracy": 0.08325094729661942,
      "test_loss": 3.7280633449554443,
      "precision": 1.0,
      "recall": 0.0,
      "f1_score": 0.0,
      "update_norm": 1.1817212104797363,
      "is_attacker": false
    },
    "28": {
      "accuracy": 0.12142912298440933,
      "test_loss": 3.736525535583496,
      "precision": 1.0,
      "recall": 0.0,
      "f1_score": 0.0,
      "update_norm": 1.1838864088058472,
      "is_attacker": false
    },
    "29": {
      "accuracy": 0.10474282503128052,
      "test_loss": 3.743084669113159,
      "precision": 1.0,
      "recall": 0.0,
      "f1_score": 0.0,
      "update_norm": 1.1920056343078613,
      "is_attacker": false
    },
    "30": {
      "accuracy": 0.11425083875656128,
      "test_loss": 3.734344720840454,
      "precision": 1.0,
      "recall": 0.0,
      "f1_score": 0.0,
      "update_norm": 1.187056303024292,
      "is_attacker": false
    },
    "31": {
      "accuracy": 0.09961916506290436,
      "test_loss": 3.7376134395599365,
      "precision": 1.0,
      "recall": 0.0,
      "f1_score": 0.0,
      "update_norm": 1.1872667074203491,
      "is_attacker": false
    },
    "32": {
      "accuracy": 0.11114741116762161,
      "test_loss": 3.7350504398345947,
      "precision": 1.0,
      "recall": 0.0,
      "f1_score": 0.0,
      "update_norm": 1.1825096607208252,
      "is_attacker": false
    },
    "33": {
      "accuracy": 0.09276755154132843,
      "test_loss": 3.7419872283935547,
      "precision": 1.0,
      "recall": 0.0,
      "f1_score": 0.0,
      "update_norm": 1.1859227418899536,
      "is_attacker": false
    },
    "34": {
      "accuracy": 0.10649656504392624,
      "test_loss": 3.7308366298675537,