{
  "round": 78,
  "nodes": {
    "0": {
      "accuracy": 0.4868512749671936,
      "test_loss": 2.953991651535034,
      "precision": 1.0,
      "recall": 0.0,
      "f1_score": 0.0,
      "update_norm": 1.1009478569030762,
      "is_attacker": true
    },
    "1": {
      "accuracy": 0.5260696411132812,
      "test_loss": 2.4804134368896484,
      "precision": 1.0,
      "recall": 0.0,
      "f1_score": 0.0,
      "update_norm": 1.1038309335708618,
      "is_attacker": true
    },
    "2": {
      "accuracy": 0.5670589804649353,
      "test_loss": 2.0857527256011963,
      "precision": 1.0,
      "recall": 0.0,
      "f1_score": 0.0,
      "update_norm": 1.0999242067337036,
      "is_attacker": true
    },
    "3": {
      "accuracy": 0.5007951855659485,
      "test_loss": 2.6303017139434814,
      "precision": 1.0,
      "recall": 0.0,
      "f1_score": 0.0,
      "update_norm": 1.1011576652526855,
      "is_attacker": true
    },
    "4": {
      "accuracy": 0.4742484390735626,
      "test_loss": 2.855534315109253,
      "precision": 1.0,
      "recall": 0.0,
      "f1_score": 0.0,
      "update_norm": 1.1057900190353394,
      "is_attacker": true
    },
    "5": {
      "accuracy": 0.5730853080749512,
      "test_loss": 2.126429557800293,
      "precision": 1.0,
      "recall": 0.0,
      "f1_score": 0.0,
      "update_norm": 1.0975146293640137,
      "is_attacker": false
    },
    "6": {
      "accuracy": 0.5702053904533386,
      "test_loss": 2.0676097869873047,
      "precision": 1.0,
      "recall": 0.0,
      "f1_score": 0.0,
      "update_norm": 1.0983258485794067,
      "is_attacker": false
    },
    "7": {
      "accuracy": 0.5517309308052063,
      "test_loss": 2.284872531890869,
      "precision": 1.0,
      "recall": 0.0,
      "f1_score": 0.0,
      "update_norm": 1.099677324295044,
      "is_attacker": false
    },
    "8": {
      "accuracy": 0.5276084542274475,
      "test_loss": 2.4855735301971436,
      "precision": 1.0,
      "recall": 0.0,
      "f1_score": 0.0,
      "update_norm": 1.0961012840270996,
      "is_attacker": false
    },
    "9": {
      "accuracy": 0.5778220891952515,
      "test_loss": 2.092435836791992,
      "precision": 1.0,
      "recall": 0.0,
      "f1_score": 0.0,
      "update_norm": 1.1019076108932495,
      "is_attacker": false
    },
    "10": {
      "accuracy": 0.572655439376831,
      "test_loss": 2.092989921569824,
      "precision": 1.0,
      "recall": 0.0,
      "f1_score": 0.0,
      "update_norm": 1.0965917110443115,
      "is_attacker": false
    },
    "11": {
      "accuracy": 0.5737730264663696,
      "test_loss": 2.1476573944091797,
      "precision": 1.0,
      "recall": 0.0,
      "f1_score": 0.0,
      "update_norm": 1.0991294384002686,
      "is_attacker": false
    },
    "12": {
      "accuracy": 0.5768162608146667,
      "test_loss": 2.0684103965759277,
      "precision": 1.0,
      "recall": 0.0,
      "f1_score": 0.0,
      "update_norm": 1.0980135202407837,
      "is_attacker": false
    },
    "13": {
      "accuracy": 0.5704203248023987,
      "test_loss": 2.1224515438079834,
      "precision": 1.0,
      "recall": 0.0,
      "f1_score": 0.0,
      "update_norm": 1.1048691272735596,
      "is_attacker": false
    },
    "14": {
      "accuracy": 0.575329065322876,
      "test_loss": 2.055863857269287,
      "precision": 1.0,
      "recall": 0.0,
      "f1_score": 0.0,
      "update_norm": 1.0999010801315308,
      "is_attacker": false
    },
    "15": {
      "accuracy": 0.5644025802612305,
      "test_loss": 2.1318559646606445,
      "precision": 1.0,
      "recall": 0.0,
      "f1_score": 0.0,
      "update_norm": 1.0963071584701538,
      "is_attacker": false
    },
    "16": {
      "accuracy": 0.5766271352767944,
      "test_loss": 2.056065320968628,
      "precision": 1.0,
      "recall": 0.0,
      "f1_score": 0.0,
      "update_norm": 1.1011658906936646,
      "is_attacker": false
    },
    "17": {
      "accuracy": 0.5740653276443481,
      "test_loss": 2.030620574951172,
      "precision": 1.0,
      "recall": 0.0,
      "f1_score": 0.0,
      "update_norm": 1.104239821434021,
      "is_attacker": false
    },
    "18": {
      "accuracy": 0.5763606429100037,
      "test_loss": 2.073587417602539,
      "precision": 1.0,
      "recall": 0.0,
      "f1_score": 0.0,
      "update_norm": 1.1028329133987427,
      "is_attacker": false
    },
    "19": {
      "accuracy": 0.5741083025932312,
      "test_loss": 2.1305928230285645,
      "precision": 1.0,
      "recall": 0.0,
      "f1_score": 0.0,
      "update_norm": 1.0958406925201416,
      "is_attacker": false
    },
    "20": {
      "accuracy": 0.5738589763641357,
      "test_loss": 2.1172831058502197,
      "precision": 1.0,
      "recall": 0.0,
      "f1_score": 0.0,
      "update_norm": 1.0950605869293213,
      "is_attacker": false
    },
    "21": {
      "accuracy": 0.5750883221626282,
      "test_loss": 2.0644004344940186,
      "precision": 1.0,
      "recall": 0.0,
      "f1_score": 0.0,
      "update_norm": 1.095440149307251,
      "is_attacker": false
    },
    "22": {
      "accuracy": 0.573394775390625,
      "test_loss": 2.0714540481567383,
      "precision": 1.0,
      "recall": 0.0,
      "f1_score": 0.0,
      "update_norm": 1.0898411273956299,
      "is_attacker": false
    },
    "23": {
      "accuracy": 0.5734119415283203,
      "test_loss": 2.068486213684082,
      "precision": 1.0,
      "recall": 0.0,
      "f1_score": 0.0,
      "update_norm": 1.0958226919174194,
      "is_attacker": false
    },
    "24": {
      "accuracy": 0.5687696933746338,
      "test_loss": 2.1720449924468994,
      "precision": 1.0,
      "recall": 0.0,
      "f1_score": 0.0,
      "update_norm": 1.098926305770874,
      "is_attacker": false
    },
    "25": {
      "accuracy": 0.5696122050285339,
      "test_loss": 2.1653904914855957,
      "precision": 1.0,
      "recall": 0.0,
      "f1_score": 0.0,
      "update_norm": 1.0996989011764526,
      "is_attacker": false
    },
    "26": {
      "accuracy": 0.5678670406341553,
      "test_loss": 2.060129165649414,
      "precision": 1.0,
      "recall": 0.0,
      "f1_score": 0.0,
      "update_norm": 1.096549391746521,
      "is_attacker": false
    },
    "27": {
      "accuracy": 0.5731024742126465,
      "test_loss": 2.0976173877716064,
      "precision": 1.0,
      "recall": 0.0,
      "f1_score": 0.0,
      "update_norm": 1.098312258720398,
      "is_attacker": false
    },
    "28": {
      "accuracy": 0.5744693875312805,
      "test_loss": 2.09444522857666,
      "precision": 1.0,
      "recall": 0.0,
      "f1_score": 0.0,
      "update_norm": 1.103898286819458,
      "is_attacker": false
    },
    "29": {
      "accuracy": 0.5691823363304138,
      "test_loss": 2.0854814052581787,
      "precision": 1.0,
      "recall": 0.0,
      "f1_score": 0.0,
      "update_norm": 1.095374345779419,
      "is_attacker": false
    },
    "30": {
      "accuracy": 0.571434736251831,
      "test_loss": 2.1261167526245117,
      "precision": 1.0,
      "recall": 0.0,
      "f1_score": 0.0,
      "update_norm": 1.095864176750183,
      "is_attacker": false
    },
    "31": {
      "accuracy": 0.5760855674743652,
      "test_loss": 2.0460991859436035,
      "precision": 1.0,
      "recall": 0.0,
      "f1_score": 0.0,
      "update_norm": 1.0969579219818115,
      "is_attacker": false
    },
    "32": {
      "accuracy": 0.5738933682441711,
      "test_loss": 2.0782954692840576,
      "precision": 1.0,
      "recall": 0.0,
      "f1_score": 0.0,
      "update_norm": 1.0902642011642456,
      "is_attacker": false
    },
    "33": {
      "accuracy": 0.5734893679618835,
      "test_loss": 2.057762622833252,
      "precision": 1.0,
      "recall": 0.0,
      "f1_score": 0.0,
      "update_norm": 1.0939443111419678,
      "is_attacker": false
    },
    "34": {
      "accuracy": 0.5734119415283203,
      "test_loss": 2.0877037048339844,
      "precision": 1.0,