{
  "round": 46,
  "nodes": {
    "0": {
      "accuracy": 0.5208944082260132,
      "test_loss": 2.2784488201141357,
      "precision": 1.0,
      "recall": 0.0,
      "f1_score": 0.0,
      "update_norm": 1.1032683849334717,
      "is_attacker": true
    },
    "1": {
      "accuracy": 0.5307548642158508,
      "test_loss": 2.216499090194702,
      "precision": 1.0,
      "recall": 0.0,
      "f1_score": 0.0,
      "update_norm": 1.100948691368103,
      "is_attacker": true
    },
    "2": {
      "accuracy": 0.5391969084739685,
      "test_loss": 2.132963180541992,
      "precision": 1.0,
      "recall": 0.0,
      "f1_score": 0.0,
      "update_norm": 1.0957428216934204,
      "is_attacker": true
    },
    "3": {
      "accuracy": 0.518418550491333,
      "test_loss": 2.247215986251831,
      "precision": 1.0,
      "recall": 0.0,
      "f1_score": 0.0,
      "update_norm": 1.1033369302749634,
      "is_attacker": true
    },
    "4": {
      "accuracy": 0.5149368643760681,
      "test_loss": 2.2623040676116943,
      "precision": 1.0,
      "recall": 0.0,
      "f1_score": 0.0,
      "update_norm": 1.094802737236023,
      "is_attacker": true
    },
    "5": {
      "accuracy": 0.5341935753822327,
      "test_loss": 2.182741165161133,
      "precision": 1.0,
      "recall": 0.0,
      "f1_score": 0.0,
      "update_norm": 1.0985103845596313,
      "is_attacker": false
    },
    "6": {
      "accuracy": 0.539686918258667,
      "test_loss": 2.1154263019561768,
      "precision": 1.0,
      "recall": 0.0,
      "f1_score": 0.0,
      "update_norm": 1.0956147909164429,
      "is_attacker": false
    },
    "7": {
      "accuracy": 0.5363084077835083,
      "test_loss": 2.201979875564575,
      "precision": 1.0,
      "recall": 0.0,
      "f1_score": 0.0,
      "update_norm": 1.1019632816314697,
      "is_attacker": false
    },
    "8": {
      "accuracy": 0.5401940941810608,
      "test_loss": 2.121443033218384,
      "precision": 1.0,
      "recall": 0.0,
      "f1_score": 0.0,
      "update_norm": 1.0977463722229004,
      "is_attacker": false
    },
    "9": {
      "accuracy": 0.5457046627998352,
      "test_loss": 2.1687514781951904,
      "precision": 1.0,
      "recall": 0.0,
      "f1_score": 0.0,
      "update_norm": 1.1023207902908325,
      "is_attacker": false
    },
    "10": {
      "accuracy": 0.540469229221344,
      "test_loss": 2.145822048187256,
      "precision": 1.0,
      "recall": 0.0,
      "f1_score": 0.0,
      "update_norm": 1.0991380214691162,
      "is_attacker": false
    },
    "11": {
      "accuracy": 0.5410451889038086,
      "test_loss": 2.149916887283325,
      "precision": 1.0,
      "recall": 0.0,
      "f1_score": 0.0,
      "update_norm": 1.0971426963806152,
      "is_attacker": false
    },
    "12": {
      "accuracy": 0.5372970104217529,
      "test_loss": 2.1198647022247314,
      "precision": 1.0,
      "recall": 0.0,
      "f1_score": 0.0,
      "update_norm": 1.1009852886199951,
      "is_attacker": false
    },
    "13": {
      "accuracy": 0.5415266156196594,
      "test_loss": 2.150625228881836,
      "precision": 1.0,
      "recall": 0.0,
      "f1_score": 0.0,
      "update_norm": 1.0985983610153198,
      "is_attacker": false
    },
    "14": {
      "accuracy": 0.5426527857780457,
      "test_loss": 2.1259169578552246,
      "precision": 1.0,
      "recall": 0.0,
      "f1_score": 0.0,
      "update_norm": 1.0980995893478394,
      "is_attacker": false
    },
    "15": {
      "accuracy": 0.5348125696182251,
      "test_loss": 2.1718504428863525,
      "precision": 1.0,
      "recall": 0.0,
      "f1_score": 0.0,
      "update_norm": 1.1048638820648193,
      "is_attacker": false
    },
    "16": {
      "accuracy": 0.5473380088806152,
      "test_loss": 2.1274073123931885,
      "precision": 1.0,
      "recall": 0.0,
      "f1_score": 0.0,
      "update_norm": 1.0989151000976562,
      "is_attacker": false
    },
    "17": {
      "accuracy": 0.5362825989723206,
      "test_loss": 2.172109842300415,
      "precision": 1.0,
      "recall": 0.0,
      "f1_score": 0.0,
      "update_norm": 1.1005821228027344,
      "is_attacker": false
    },
    "18": {
      "accuracy": 0.5479226112365723,
      "test_loss": 2.102562189102173,
      "precision": 1.0,
      "recall": 0.0,
      "f1_score": 0.0,
      "update_norm": 1.0968254804611206,
      "is_attacker": false
    },
    "19": {
      "accuracy": 0.5394719839096069,
      "test_loss": 2.1891708374023438,
      "precision": 1.0,
      "recall": 0.0,
      "f1_score": 0.0,
      "update_norm": 1.1046937704086304,
      "is_attacker": false
    },
    "20": {
      "accuracy": 0.5446988344192505,
      "test_loss": 2.1367733478546143,
      "precision": 1.0,
      "recall": 0.0,
      "f1_score": 0.0,
      "update_norm": 1.0951124429702759,
      "is_attacker": false
    },
    "21": {
      "accuracy": 0.5402886867523193,
      "test_loss": 2.1484885215759277,
      "precision": 1.0,
      "recall": 0.0,
      "f1_score": 0.0,
      "update_norm": 1.1001927852630615,
      "is_attacker": false
    },
    "22": {
      "accuracy": 0.5361278653144836,
      "test_loss": 2.137848138809204,
      "precision": 1.0,
      "recall": 0.0,
      "f1_score": 0.0,
      "update_norm": 1.0983740091323853,
      "is_attacker": false
    },
    "23": {
      "accuracy": 0.5408045053482056,
      "test_loss": 2.132956027984619,
      "precision": 1.0,
      "recall": 0.0,
      "f1_score": 0.0,
      "update_norm": 1.0984047651290894,
      "is_attacker": false
    },
    "24": {
      "accuracy": 0.5399534106254578,
      "test_loss": 2.1823298931121826,
      "precision": 1.0,
      "recall": 0.0,
      "f1_score": 0.0,
      "update_norm": 1.099368929862976,
      "is_attacker": false
    },
    "25": {
      "accuracy": 0.5413890480995178,
      "test_loss": 2.1567564010620117,
      "precision": 1.0,
      "recall": 0.0,
      "f1_score": 0.0,
      "update_norm": 1.0929301977157593,
      "is_attacker": false
    },
    "26": {
      "accuracy": 0.5366694331169128,
      "test_loss": 2.149167060852051,
      "precision": 1.0,
      "recall": 0.0,
      "f1_score": 0.0,
      "update_norm": 1.0949655771255493,
      "is_attacker": false
    },
    "27": {
      "accuracy": 0.5358527302742004,
      "test_loss": 2.134675979614258,
      "precision": 1.0,
      "recall": 0.0,
      "f1_score": 0.0,
      "update_norm": 1.0960052013397217,
      "is_attacker": false
    },
    "28": {
      "accuracy": 0.5421541929244995,
      "test_loss": 2.1727135181427,
      "precision": 1.0,
      "recall": 0.0,
      "f1_score": 0.0,
      "update_norm": 1.095661997795105,
      "is_attacker": false
    },
    "29": {
      "accuracy": 0.5387584567070007,
      "test_loss": 2.1220767498016357,
      "precision": 1.0,
      "recall": 0.0,
      "f1_score": 0.0,
      "update_norm": 1.1030040979385376,
      "is_attacker": false
    },
    "30": {
      "accuracy": 0.5411913394927979,
      "test_loss": 2.147526264190674,
      "precision": 1.0,
      "recall": 0.0,
      "f1_score": 0.0,
      "update_norm": 1.0971213579177856,
      "is_attacker": false
    },
    "31": {
      "accuracy": 0.5398330688476562,
      "test_loss": 2.121626615524292,
      "precision": 1.0,
      "recall": 0.0,
      "f1_score": 0.0,
      "update_norm": 1.1032496690750122,
      "is_attacker": false
    },
    "32": {
      "accuracy": 0.5400307774543762,
      "test_loss": 2.115602493286133,
      "precision": 1.0,
      "recall": 0.0,
      "f1_score": 0.0,
      "update_norm": 1.0950554609298706,
      "is_attacker": false
    },
    "33": {
      "accuracy": 0.5356378555297852,
      "test_loss": 2.1574485301971436,
      "precision": 1.0,
      "recall": 0.0,
      "f1_score": 0.0,
      "update_norm": 1.100155234336853,
      "is_attacker": false
    },
    "34": {
      "accuracy": 0.5358527302742004,
      "test_loss": 2.128067970275879,
      "precision": 1.0,