{
  "round": 43,
  "nodes": {
    "0": {
      "accuracy": 0.5244620442390442,
      "test_loss": 2.225282907485962,
      "precision": 1.0,
      "recall": 0.0,
      "f1_score": 0.0,
      "update_norm": 1.09978449344635,
      "is_attacker": true
    },
    "1": {
      "accuracy": 0.5323367118835449,
      "test_loss": 2.1842169761657715,
      "precision": 1.0,
      "recall": 0.0,
      "f1_score": 0.0,
      "update_norm": 1.0975950956344604,
      "is_attacker": true
    },
    "2": {
      "accuracy": 0.5359301567077637,
      "test_loss": 2.1339950561523438,
      "precision": 1.0,
      "recall": 0.0,
      "f1_score": 0.0,
      "update_norm": 1.100307822227478,
      "is_attacker": true
    },
    "3": {
      "accuracy": 0.5235335826873779,
      "test_loss": 2.18618106842041,
      "precision": 1.0,
      "recall": 0.0,
      "f1_score": 0.0,
      "update_norm": 1.1027939319610596,
      "is_attacker": true
    },
    "4": {
      "accuracy": 0.5197596549987793,
      "test_loss": 2.2026729583740234,
      "precision": 1.0,
      "recall": 0.0,
      "f1_score": 0.0,
      "update_norm": 1.101532220840454,
      "is_attacker": true
    },
    "5": {
      "accuracy": 0.5298092365264893,
      "test_loss": 2.1689813137054443,
      "precision": 1.0,
      "recall": 0.0,
      "f1_score": 0.0,
      "update_norm": 1.1001617908477783,
      "is_attacker": false
    },
    "6": {
      "accuracy": 0.5316575169563293,
      "test_loss": 2.1683249473571777,
      "precision": 1.0,
      "recall": 0.0,
      "f1_score": 0.0,
      "update_norm": 1.0998306274414062,
      "is_attacker": false
    },
    "7": {
      "accuracy": 0.5357238054275513,
      "test_loss": 2.174222707748413,
      "precision": 1.0,
      "recall": 0.0,
      "f1_score": 0.0,
      "update_norm": 1.1010105609893799,
      "is_attacker": false
    },
    "8": {
      "accuracy": 0.5367640256881714,
      "test_loss": 2.1104233264923096,
      "precision": 1.0,
      "recall": 0.0,
      "f1_score": 0.0,
      "update_norm": 1.0980898141860962,
      "is_attacker": false
    },
    "9": {
      "accuracy": 0.5397900938987732,
      "test_loss": 2.215545892715454,
      "precision": 1.0,
      "recall": 0.0,
      "f1_score": 0.0,
      "update_norm": 1.0997854471206665,
      "is_attacker": false
    },
    "10": {
      "accuracy": 0.5362567901611328,
      "test_loss": 2.1671745777130127,
      "precision": 1.0,
      "recall": 0.0,
      "f1_score": 0.0,
      "update_norm": 1.095232605934143,
      "is_attacker": false
    },
    "11": {
      "accuracy": 0.5369961261749268,
      "test_loss": 2.1763861179351807,
      "precision": 1.0,
      "recall": 0.0,
      "f1_score": 0.0,
      "update_norm": 1.1005325317382812,
      "is_attacker": false
    },
    "12": {
      "accuracy": 0.5338239073753357,
      "test_loss": 2.0995781421661377,
      "precision": 1.0,
      "recall": 0.0,
      "f1_score": 0.0,
      "update_norm": 1.0972065925598145,
      "is_attacker": false
    },
    "13": {
      "accuracy": 0.5339012742042542,
      "test_loss": 2.1628894805908203,
      "precision": 1.0,
      "recall": 0.0,
      "f1_score": 0.0,
      "update_norm": 1.0987467765808105,
      "is_attacker": false
    },
    "14": {
      "accuracy": 0.5372282266616821,
      "test_loss": 2.159024953842163,
      "precision": 1.0,
      "recall": 0.0,
      "f1_score": 0.0,
      "update_norm": 1.0997706651687622,
      "is_attacker": false
    },
    "15": {
      "accuracy": 0.528468132019043,
      "test_loss": 2.178654670715332,
      "precision": 1.0,
      "recall": 0.0,
      "f1_score": 0.0,
      "update_norm": 1.0960992574691772,
      "is_attacker": false
    },
    "16": {
      "accuracy": 0.5399104356765747,
      "test_loss": 2.1530396938323975,
      "precision": 1.0,
      "recall": 0.0,
      "f1_score": 0.0,
      "update_norm": 1.0980570316314697,
      "is_attacker": false
    },
    "17": {
      "accuracy": 0.5341334342956543,
      "test_loss": 2.1645774841308594,
      "precision": 1.0,
      "recall": 0.0,
      "f1_score": 0.0,
      "update_norm": 1.1002970933914185,
      "is_attacker": false
    },
    "18": {
      "accuracy": 0.5381395220756531,
      "test_loss": 2.1237173080444336,
      "precision": 1.0,
      "recall": 0.0,
      "f1_score": 0.0,
      "update_norm": 1.1018234491348267,
      "is_attacker": false
    },
    "19": {
      "accuracy": 0.5316575169563293,
      "test_loss": 2.191418409347534,
      "precision": 1.0,
      "recall": 0.0,
      "f1_score": 0.0,
      "update_norm": 1.0992182493209839,
      "is_attacker": false
    },
    "20": {
      "accuracy": 0.5391108989715576,
      "test_loss": 2.162630796432495,
      "precision": 1.0,
      "recall": 0.0,
      "f1_score": 0.0,
      "update_norm": 1.1012887954711914,
      "is_attacker": false
    },
    "21": {
      "accuracy": 0.5353713631629944,
      "test_loss": 2.154484510421753,
      "precision": 1.0,
      "recall": 0.0,
      "f1_score": 0.0,
      "update_norm": 1.0995309352874756,
      "is_attacker": false
    },
    "22": {
      "accuracy": 0.5308408737182617,
      "test_loss": 2.158796548843384,
      "precision": 1.0,
      "recall": 0.0,
      "f1_score": 0.0,
      "update_norm": 1.0951849222183228,
      "is_attacker": false
    },
    "23": {
      "accuracy": 0.5353283286094666,
      "test_loss": 2.13800048828125,
      "precision": 1.0,
      "recall": 0.0,
      "f1_score": 0.0,
      "update_norm": 1.100784420967102,
      "is_attacker": false
    },
    "24": {
      "accuracy": 0.5329126715660095,
      "test_loss": 2.190227508544922,
      "precision": 1.0,
      "recall": 0.0,
      "f1_score": 0.0,
      "update_norm": 1.096655011177063,
      "is_attacker": false
    },
    "25": {
      "accuracy": 0.5326461791992188,
      "test_loss": 2.205746650695801,
      "precision": 1.0,
      "recall": 0.0,
      "f1_score": 0.0,
      "update_norm": 1.098319172859192,
      "is_attacker": false
    },
    "26": {
      "accuracy": 0.532577395439148,
      "test_loss": 2.143277406692505,
      "precision": 1.0,
      "recall": 0.0,
      "f1_score": 0.0,
      "update_norm": 1.1021257638931274,
      "is_attacker": false
    },
    "27": {
      "accuracy": 0.5305829644203186,
      "test_loss": 2.1569721698760986,
      "precision": 1.0,
      "recall": 0.0,
      "f1_score": 0.0,
      "update_norm": 1.0996243953704834,
      "is_attacker": false
    },
    "28": {
      "accuracy": 0.5388186573982239,
      "test_loss": 2.162412405014038,
      "precision": 1.0,
      "recall": 0.0,
      "f1_score": 0.0,
      "update_norm": 1.101546049118042,
      "is_attacker": false
    },
    "29": {
      "accuracy": 0.5356550216674805,
      "test_loss": 2.1236157417297363,
      "precision": 1.0,
      "recall": 0.0,
      "f1_score": 0.0,
      "update_norm": 1.1035205125808716,
      "is_attacker": false
    },
    "30": {
      "accuracy": 0.5378643870353699,
      "test_loss": 2.124511241912842,
      "precision": 1.0,
      "recall": 0.0,
      "f1_score": 0.0,
      "update_norm": 1.0946465730667114,
      "is_attacker": false
    },
    "31": {
      "accuracy": 0.5338755249977112,
      "test_loss": 2.1335248947143555,
      "precision": 1.0,
      "recall": 0.0,
      "f1_score": 0.0,
      "update_norm": 1.0989400148391724,
      "is_attacker": false
    },
    "32": {
      "accuracy": 0.5333424806594849,
      "test_loss": 2.148733139038086,
      "precision": 1.0,
      "recall": 0.0,
      "f1_score": 0.0,
      "update_norm": 1.1026296615600586,
      "is_attacker": false
    },
    "33": {
      "accuracy": 0.5317521095275879,
      "test_loss": 2.143461227416992,
      "precision": 1.0,
      "recall": 0.0,
      "f1_score": 0.0,
      "update_norm": 1.092432975769043,
      "is_attacker": false
    },
    "34": {
      "accuracy": 0.5275053381919861,
      "test_loss": 2.157257556915283,
      "precision": 1.0,