{
  "round": 89,
  "nodes": {
    "0": {
      "accuracy": 0.4676375389099121,
      "test_loss": 3.422126054763794,
      "precision": 1.0,
      "recall": 0.0,
      "f1_score": 0.0,
      "update_norm": 1.1071891784667969,
      "is_attacker": true
    },
    "1": {
      "accuracy": 0.5184099674224854,
      "test_loss": 2.6586110591888428,
      "precision": 1.0,
      "recall": 0.0,
      "f1_score": 0.0,
      "update_norm": 1.0997897386550903,
      "is_attacker": true
    },
    "2": {
      "accuracy": 0.5763778686523438,
      "test_loss": 2.1021907329559326,
      "precision": 1.0,
      "recall": 0.0,
      "f1_score": 0.0,
      "update_norm": 1.100052833557129,
      "is_attacker": true
    },
    "3": {
      "accuracy": 0.4913559556007385,
      "test_loss": 2.794163942337036,
      "precision": 1.0,
      "recall": 0.0,
      "f1_score": 0.0,
      "update_norm": 1.102499008178711,
      "is_attacker": true
    },
    "4": {
      "accuracy": 0.4315999448299408,
      "test_loss": 3.370332956314087,
      "precision": 1.0,
      "recall": 0.0,
      "f1_score": 0.0,
      "update_norm": 1.105126142501831,
      "is_attacker": true
    },
    "5": {
      "accuracy": 0.5814929008483887,
      "test_loss": 2.0697686672210693,
      "precision": 1.0,
      "recall": 0.0,
      "f1_score": 0.0,
      "update_norm": 1.099852442741394,
      "is_attacker": false
    },
    "6": {
      "accuracy": 0.5804440975189209,
      "test_loss": 2.065004348754883,
      "precision": 1.0,
      "recall": 0.0,
      "f1_score": 0.0,
      "update_norm": 1.1064132452011108,
      "is_attacker": false
    },
    "7": {
      "accuracy": 0.5782261490821838,
      "test_loss": 2.0688974857330322,
      "precision": 1.0,
      "recall": 0.0,
      "f1_score": 0.0,
      "update_norm": 1.1009767055511475,
      "is_attacker": false
    },
    "8": {
      "accuracy": 0.5826706886291504,
      "test_loss": 2.0462563037872314,
      "precision": 1.0,
      "recall": 0.0,
      "f1_score": 0.0,
      "update_norm": 1.0971057415008545,
      "is_attacker": false
    },
    "9": {
      "accuracy": 0.582851231098175,
      "test_loss": 2.0948498249053955,
      "precision": 1.0,
      "recall": 0.0,
      "f1_score": 0.0,
      "update_norm": 1.1019071340560913,
      "is_attacker": false
    },
    "10": {
      "accuracy": 0.5818625688552856,
      "test_loss": 2.0674381256103516,
      "precision": 1.0,
      "recall": 0.0,
      "f1_score": 0.0,
      "update_norm": 1.0972380638122559,
      "is_attacker": false
    },
    "11": {
      "accuracy": 0.5789654850959778,
      "test_loss": 2.1247527599334717,
      "precision": 1.0,
      "recall": 0.0,
      "f1_score": 0.0,
      "update_norm": 1.1035854816436768,
      "is_attacker": false
    },
    "12": {
      "accuracy": 0.585026204586029,
      "test_loss": 2.049447536468506,
      "precision": 1.0,
      "recall": 0.0,
      "f1_score": 0.0,
      "update_norm": 1.096975564956665,
      "is_attacker": false
    },
    "13": {
      "accuracy": 0.5809083580970764,
      "test_loss": 2.0848886966705322,
      "precision": 1.0,
      "recall": 0.0,
      "f1_score": 0.0,
      "update_norm": 1.0992770195007324,
      "is_attacker": false
    },
    "14": {
      "accuracy": 0.5834959745407104,
      "test_loss": 2.053659200668335,
      "precision": 1.0,
      "recall": 0.0,
      "f1_score": 0.0,
      "update_norm": 1.098767638206482,
      "is_attacker": false
    },
    "15": {
      "accuracy": 0.575526773929596,
      "test_loss": 2.081373453140259,
      "precision": 1.0,
      "recall": 0.0,
      "f1_score": 0.0,
      "update_norm": 1.1018942594528198,
      "is_attacker": false
    },
    "16": {
      "accuracy": 0.5847596526145935,
      "test_loss": 2.013997793197632,
      "precision": 1.0,
      "recall": 0.0,
      "f1_score": 0.0,
      "update_norm": 1.0961048603057861,
      "is_attacker": false
    },
    "17": {
      "accuracy": 0.5801432132720947,
      "test_loss": 2.043001174926758,
      "precision": 1.0,
      "recall": 0.0,
      "f1_score": 0.0,
      "update_norm": 1.1022539138793945,
      "is_attacker": false
    },
    "18": {
      "accuracy": 0.5816734433174133,
      "test_loss": 2.0593976974487305,
      "precision": 1.0,
      "recall": 0.0,
      "f1_score": 0.0,
      "update_norm": 1.0996057987213135,
      "is_attacker": false
    },
    "19": {
      "accuracy": 0.5790772438049316,
      "test_loss": 2.1604437828063965,
      "precision": 1.0,
      "recall": 0.0,
      "f1_score": 0.0,
      "update_norm": 1.0993198156356812,
      "is_attacker": false
    },
    "20": {
      "accuracy": 0.5780541896820068,
      "test_loss": 2.1213033199310303,
      "precision": 1.0,
      "recall": 0.0,
      "f1_score": 0.0,
      "update_norm": 1.105168342590332,
      "is_attacker": false
    },
    "21": {
      "accuracy": 0.5793179273605347,
      "test_loss": 2.1038825511932373,
      "precision": 1.0,
      "recall": 0.0,
      "f1_score": 0.0,
      "update_norm": 1.099031925201416,
      "is_attacker": false
    },
    "22": {
      "accuracy": 0.5804440975189209,
      "test_loss": 2.0886688232421875,
      "precision": 1.0,
      "recall": 0.0,
      "f1_score": 0.0,
      "update_norm": 1.0965224504470825,
      "is_attacker": false
    },
    "23": {
      "accuracy": 0.5793952941894531,
      "test_loss": 2.0785677433013916,
      "precision": 1.0,
      "recall": 0.0,
      "f1_score": 0.0,
      "update_norm": 1.0917928218841553,
      "is_attacker": false
    },
    "24": {
      "accuracy": 0.5784926414489746,
      "test_loss": 2.1345930099487305,
      "precision": 1.0,
      "recall": 0.0,
      "f1_score": 0.0,
      "update_norm": 1.1038305759429932,
      "is_attacker": false
    },
    "25": {
      "accuracy": 0.5801174640655518,
      "test_loss": 2.0979106426239014,
      "precision": 1.0,
      "recall": 0.0,
      "f1_score": 0.0,
      "update_norm": 1.0942060947418213,
      "is_attacker": false
    },
    "26": {
      "accuracy": 0.5753376483917236,
      "test_loss": 2.049466609954834,
      "precision": 1.0,
      "recall": 0.0,
      "f1_score": 0.0,
      "update_norm": 1.100162148475647,
      "is_attacker": false
    },
    "27": {
      "accuracy": 0.5770053863525391,
      "test_loss": 2.122785806655884,
      "precision": 1.0,
      "recall": 0.0,
      "f1_score": 0.0,
      "update_norm": 1.1019350290298462,
      "is_attacker": false
    },
    "28": {
      "accuracy": 0.582464337348938,
      "test_loss": 2.0819432735443115,
      "precision": 1.0,
      "recall": 0.0,
      "f1_score": 0.0,
      "update_norm": 1.1018348932266235,
      "is_attacker": false
    },
    "29": {
      "accuracy": 0.5804526805877686,
      "test_loss": 2.0203142166137695,
      "precision": 1.0,
      "recall": 0.0,
      "f1_score": 0.0,
      "update_norm": 1.0961635112762451,
      "is_attacker": false
    },
    "30": {
      "accuracy": 0.582507312297821,
      "test_loss": 2.071122646331787,
      "precision": 1.0,
      "recall": 0.0,
      "f1_score": 0.0,
      "update_norm": 1.1009891033172607,
      "is_attacker": false
    },
    "31": {
      "accuracy": 0.5826277136802673,
      "test_loss": 2.0372912883758545,
      "precision": 1.0,
      "recall": 0.0,
      "f1_score": 0.0,
      "update_norm": 1.1009877920150757,
      "is_attacker": false
    },
    "32": {
      "accuracy": 0.5793265104293823,
      "test_loss": 2.1002490520477295,
      "precision": 1.0,
      "recall": 0.0,
      "f1_score": 0.0,
      "update_norm": 1.103478193283081,
      "is_attacker": false
    },
    "33": {
      "accuracy": 0.586031973361969,
      "test_loss": 2.0435068607330322,
      "precision": 1.0,
      "recall": 0.0,
      "f1_score": 0.0,
      "update_norm": 1.1002339124679565,
      "is_attacker": false
    },
    "34": {
      "accuracy": 0.5821033120155334,
      "test_loss": 2.042435884475708,
      "precision": 1.0,