{
  "round": 95,
  "nodes": {
    "0": {
      "accuracy": 0.4537365734577179,
      "test_loss": 3.765285015106201,
      "precision": 1.0,
      "recall": 0.0,
      "f1_score": 0.0,
      "update_norm": 1.1062709093093872,
      "is_attacker": true
    },
    "1": {
      "accuracy": 0.5019815564155579,
      "test_loss": 2.8938605785369873,
      "precision": 1.0,
      "recall": 0.0,
      "f1_score": 0.0,
      "update_norm": 1.1054071187973022,
      "is_attacker": true
    },
    "2": {
      "accuracy": 0.5766271352767944,
      "test_loss": 2.123460292816162,
      "precision": 1.0,
      "recall": 0.0,
      "f1_score": 0.0,
      "update_norm": 1.1005083322525024,
      "is_attacker": true
    },
    "3": {
      "accuracy": 0.44647231698036194,
      "test_loss": 3.309107780456543,
      "precision": 1.0,
      "recall": 0.0,
      "f1_score": 0.0,
      "update_norm": 1.1064624786376953,
      "is_attacker": true
    },
    "4": {
      "accuracy": 0.364932119846344,
      "test_loss": 4.187666416168213,
      "precision": 1.0,
      "recall": 0.0,
      "f1_score": 0.0,
      "update_norm": 1.1089891195297241,
      "is_attacker": true
    },
    "5": {
      "accuracy": 0.5831090807914734,
      "test_loss": 2.0482935905456543,
      "precision": 1.0,
      "recall": 0.0,
      "f1_score": 0.0,
      "update_norm": 1.0932564735412598,
      "is_attacker": false
    },
    "6": {
      "accuracy": 0.5782777070999146,
      "test_loss": 2.1269500255584717,
      "precision": 1.0,
      "recall": 0.0,
      "f1_score": 0.0,
      "update_norm": 1.0958048105239868,
      "is_attacker": false
    },
    "7": {
      "accuracy": 0.48330941796302795,
      "test_loss": 3.2435803413391113,
      "precision": 1.0,
      "recall": 0.0,
      "f1_score": 0.0,
      "update_norm": 1.1008198261260986,
      "is_attacker": false
    },
    "8": {
      "accuracy": 0.5858256816864014,
      "test_loss": 2.0207886695861816,
      "precision": 1.0,
      "recall": 0.0,
      "f1_score": 0.0,
      "update_norm": 1.1008321046829224,
      "is_attacker": false
    },
    "9": {
      "accuracy": 0.5872441530227661,
      "test_loss": 2.083230972290039,
      "precision": 1.0,
      "recall": 0.0,
      "f1_score": 0.0,
      "update_norm": 1.099808692932129,
      "is_attacker": false
    },
    "10": {
      "accuracy": 0.5850863456726074,
      "test_loss": 2.064955234527588,
      "precision": 1.0,
      "recall": 0.0,
      "f1_score": 0.0,
      "update_norm": 1.100533366203308,
      "is_attacker": false
    },
    "11": {
      "accuracy": 0.5758018493652344,
      "test_loss": 2.1930196285247803,
      "precision": 1.0,
      "recall": 0.0,
      "f1_score": 0.0,
      "update_norm": 1.0994642972946167,
      "is_attacker": false
    },
    "12": {
      "accuracy": 0.5825502872467041,
      "test_loss": 2.0885324478149414,
      "precision": 1.0,
      "recall": 0.0,
      "f1_score": 0.0,
      "update_norm": 1.094347357749939,
      "is_attacker": false
    },
    "13": {
      "accuracy": 0.5855162143707275,
      "test_loss": 2.0801937580108643,
      "precision": 1.0,
      "recall": 0.0,
      "f1_score": 0.0,
      "update_norm": 1.098973035812378,
      "is_attacker": false
    },
    "14": {
      "accuracy": 0.5837624669075012,
      "test_loss": 2.110764503479004,
      "precision": 1.0,
      "recall": 0.0,
      "f1_score": 0.0,
      "update_norm": 1.1036758422851562,
      "is_attacker": false
    },
    "15": {
      "accuracy": 0.579721987247467,
      "test_loss": 2.0308666229248047,
      "precision": 1.0,
      "recall": 0.0,
      "f1_score": 0.0,
      "update_norm": 1.100703477859497,
      "is_attacker": false
    },
    "16": {
      "accuracy": 0.5841407179832458,
      "test_loss": 1.9914190769195557,
      "precision": 1.0,
      "recall": 0.0,
      "f1_score": 0.0,
      "update_norm": 1.0895419120788574,
      "is_attacker": false
    },
    "17": {
      "accuracy": 0.5857483148574829,
      "test_loss": 2.0029549598693848,
      "precision": 1.0,
      "recall": 0.0,
      "f1_score": 0.0,
      "update_norm": 1.1006914377212524,
      "is_attacker": false
    },
    "18": {
      "accuracy": 0.5873816609382629,
      "test_loss": 2.0541203022003174,
      "precision": 1.0,
      "recall": 0.0,
      "f1_score": 0.0,
      "update_norm": 1.0978647470474243,
      "is_attacker": false
    },
    "19": {
      "accuracy": 0.5845103859901428,
      "test_loss": 2.1544201374053955,
      "precision": 1.0,
      "recall": 0.0,
      "f1_score": 0.0,
      "update_norm": 1.0993589162826538,
      "is_attacker": false
    },
    "20": {
      "accuracy": 0.5855162143707275,
      "test_loss": 2.080519437789917,
      "precision": 1.0,
      "recall": 0.0,
      "f1_score": 0.0,
      "update_norm": 1.0950407981872559,
      "is_attacker": false
    },
    "21": {
      "accuracy": 0.5872527360916138,
      "test_loss": 2.0630314350128174,
      "precision": 1.0,
      "recall": 0.0,
      "f1_score": 0.0,
      "update_norm": 1.0994617938995361,
      "is_attacker": false
    },
    "22": {
      "accuracy": 0.5872957110404968,
      "test_loss": 2.064396381378174,
      "precision": 1.0,
      "recall": 0.0,
      "f1_score": 0.0,
      "update_norm": 1.0996460914611816,
      "is_attacker": false
    },
    "23": {
      "accuracy": 0.5847253203392029,
      "test_loss": 2.0695512294769287,
      "precision": 1.0,
      "recall": 0.0,
      "f1_score": 0.0,
      "update_norm": 1.09397292137146,
      "is_attacker": false
    },
    "24": {
      "accuracy": 0.5792491436004639,
      "test_loss": 2.145137071609497,
      "precision": 1.0,
      "recall": 0.0,
      "f1_score": 0.0,
      "update_norm": 1.0984660387039185,
      "is_attacker": false
    },
    "25": {
      "accuracy": 0.5811576247215271,
      "test_loss": 2.11438250541687,
      "precision": 1.0,
      "recall": 0.0,
      "f1_score": 0.0,
      "update_norm": 1.0983411073684692,
      "is_attacker": false
    },
    "26": {
      "accuracy": 0.5797391533851624,
      "test_loss": 2.0441291332244873,
      "precision": 1.0,
      "recall": 0.0,
      "f1_score": 0.0,
      "update_norm": 1.0950541496276855,
      "is_attacker": false
    },
    "27": {
      "accuracy": 0.582662045955658,
      "test_loss": 2.1031248569488525,
      "precision": 1.0,
      "recall": 0.0,
      "f1_score": 0.0,
      "update_norm": 1.0984344482421875,
      "is_attacker": false
    },
    "28": {
      "accuracy": 0.5831692814826965,
      "test_loss": 2.1063034534454346,
      "precision": 1.0,
      "recall": 0.0,
      "f1_score": 0.0,
      "update_norm": 1.1006914377212524,
      "is_attacker": false
    },
    "29": {
      "accuracy": 0.5844501852989197,
      "test_loss": 2.0511467456817627,
      "precision": 1.0,
      "recall": 0.0,
      "f1_score": 0.0,
      "update_norm": 1.0979552268981934,
      "is_attacker": false
    },
    "30": {
      "accuracy": 0.585223913192749,
      "test_loss": 2.0487875938415527,
      "precision": 1.0,
      "recall": 0.0,
      "f1_score": 0.0,
      "update_norm": 1.0926796197891235,
      "is_attacker": false
    },
    "31": {
      "accuracy": 0.5889118909835815,
      "test_loss": 2.0056841373443604,
      "precision": 1.0,
      "recall": 0.0,
      "f1_score": 0.0,
      "update_norm": 1.0986363887786865,
      "is_attacker": false
    },
    "32": {
      "accuracy": 0.5843556523323059,
      "test_loss": 2.0693740844726562,
      "precision": 1.0,
      "recall": 0.0,
      "f1_score": 0.0,
      "update_norm": 1.0917079448699951,
      "is_attacker": false
    },
    "33": {
      "accuracy": 0.5865907669067383,
      "test_loss": 2.0486204624176025,
      "precision": 1.0,
      "recall": 0.0,
      "f1_score": 0.0,
      "update_norm": 1.0959136486053467,
      "is_attacker": false
    },
    "34": {
      "accuracy": 0.5888259410858154,
      "test_loss": 2.0284037590026855,
      "precision": 1.0,