{
  "round": 99,
  "nodes": {
    "0": {
      "accuracy": 0.4762858748435974,
      "test_loss": 2.036801338195801,
      "precision": 1.0,
      "recall": 0.0,
      "f1_score": 0.0,
      "update_norm": 2.7452540397644043,
      "is_attacker": true
    },
    "1": {
      "accuracy": 0.5068902969360352,
      "test_loss": 2.052846670150757,
      "precision": 1.0,
      "recall": 0.0,
      "f1_score": 0.0,
      "update_norm": 2.8257975578308105,
      "is_attacker": true
    },
    "2": {
      "accuracy": 0.5684172511100769,
      "test_loss": 1.8118654489517212,
      "precision": 1.0,
      "recall": 0.0,
      "f1_score": 0.0,
      "update_norm": 2.908494234085083,
      "is_attacker": true
    },
    "3": {
      "accuracy": 0.43864068388938904,
      "test_loss": 2.1216421127319336,
      "precision": 1.0,
      "recall": 0.0,
      "f1_score": 0.0,
      "update_norm": 2.7020771503448486,
      "is_attacker": true
    },
    "4": {
      "accuracy": 0.38176456093788147,
      "test_loss": 2.3021793365478516,
      "precision": 1.0,
      "recall": 0.0,
      "f1_score": 0.0,
      "update_norm": 2.852450132369995,
      "is_attacker": true
    },
    "5": {
      "accuracy": 0.5199487805366516,
      "test_loss": 1.8183852434158325,
      "precision": 1.0,
      "recall": 0.0,
      "f1_score": 0.0,
      "update_norm": 1.1021522283554077,
      "is_attacker": false
    },
    "6": {
      "accuracy": 0.5895050764083862,
      "test_loss": 2.018564224243164,
      "precision": 1.0,
      "recall": 0.0,
      "f1_score": 0.0,
      "update_norm": 1.099103569984436,
      "is_attacker": false
    },
    "7": {
      "accuracy": 0.2941035032272339,
      "test_loss": 3.6207761764526367,
      "precision": 1.0,
      "recall": 0.0,
      "f1_score": 0.0,
      "update_norm": 1.1119716167449951,
      "is_attacker": false
    },
    "8": {
      "accuracy": 0.5881983637809753,
      "test_loss": 2.031874895095825,
      "precision": 1.0,
      "recall": 0.0,
      "f1_score": 0.0,
      "update_norm": 1.0956447124481201,
      "is_attacker": false
    },
    "9": {
      "accuracy": 0.5230435729026794,
      "test_loss": 2.370303153991699,
      "precision": 1.0,
      "recall": 0.0,
      "f1_score": 0.0,
      "update_norm": 1.095297932624817,
      "is_attacker": false
    },
    "10": {
      "accuracy": 0.5319927930831909,
      "test_loss": 2.5141594409942627,
      "precision": 1.0,
      "recall": 0.0,
      "f1_score": 0.0,
      "update_norm": 1.1041346788406372,
      "is_attacker": false
    },
    "11": {
      "accuracy": 0.5850433707237244,
      "test_loss": 2.119950294494629,
      "precision": 1.0,
      "recall": 0.0,
      "f1_score": 0.0,
      "update_norm": 1.0981926918029785,
      "is_attacker": false
    },
    "12": {
      "accuracy": 0.5900982618331909,
      "test_loss": 2.0402350425720215,
      "precision": 1.0,
      "recall": 0.0,
      "f1_score": 0.0,
      "update_norm": 1.096991777420044,
      "is_attacker": false
    },
    "13": {
      "accuracy": 0.5858170986175537,
      "test_loss": 2.105746030807495,
      "precision": 1.0,
      "recall": 0.0,
      "f1_score": 0.0,
      "update_norm": 1.097453236579895,
      "is_attacker": false
    },
    "14": {
      "accuracy": 0.5888861417770386,
      "test_loss": 2.0380911827087402,
      "precision": 1.0,
      "recall": 0.0,
      "f1_score": 0.0,
      "update_norm": 1.1012852191925049,
      "is_attacker": false
    },
    "15": {
      "accuracy": 0.5802463889122009,
      "test_loss": 2.070725679397583,
      "precision": 1.0,
      "recall": 0.0,
      "f1_score": 0.0,
      "update_norm": 1.0929996967315674,
      "is_attacker": false
    },
    "16": {
      "accuracy": 0.5857654809951782,
      "test_loss": 2.011690139770508,
      "precision": 1.0,
      "recall": 0.0,
      "f1_score": 0.0,
      "update_norm": 1.094657063484192,
      "is_attacker": false
    },
    "17": {
      "accuracy": 0.5865650177001953,
      "test_loss": 2.0135788917541504,
      "precision": 1.0,
      "recall": 0.0,
      "f1_score": 0.0,
      "update_norm": 1.102144479751587,
      "is_attacker": false
    },
    "18": {
      "accuracy": 0.5877169370651245,
      "test_loss": 2.1166346073150635,
      "precision": 1.0,
      "recall": 0.0,
      "f1_score": 0.0,
      "update_norm": 1.0977195501327515,
      "is_attacker": false
    },
    "19": {
      "accuracy": 0.5865220427513123,
      "test_loss": 2.1244513988494873,
      "precision": 1.0,
      "recall": 0.0,
      "f1_score": 0.0,
      "update_norm": 1.1024876832962036,
      "is_attacker": false
    },
    "20": {
      "accuracy": 0.5864102840423584,
      "test_loss": 2.0979082584381104,
      "precision": 1.0,
      "recall": 0.0,
      "f1_score": 0.0,
      "update_norm": 1.093889832496643,
      "is_attacker": false
    },
    "21": {
      "accuracy": 0.589530885219574,
      "test_loss": 2.0580697059631348,
      "precision": 1.0,
      "recall": 0.0,
      "f1_score": 0.0,
      "update_norm": 1.0996484756469727,
      "is_attacker": false
    },
    "22": {
      "accuracy": 0.5883617401123047,
      "test_loss": 2.0443742275238037,
      "precision": 1.0,
      "recall": 0.0,
      "f1_score": 0.0,
      "update_norm": 1.0944387912750244,
      "is_attacker": false
    },
    "23": {
      "accuracy": 0.5863586664199829,
      "test_loss": 2.0469131469726562,
      "precision": 1.0,
      "recall": 0.0,
      "f1_score": 0.0,
      "update_norm": 1.0958420038223267,
      "is_attacker": false
    },
    "24": {
      "accuracy": 0.5830833315849304,
      "test_loss": 2.1307666301727295,
      "precision": 1.0,
      "recall": 0.0,
      "f1_score": 0.0,
      "update_norm": 1.0964312553405762,
      "is_attacker": false
    },
    "25": {
      "accuracy": 0.584613561630249,
      "test_loss": 2.0982301235198975,
      "precision": 1.0,
      "recall": 0.0,
      "f1_score": 0.0,
      "update_norm": 1.0961809158325195,
      "is_attacker": false
    },
    "26": {
      "accuracy": 0.5826534628868103,
      "test_loss": 2.06003999710083,
      "precision": 1.0,
      "recall": 0.0,
      "f1_score": 0.0,
      "update_norm": 1.0986905097961426,
      "is_attacker": false
    },
    "27": {
      "accuracy": 0.583246648311615,
      "test_loss": 2.1168758869171143,
      "precision": 1.0,
      "recall": 0.0,
      "f1_score": 0.0,
      "update_norm": 1.0969734191894531,
      "is_attacker": false
    },
    "28": {
      "accuracy": 0.5883703231811523,
      "test_loss": 2.088278293609619,
      "precision": 1.0,
      "recall": 0.0,
      "f1_score": 0.0,
      "update_norm": 1.0965501070022583,
      "is_attacker": false
    },
    "29": {
      "accuracy": 0.5829027891159058,
      "test_loss": 2.043268918991089,
      "precision": 1.0,
      "recall": 0.0,
      "f1_score": 0.0,
      "update_norm": 1.0969997644424438,
      "is_attacker": false
    },
    "30": {
      "accuracy": 0.5879232883453369,
      "test_loss": 2.064643621444702,
      "precision": 1.0,
      "recall": 0.0,
      "f1_score": 0.0,
      "update_norm": 1.1008135080337524,
      "is_attacker": false
    },
    "31": {
      "accuracy": 0.5930727124214172,
      "test_loss": 2.0089340209960938,
      "precision": 1.0,
      "recall": 0.0,
      "f1_score": 0.0,
      "update_norm": 1.0951498746871948,
      "is_attacker": false
    },
    "32": {
      "accuracy": 0.5877169370651245,
      "test_loss": 2.040114641189575,
      "precision": 1.0,
      "recall": 0.0,
      "f1_score": 0.0,
      "update_norm": 1.0955315828323364,
      "is_attacker": false
    },
    "33": {
      "accuracy": 0.5914307832717896,
      "test_loss": 2.0204224586486816,
      "precision": 1.0,
      "recall": 0.0,
      "f1_score": 0.0,
      "update_norm": 1.1012083292007446,
      "is_attacker": false
    },
    "34": {
      "accuracy": 0.5895480513572693,
      "test_loss": 1.9919822216033936,
      "precision": 1.0,