{
  "round": 48,
  "nodes": {
    "0": {
      "accuracy": 0.5229834318161011,
      "test_loss": 2.2831010818481445,
      "precision": 1.0,
      "recall": 0.0,
      "f1_score": 0.0,
      "update_norm": 1.1048402786254883,
      "is_attacker": true
    },
    "1": {
      "accuracy": 0.5323538780212402,
      "test_loss": 2.2228333950042725,
      "precision": 1.0,
      "recall": 0.0,
      "f1_score": 0.0,
      "update_norm": 1.1024290323257446,
      "is_attacker": true
    },
    "2": {
      "accuracy": 0.5426613688468933,
      "test_loss": 2.1293416023254395,
      "precision": 1.0,
      "recall": 0.0,
      "f1_score": 0.0,
      "update_norm": 1.1013150215148926,
      "is_attacker": true
    },
    "3": {
      "accuracy": 0.5216423273086548,
      "test_loss": 2.2518017292022705,
      "precision": 1.0,
      "recall": 0.0,
      "f1_score": 0.0,
      "update_norm": 1.1033324003219604,
      "is_attacker": true
    },
    "4": {
      "accuracy": 0.5168969035148621,
      "test_loss": 2.271362066268921,
      "precision": 1.0,
      "recall": 0.0,
      "f1_score": 0.0,
      "update_norm": 1.0996633768081665,
      "is_attacker": true
    },
    "5": {
      "accuracy": 0.5384231805801392,
      "test_loss": 2.1342899799346924,
      "precision": 1.0,
      "recall": 0.0,
      "f1_score": 0.0,
      "update_norm": 1.1006275415420532,
      "is_attacker": false
    },
    "6": {
      "accuracy": 0.5396353006362915,
      "test_loss": 2.1522715091705322,
      "precision": 1.0,
      "recall": 0.0,
      "f1_score": 0.0,
      "update_norm": 1.0988866090774536,
      "is_attacker": false
    },
    "7": {
      "accuracy": 0.5388874411582947,
      "test_loss": 2.1756436824798584,
      "precision": 1.0,
      "recall": 0.0,
      "f1_score": 0.0,
      "update_norm": 1.094184160232544,
      "is_attacker": false
    },
    "8": {
      "accuracy": 0.5449051260948181,
      "test_loss": 2.12455153465271,
      "precision": 1.0,
      "recall": 0.0,
      "f1_score": 0.0,
      "update_norm": 1.0990469455718994,
      "is_attacker": false
    },
    "9": {
      "accuracy": 0.5474755764007568,
      "test_loss": 2.1900393962860107,
      "precision": 1.0,
      "recall": 0.0,
      "f1_score": 0.0,
      "update_norm": 1.09835684299469,
      "is_attacker": false
    },
    "10": {
      "accuracy": 0.5440454483032227,
      "test_loss": 2.1417667865753174,
      "precision": 1.0,
      "recall": 0.0,
      "f1_score": 0.0,
      "update_norm": 1.0931627750396729,
      "is_attacker": false
    },
    "11": {
      "accuracy": 0.5395665764808655,
      "test_loss": 2.18475341796875,
      "precision": 1.0,
      "recall": 0.0,
      "f1_score": 0.0,
      "update_norm": 1.0981751680374146,
      "is_attacker": false
    },
    "12": {
      "accuracy": 0.5419822335243225,
      "test_loss": 2.1132423877716064,
      "precision": 1.0,
      "recall": 0.0,
      "f1_score": 0.0,
      "update_norm": 1.0980414152145386,
      "is_attacker": false
    },
    "13": {
      "accuracy": 0.5430740118026733,
      "test_loss": 2.1755659580230713,
      "precision": 1.0,
      "recall": 0.0,
      "f1_score": 0.0,
      "update_norm": 1.0963904857635498,
      "is_attacker": false
    },
    "14": {
      "accuracy": 0.5430224537849426,
      "test_loss": 2.10036039352417,
      "precision": 1.0,
      "recall": 0.0,
      "f1_score": 0.0,
      "update_norm": 1.0988017320632935,
      "is_attacker": false
    },
    "15": {
      "accuracy": 0.5348555445671082,
      "test_loss": 2.169604778289795,
      "precision": 1.0,
      "recall": 0.0,
      "f1_score": 0.0,
      "update_norm": 1.0991511344909668,
      "is_attacker": false
    },
    "16": {
      "accuracy": 0.5483094453811646,
      "test_loss": 2.104215621948242,
      "precision": 1.0,
      "recall": 0.0,
      "f1_score": 0.0,
      "update_norm": 1.0936580896377563,
      "is_attacker": false
    },
    "17": {
      "accuracy": 0.5418790578842163,
      "test_loss": 2.15883207321167,
      "precision": 1.0,
      "recall": 0.0,
      "f1_score": 0.0,
      "update_norm": 1.1031999588012695,
      "is_attacker": false
    },
    "18": {
      "accuracy": 0.5487306714057922,
      "test_loss": 2.1211135387420654,
      "precision": 1.0,
      "recall": 0.0,
      "f1_score": 0.0,
      "update_norm": 1.094483733177185,
      "is_attacker": false
    },
    "19": {
      "accuracy": 0.5414320230484009,
      "test_loss": 2.1788058280944824,
      "precision": 1.0,
      "recall": 0.0,
      "f1_score": 0.0,
      "update_norm": 1.0985023975372314,
      "is_attacker": false
    },
    "20": {
      "accuracy": 0.5466588735580444,
      "test_loss": 2.1210434436798096,
      "precision": 1.0,
      "recall": 0.0,
      "f1_score": 0.0,
      "update_norm": 1.1003997325897217,
      "is_attacker": false
    },
    "21": {
      "accuracy": 0.5414664149284363,
      "test_loss": 2.1510212421417236,
      "precision": 1.0,
      "recall": 0.0,
      "f1_score": 0.0,
      "update_norm": 1.098199725151062,
      "is_attacker": false
    },
    "22": {
      "accuracy": 0.5383543968200684,
      "test_loss": 2.145179510116577,
      "precision": 1.0,
      "recall": 0.0,
      "f1_score": 0.0,
      "update_norm": 1.10476553440094,
      "is_attacker": false
    },
    "23": {
      "accuracy": 0.5423175096511841,
      "test_loss": 2.1375858783721924,
      "precision": 1.0,
      "recall": 0.0,
      "f1_score": 0.0,
      "update_norm": 1.0989654064178467,
      "is_attacker": false
    },
    "24": {
      "accuracy": 0.5413718819618225,
      "test_loss": 2.1926045417785645,
      "precision": 1.0,
      "recall": 0.0,
      "f1_score": 0.0,
      "update_norm": 1.0923361778259277,
      "is_attacker": false
    },
    "25": {
      "accuracy": 0.5415781736373901,
      "test_loss": 2.158161163330078,
      "precision": 1.0,
      "recall": 0.0,
      "f1_score": 0.0,
      "update_norm": 1.098042607307434,
      "is_attacker": false
    },
    "26": {
      "accuracy": 0.5410193800926208,
      "test_loss": 2.1325466632843018,
      "precision": 1.0,
      "recall": 0.0,
      "f1_score": 0.0,
      "update_norm": 1.0966620445251465,
      "is_attacker": false
    },
    "27": {
      "accuracy": 0.5373572111129761,
      "test_loss": 2.1633687019348145,
      "precision": 1.0,
      "recall": 0.0,
      "f1_score": 0.0,
      "update_norm": 1.0953185558319092,
      "is_attacker": false
    },
    "28": {
      "accuracy": 0.5435812473297119,
      "test_loss": 2.193324565887451,
      "precision": 1.0,
      "recall": 0.0,
      "f1_score": 0.0,
      "update_norm": 1.0932689905166626,
      "is_attacker": false
    },
    "29": {
      "accuracy": 0.5416039824485779,
      "test_loss": 2.1235928535461426,
      "precision": 1.0,
      "recall": 0.0,
      "f1_score": 0.0,
      "update_norm": 1.10031259059906,
      "is_attacker": false
    },
    "30": {
      "accuracy": 0.542102575302124,
      "test_loss": 2.1417670249938965,
      "precision": 1.0,
      "recall": 0.0,
      "f1_score": 0.0,
      "update_norm": 1.0986384153366089,
      "is_attacker": false
    },
    "31": {
      "accuracy": 0.5404863953590393,
      "test_loss": 2.133397340774536,
      "precision": 1.0,
      "recall": 0.0,
      "f1_score": 0.0,
      "update_norm": 1.0970603227615356,
      "is_attacker": false
    },
    "32": {
      "accuracy": 0.5413030982017517,
      "test_loss": 2.132345676422119,
      "precision": 1.0,
      "recall": 0.0,
      "f1_score": 0.0,
      "update_norm": 1.0984772443771362,
      "is_attacker": false
    },
    "33": {
      "accuracy": 0.5428677201271057,
      "test_loss": 2.1091325283050537,
      "precision": 1.0,
      "recall": 0.0,
      "f1_score": 0.0,
      "update_norm": 1.099631428718567,
      "is_attacker": false
    },
    "34": {
      "accuracy": 0.53870689868927,
      "test_loss": 2.1364567279815674,
      "precision": 1.0,