{
  "round": 9,
  "nodes": {
    "0": {
      "accuracy": 0.3519596457481384,
      "test_loss": 2.8202829360961914,
      "precision": 1.0,
      "recall": 0.0,
      "f1_score": 0.0,
      "update_norm": 1.1129560470581055,
      "is_attacker": true
    },
    "1": {
      "accuracy": 0.3500511646270752,
      "test_loss": 2.823573589324951,
      "precision": 1.0,
      "recall": 0.0,
      "f1_score": 0.0,
      "update_norm": 1.1089977025985718,
      "is_attacker": true
    },
    "2": {
      "accuracy": 0.33935678005218506,
      "test_loss": 2.825615406036377,
      "precision": 1.0,
      "recall": 0.0,
      "f1_score": 0.0,
      "update_norm": 1.1090893745422363,
      "is_attacker": true
    },
    "3": {
      "accuracy": 0.3368723392486572,
      "test_loss": 2.830258846282959,
      "precision": 1.0,
      "recall": 0.0,
      "f1_score": 0.0,
      "update_norm": 1.1142346858978271,
      "is_attacker": true
    },
    "4": {
      "accuracy": 0.34725719690322876,
      "test_loss": 2.825392246246338,
      "precision": 1.0,
      "recall": 0.0,
      "f1_score": 0.0,
      "update_norm": 1.10616934299469,
      "is_attacker": true
    },
    "5": {
      "accuracy": 0.3462771773338318,
      "test_loss": 2.8453879356384277,
      "precision": 1.0,
      "recall": 0.0,
      "f1_score": 0.0,
      "update_norm": 1.1078729629516602,
      "is_attacker": false
    },
    "6": {
      "accuracy": 0.34868428111076355,
      "test_loss": 2.8406624794006348,
      "precision": 1.0,
      "recall": 0.0,
      "f1_score": 0.0,
      "update_norm": 1.1144862174987793,
      "is_attacker": false
    },
    "7": {
      "accuracy": 0.34558942914009094,
      "test_loss": 2.8258564472198486,
      "precision": 1.0,
      "recall": 0.0,
      "f1_score": 0.0,
      "update_norm": 1.1110516786575317,
      "is_attacker": false
    },
    "8": {
      "accuracy": 0.3413684368133545,
      "test_loss": 2.8381845951080322,
      "precision": 1.0,
      "recall": 0.0,
      "f1_score": 0.0,
      "update_norm": 1.1113536357879639,
      "is_attacker": false
    },
    "9": {
      "accuracy": 0.3469563126564026,
      "test_loss": 2.8223400115966797,
      "precision": 1.0,
      "recall": 0.0,
      "f1_score": 0.0,
      "update_norm": 1.1113032102584839,
      "is_attacker": false
    },
    "10": {
      "accuracy": 0.32843032479286194,
      "test_loss": 2.8524508476257324,
      "precision": 1.0,
      "recall": 0.0,
      "f1_score": 0.0,
      "update_norm": 1.1077320575714111,
      "is_attacker": false
    },
    "11": {
      "accuracy": 0.34457501769065857,
      "test_loss": 2.8207619190216064,
      "precision": 1.0,
      "recall": 0.0,
      "f1_score": 0.0,
      "update_norm": 1.1140094995498657,
      "is_attacker": false
    },
    "12": {
      "accuracy": 0.35646432638168335,
      "test_loss": 2.8041155338287354,
      "precision": 1.0,
      "recall": 0.0,
      "f1_score": 0.0,
      "update_norm": 1.1115213632583618,
      "is_attacker": false
    },
    "13": {
      "accuracy": 0.32542145252227783,
      "test_loss": 2.839402198791504,
      "precision": 1.0,
      "recall": 0.0,
      "f1_score": 0.0,
      "update_norm": 1.1025664806365967,
      "is_attacker": false
    },
    "14": {
      "accuracy": 0.35841578245162964,
      "test_loss": 2.816016435623169,
      "precision": 1.0,
      "recall": 0.0,
      "f1_score": 0.0,
      "update_norm": 1.1098004579544067,
      "is_attacker": false
    },
    "15": {
      "accuracy": 0.3425547778606415,
      "test_loss": 2.86726450920105,
      "precision": 1.0,
      "recall": 0.0,
      "f1_score": 0.0,
      "update_norm": 1.1133811473846436,
      "is_attacker": false
    },
    "16": {
      "accuracy": 0.362387478351593,
      "test_loss": 2.7869672775268555,
      "precision": 1.0,
      "recall": 0.0,
      "f1_score": 0.0,
      "update_norm": 1.1104397773742676,
      "is_attacker": false
    },
    "17": {
      "accuracy": 0.3397350609302521,
      "test_loss": 2.8433194160461426,
      "precision": 1.0,
      "recall": 0.0,
      "f1_score": 0.0,
      "update_norm": 1.1059337854385376,
      "is_attacker": false
    },
    "18": {
      "accuracy": 0.3632213771343231,
      "test_loss": 2.8080437183380127,
      "precision": 1.0,
      "recall": 0.0,
      "f1_score": 0.0,
      "update_norm": 1.1108810901641846,
      "is_attacker": false
    },
    "19": {
      "accuracy": 0.3448329269886017,
      "test_loss": 2.848688840866089,
      "precision": 1.0,
      "recall": 0.0,
      "f1_score": 0.0,
      "update_norm": 1.10912024974823,
      "is_attacker": false
    },
    "20": {
      "accuracy": 0.33155953884124756,
      "test_loss": 2.8197953701019287,
      "precision": 1.0,
      "recall": 0.0,
      "f1_score": 0.0,
      "update_norm": 1.106326699256897,
      "is_attacker": false
    },
    "21": {
      "accuracy": 0.37475821375846863,
      "test_loss": 2.8131752014160156,
      "precision": 1.0,
      "recall": 0.0,
      "f1_score": 0.0,
      "update_norm": 1.1035583019256592,
      "is_attacker": false
    },
    "22": {
      "accuracy": 0.35481375455856323,
      "test_loss": 2.815044403076172,
      "precision": 1.0,
      "recall": 0.0,
      "f1_score": 0.0,
      "update_norm": 1.1110129356384277,
      "is_attacker": false
    },
    "23": {
      "accuracy": 0.3340612053871155,
      "test_loss": 2.8422811031341553,
      "precision": 1.0,
      "recall": 0.0,
      "f1_score": 0.0,
      "update_norm": 1.112404465675354,
      "is_attacker": false
    },
    "24": {
      "accuracy": 0.3458215594291687,
      "test_loss": 2.8550026416778564,
      "precision": 1.0,
      "recall": 0.0,
      "f1_score": 0.0,
      "update_norm": 1.1084792613983154,
      "is_attacker": false
    },
    "25": {
      "accuracy": 0.3581579029560089,
      "test_loss": 2.846987247467041,
      "precision": 1.0,
      "recall": 0.0,
      "f1_score": 0.0,
      "update_norm": 1.1074092388153076,
      "is_attacker": false
    },
    "26": {
      "accuracy": 0.34560662508010864,
      "test_loss": 2.8480427265167236,
      "precision": 1.0,
      "recall": 0.0,
      "f1_score": 0.0,
      "update_norm": 1.1097805500030518,
      "is_attacker": false
    },
    "27": {
      "accuracy": 0.3355226516723633,
      "test_loss": 2.867279529571533,
      "precision": 1.0,
      "recall": 0.0,
      "f1_score": 0.0,
      "update_norm": 1.1107977628707886,
      "is_attacker": false
    },
    "28": {
      "accuracy": 0.3616395890712738,
      "test_loss": 2.8397722244262695,
      "precision": 1.0,
      "recall": 0.0,
      "f1_score": 0.0,
      "update_norm": 1.1116857528686523,
      "is_attacker": false
    },
    "29": {
      "accuracy": 0.35974830389022827,
      "test_loss": 2.846052408218384,
      "precision": 1.0,
      "recall": 0.0,
      "f1_score": 0.0,
      "update_norm": 1.1164954900741577,
      "is_attacker": false
    },
    "30": {
      "accuracy": 0.3270634412765503,
      "test_loss": 2.8409829139709473,
      "precision": 1.0,
      "recall": 0.0,
      "f1_score": 0.0,
      "update_norm": 1.1079667806625366,
      "is_attacker": false
    },
    "31": {
      "accuracy": 0.33808445930480957,
      "test_loss": 2.8175861835479736,
      "precision": 1.0,
      "recall": 0.0,
      "f1_score": 0.0,
      "update_norm": 1.108873724937439,
      "is_attacker": false
    },
    "32": {
      "accuracy": 0.3380930721759796,
      "test_loss": 2.8512277603149414,
      "precision": 1.0,
      "recall": 0.0,
      "f1_score": 0.0,
      "update_norm": 1.1113719940185547,
      "is_attacker": false
    },
    "33": {
      "accuracy": 0.3504466116428375,
      "test_loss": 2.806579113006592,
      "precision": 1.0,
      "recall": 0.0,
      "f1_score": 0.0,
      "update_norm": 1.1071901321411133,
      "is_attacker": false
    },
    "34": {
      "accuracy": 0.348349004983902,
      "test_loss": 2.8265926837921143,