{
  "round": 91,
  "nodes": {
    "0": {
      "accuracy": 0.4623677134513855,
      "test_loss": 3.5599589347839355,
      "precision": 1.0,
      "recall": 0.0,
      "f1_score": 0.0,
      "update_norm": 1.112656831741333,
      "is_attacker": true
    },
    "1": {
      "accuracy": 0.5098647475242615,
      "test_loss": 2.767381191253662,
      "precision": 1.0,
      "recall": 0.0,
      "f1_score": 0.0,
      "update_norm": 1.1059908866882324,
      "is_attacker": true
    },
    "2": {
      "accuracy": 0.5765755772590637,
      "test_loss": 2.1104800701141357,
      "precision": 1.0,
      "recall": 0.0,
      "f1_score": 0.0,
      "update_norm": 1.0989564657211304,
      "is_attacker": true
    },
    "3": {
      "accuracy": 0.48600879311561584,
      "test_loss": 2.8517956733703613,
      "precision": 1.0,
      "recall": 0.0,
      "f1_score": 0.0,
      "update_norm": 1.1052683591842651,
      "is_attacker": true
    },
    "4": {
      "accuracy": 0.42214351892471313,
      "test_loss": 3.466301441192627,
      "precision": 1.0,
      "recall": 0.0,
      "f1_score": 0.0,
      "update_norm": 1.1119384765625,
      "is_attacker": true
    },
    "5": {
      "accuracy": 0.5806761980056763,
      "test_loss": 2.0668203830718994,
      "precision": 1.0,
      "recall": 0.0,
      "f1_score": 0.0,
      "update_norm": 1.1003237962722778,
      "is_attacker": false
    },
    "6": {
      "accuracy": 0.5831521153450012,
      "test_loss": 2.0542140007019043,
      "precision": 1.0,
      "recall": 0.0,
      "f1_score": 0.0,
      "update_norm": 1.095199704170227,
      "is_attacker": false
    },
    "7": {
      "accuracy": 0.5770570039749146,
      "test_loss": 2.092043399810791,
      "precision": 1.0,
      "recall": 0.0,
      "f1_score": 0.0,
      "update_norm": 1.096173644065857,
      "is_attacker": false
    },
    "8": {
      "accuracy": 0.5557800531387329,
      "test_loss": 2.3232874870300293,
      "precision": 1.0,
      "recall": 0.0,
      "f1_score": 0.0,
      "update_norm": 1.1009790897369385,
      "is_attacker": false
    },
    "9": {
      "accuracy": 0.5841922760009766,
      "test_loss": 2.09684419631958,
      "precision": 1.0,
      "recall": 0.0,
      "f1_score": 0.0,
      "update_norm": 1.1061853170394897,
      "is_attacker": false
    },
    "10": {
      "accuracy": 0.5837022662162781,
      "test_loss": 2.063051223754883,
      "precision": 1.0,
      "recall": 0.0,
      "f1_score": 0.0,
      "update_norm": 1.0961943864822388,
      "is_attacker": false
    },
    "11": {
      "accuracy": 0.5815789103507996,
      "test_loss": 2.12093186378479,
      "precision": 1.0,
      "recall": 0.0,
      "f1_score": 0.0,
      "update_norm": 1.097533941268921,
      "is_attacker": false
    },
    "12": {
      "accuracy": 0.5855075716972351,
      "test_loss": 2.038862943649292,
      "precision": 1.0,
      "recall": 0.0,
      "f1_score": 0.0,
      "update_norm": 1.0968551635742188,
      "is_attacker": false
    },
    "13": {
      "accuracy": 0.5841407179832458,
      "test_loss": 2.0995748043060303,
      "precision": 1.0,
      "recall": 0.0,
      "f1_score": 0.0,
      "update_norm": 1.1011037826538086,
      "is_attacker": false
    },
    "14": {
      "accuracy": 0.586375892162323,
      "test_loss": 2.057882785797119,
      "precision": 1.0,
      "recall": 0.0,
      "f1_score": 0.0,
      "update_norm": 1.104994535446167,
      "is_attacker": false
    },
    "15": {
      "accuracy": 0.5743489861488342,
      "test_loss": 2.0955750942230225,
      "precision": 1.0,
      "recall": 0.0,
      "f1_score": 0.0,
      "update_norm": 1.09443998336792,
      "is_attacker": false
    },
    "16": {
      "accuracy": 0.5839859843254089,
      "test_loss": 2.0519537925720215,
      "precision": 1.0,
      "recall": 0.0,
      "f1_score": 0.0,
      "update_norm": 1.0985910892486572,
      "is_attacker": false
    },
    "17": {
      "accuracy": 0.5831434726715088,
      "test_loss": 2.0419368743896484,
      "precision": 1.0,
      "recall": 0.0,
      "f1_score": 0.0,
      "update_norm": 1.1002751588821411,
      "is_attacker": false
    },
    "18": {
      "accuracy": 0.583831250667572,
      "test_loss": 2.0429394245147705,
      "precision": 1.0,
      "recall": 0.0,
      "f1_score": 0.0,
      "update_norm": 1.0970121622085571,
      "is_attacker": false
    },
    "19": {
      "accuracy": 0.5831950902938843,
      "test_loss": 2.1467862129211426,
      "precision": 1.0,
      "recall": 0.0,
      "f1_score": 0.0,
      "update_norm": 1.0967789888381958,
      "is_attacker": false
    },
    "20": {
      "accuracy": 0.5837710499763489,
      "test_loss": 2.0768489837646484,
      "precision": 1.0,
      "recall": 0.0,
      "f1_score": 0.0,
      "update_norm": 1.0983388423919678,
      "is_attacker": false
    },
    "21": {
      "accuracy": 0.5809513330459595,
      "test_loss": 2.1057181358337402,
      "precision": 1.0,
      "recall": 0.0,
      "f1_score": 0.0,
      "update_norm": 1.095038652420044,
      "is_attacker": false
    },
    "22": {
      "accuracy": 0.5812522172927856,
      "test_loss": 2.0722947120666504,
      "precision": 1.0,
      "recall": 0.0,
      "f1_score": 0.0,
      "update_norm": 1.100806474685669,
      "is_attacker": false
    },
    "23": {
      "accuracy": 0.5820173025131226,
      "test_loss": 2.0734622478485107,
      "precision": 1.0,
      "recall": 0.0,
      "f1_score": 0.0,
      "update_norm": 1.103073239326477,
      "is_attacker": false
    },
    "24": {
      "accuracy": 0.5775899887084961,
      "test_loss": 2.1544554233551025,
      "precision": 1.0,
      "recall": 0.0,
      "f1_score": 0.0,
      "update_norm": 1.098563313484192,
      "is_attacker": false
    },
    "25": {
      "accuracy": 0.5829371809959412,
      "test_loss": 2.1139259338378906,
      "precision": 1.0,
      "recall": 0.0,
      "f1_score": 0.0,
      "update_norm": 1.0995880365371704,
      "is_attacker": false
    },
    "26": {
      "accuracy": 0.5786387920379639,
      "test_loss": 2.0198464393615723,
      "precision": 1.0,
      "recall": 0.0,
      "f1_score": 0.0,
      "update_norm": 1.0945183038711548,
      "is_attacker": false
    },
    "27": {
      "accuracy": 0.5802807807922363,
      "test_loss": 2.0963003635406494,
      "precision": 1.0,
      "recall": 0.0,
      "f1_score": 0.0,
      "update_norm": 1.100861668586731,
      "is_attacker": false
    },
    "28": {
      "accuracy": 0.5809599161148071,
      "test_loss": 2.111971855163574,
      "precision": 1.0,
      "recall": 0.0,
      "f1_score": 0.0,
      "update_norm": 1.097408413887024,
      "is_attacker": false
    },
    "29": {
      "accuracy": 0.582679271697998,
      "test_loss": 2.025768995285034,
      "precision": 1.0,
      "recall": 0.0,
      "f1_score": 0.0,
      "update_norm": 1.0933973789215088,
      "is_attacker": false
    },
    "30": {
      "accuracy": 0.5850003957748413,
      "test_loss": 2.0417704582214355,
      "precision": 1.0,
      "recall": 0.0,
      "f1_score": 0.0,
      "update_norm": 1.0997430086135864,
      "is_attacker": false
    },
    "31": {
      "accuracy": 0.5838913917541504,
      "test_loss": 2.0239524841308594,
      "precision": 1.0,
      "recall": 0.0,
      "f1_score": 0.0,
      "update_norm": 1.1056689023971558,
      "is_attacker": false
    },
    "32": {
      "accuracy": 0.5806848406791687,
      "test_loss": 2.0873100757598877,
      "precision": 1.0,
      "recall": 0.0,
      "f1_score": 0.0,
      "update_norm": 1.098730444908142,
      "is_attacker": false
    },
    "33": {
      "accuracy": 0.5867369174957275,
      "test_loss": 2.031958818435669,
      "precision": 1.0,
      "recall": 0.0,
      "f1_score": 0.0,
      "update_norm": 1.1005810499191284,
      "is_attacker": false
    },
    "34": {
      "accuracy": 0.5845275521278381,
      "test_loss": 2.0549068450927734,
      "precision": 1.0,