{
  "round": 70,
  "nodes": {
    "0": {
      "accuracy": 0.5062799453735352,
      "test_loss": 2.6042873859405518,
      "precision": 1.0,
      "recall": 0.0,
      "f1_score": 0.0,
      "update_norm": 1.0957975387573242,
      "is_attacker": true
    },
    "1": {
      "accuracy": 0.5300155878067017,
      "test_loss": 2.38680100440979,
      "precision": 1.0,
      "recall": 0.0,
      "f1_score": 0.0,
      "update_norm": 1.1000627279281616,
      "is_attacker": true
    },
    "2": {
      "accuracy": 0.5646776556968689,
      "test_loss": 2.0811386108398438,
      "precision": 1.0,
      "recall": 0.0,
      "f1_score": 0.0,
      "update_norm": 1.0988390445709229,
      "is_attacker": true
    },
    "3": {
      "accuracy": 0.5174815058708191,
      "test_loss": 2.428938388824463,
      "precision": 1.0,
      "recall": 0.0,
      "f1_score": 0.0,
      "update_norm": 1.100516676902771,
      "is_attacker": true
    },
    "4": {
      "accuracy": 0.5027810335159302,
      "test_loss": 2.5585899353027344,
      "precision": 1.0,
      "recall": 0.0,
      "f1_score": 0.0,
      "update_norm": 1.1070231199264526,
      "is_attacker": true
    },
    "5": {
      "accuracy": 0.5650473237037659,
      "test_loss": 2.0792675018310547,
      "precision": 1.0,
      "recall": 0.0,
      "f1_score": 0.0,
      "update_norm": 1.0962486267089844,
      "is_attacker": false
    },
    "6": {
      "accuracy": 0.5603535175323486,
      "test_loss": 2.1256113052368164,
      "precision": 1.0,
      "recall": 0.0,
      "f1_score": 0.0,
      "update_norm": 1.09648859500885,
      "is_attacker": false
    },
    "7": {
      "accuracy": 0.5603018999099731,
      "test_loss": 2.1569156646728516,
      "precision": 1.0,
      "recall": 0.0,
      "f1_score": 0.0,
      "update_norm": 1.0970383882522583,
      "is_attacker": false
    },
    "8": {
      "accuracy": 0.5631044507026672,
      "test_loss": 2.1560685634613037,
      "precision": 1.0,
      "recall": 0.0,
      "f1_score": 0.0,
      "update_norm": 1.096591830253601,
      "is_attacker": false
    },
    "9": {
      "accuracy": 0.5697153806686401,
      "test_loss": 2.1887950897216797,
      "precision": 1.0,
      "recall": 0.0,
      "f1_score": 0.0,
      "update_norm": 1.1018072366714478,
      "is_attacker": false
    },
    "10": {
      "accuracy": 0.5668096542358398,
      "test_loss": 2.103551149368286,
      "precision": 1.0,
      "recall": 0.0,
      "f1_score": 0.0,
      "update_norm": 1.0963102579116821,
      "is_attacker": false
    },
    "11": {
      "accuracy": 0.561763346195221,
      "test_loss": 2.1884944438934326,
      "precision": 1.0,
      "recall": 0.0,
      "f1_score": 0.0,
      "update_norm": 1.0950274467468262,
      "is_attacker": false
    },
    "12": {
      "accuracy": 0.5707899332046509,
      "test_loss": 2.047555446624756,
      "precision": 1.0,
      "recall": 0.0,
      "f1_score": 0.0,
      "update_norm": 1.0972115993499756,
      "is_attacker": false
    },
    "13": {
      "accuracy": 0.5692940950393677,
      "test_loss": 2.1165339946746826,
      "precision": 1.0,
      "recall": 0.0,
      "f1_score": 0.0,
      "update_norm": 1.099173903465271,
      "is_attacker": false
    },
    "14": {
      "accuracy": 0.5708157420158386,
      "test_loss": 2.047835111618042,
      "precision": 1.0,
      "recall": 0.0,
      "f1_score": 0.0,
      "update_norm": 1.0957400798797607,
      "is_attacker": false
    },
    "15": {
      "accuracy": 0.5601127743721008,
      "test_loss": 2.1271562576293945,
      "precision": 1.0,
      "recall": 0.0,
      "f1_score": 0.0,
      "update_norm": 1.1003700494766235,
      "is_attacker": false
    },
    "16": {
      "accuracy": 0.5709447264671326,
      "test_loss": 2.0590403079986572,
      "precision": 1.0,
      "recall": 0.0,
      "f1_score": 0.0,
      "update_norm": 1.1012212038040161,
      "is_attacker": false
    },
    "17": {
      "accuracy": 0.5657264590263367,
      "test_loss": 2.062441825866699,
      "precision": 1.0,
      "recall": 0.0,
      "f1_score": 0.0,
      "update_norm": 1.0985890626907349,
      "is_attacker": false
    },
    "18": {
      "accuracy": 0.5718817710876465,
      "test_loss": 2.0514891147613525,
      "precision": 1.0,
      "recall": 0.0,
      "f1_score": 0.0,
      "update_norm": 1.1009001731872559,
      "is_attacker": false
    },
    "19": {
      "accuracy": 0.5646260976791382,
      "test_loss": 2.1852548122406006,
      "precision": 1.0,
      "recall": 0.0,
      "f1_score": 0.0,
      "update_norm": 1.0971723794937134,
      "is_attacker": false
    },
    "20": {
      "accuracy": 0.5699904561042786,
      "test_loss": 2.099740505218506,
      "precision": 1.0,
      "recall": 0.0,
      "f1_score": 0.0,
      "update_norm": 1.1006320714950562,
      "is_attacker": false
    },
    "21": {
      "accuracy": 0.5648496150970459,
      "test_loss": 2.092466354370117,
      "precision": 1.0,
      "recall": 0.0,
      "f1_score": 0.0,
      "update_norm": 1.1008154153823853,
      "is_attacker": false
    },
    "22": {
      "accuracy": 0.565477192401886,
      "test_loss": 2.0894711017608643,
      "precision": 1.0,
      "recall": 0.0,
      "f1_score": 0.0,
      "update_norm": 1.0984015464782715,
      "is_attacker": false
    },
    "23": {
      "accuracy": 0.5649011731147766,
      "test_loss": 2.0990328788757324,
      "precision": 1.0,
      "recall": 0.0,
      "f1_score": 0.0,
      "update_norm": 1.1036365032196045,
      "is_attacker": false
    },
    "24": {
      "accuracy": 0.5628121495246887,
      "test_loss": 2.155100107192993,
      "precision": 1.0,
      "recall": 0.0,
      "f1_score": 0.0,
      "update_norm": 1.0991648435592651,
      "is_attacker": false
    },
    "25": {
      "accuracy": 0.5650387406349182,
      "test_loss": 2.1350672245025635,
      "precision": 1.0,
      "recall": 0.0,
      "f1_score": 0.0,
      "update_norm": 1.1015243530273438,
      "is_attacker": false
    },
    "26": {
      "accuracy": 0.5644369721412659,
      "test_loss": 2.054689884185791,
      "precision": 1.0,
      "recall": 0.0,
      "f1_score": 0.0,
      "update_norm": 1.1011979579925537,
      "is_attacker": false
    },
    "27": {
      "accuracy": 0.5646776556968689,
      "test_loss": 2.1006829738616943,
      "precision": 1.0,
      "recall": 0.0,
      "f1_score": 0.0,
      "update_norm": 1.1010584831237793,
      "is_attacker": false
    },
    "28": {
      "accuracy": 0.5659672021865845,
      "test_loss": 2.122713565826416,
      "precision": 1.0,
      "recall": 0.0,
      "f1_score": 0.0,
      "update_norm": 1.099907636642456,
      "is_attacker": false
    },
    "29": {
      "accuracy": 0.5619868636131287,
      "test_loss": 2.095926523208618,
      "precision": 1.0,
      "recall": 0.0,
      "f1_score": 0.0,
      "update_norm": 1.0990360975265503,
      "is_attacker": false
    },
    "30": {
      "accuracy": 0.5663454532623291,
      "test_loss": 2.113922119140625,
      "precision": 1.0,
      "recall": 0.0,
      "f1_score": 0.0,
      "update_norm": 1.095749855041504,
      "is_attacker": false
    },
    "31": {
      "accuracy": 0.5666377544403076,
      "test_loss": 2.072385549545288,
      "precision": 1.0,
      "recall": 0.0,
      "f1_score": 0.0,
      "update_norm": 1.1023002862930298,
      "is_attacker": false
    },
    "32": {
      "accuracy": 0.5655975341796875,
      "test_loss": 2.0907726287841797,
      "precision": 1.0,
      "recall": 0.0,
      "f1_score": 0.0,
      "update_norm": 1.0932137966156006,
      "is_attacker": false
    },
    "33": {
      "accuracy": 0.5674887895584106,
      "test_loss": 2.0594215393066406,
      "precision": 1.0,
      "recall": 0.0,
      "f1_score": 0.0,
      "update_norm": 1.0995975732803345,
      "is_attacker": false
    },
    "34": {
      "accuracy": 0.5648410320281982,
      "test_loss": 2.093287229537964,
      "precision": 1.0,