{
  "round": 88,
  "nodes": {
    "0": {
      "accuracy": 0.47210782766342163,
      "test_loss": 3.3185441493988037,
      "precision": 1.0,
      "recall": 0.0,
      "f1_score": 0.0,
      "update_norm": 1.1087368726730347,
      "is_attacker": true
    },
    "1": {
      "accuracy": 0.5234046578407288,
      "test_loss": 2.588421106338501,
      "precision": 1.0,
      "recall": 0.0,
      "f1_score": 0.0,
      "update_norm": 1.1010831594467163,
      "is_attacker": true
    },
    "2": {
      "accuracy": 0.5744693875312805,
      "test_loss": 2.1042745113372803,
      "precision": 1.0,
      "recall": 0.0,
      "f1_score": 0.0,
      "update_norm": 1.1054319143295288,
      "is_attacker": true
    },
    "3": {
      "accuracy": 0.4852007031440735,
      "test_loss": 2.8614261150360107,
      "precision": 1.0,
      "recall": 0.0,
      "f1_score": 0.0,
      "update_norm": 1.0979321002960205,
      "is_attacker": true
    },
    "4": {
      "accuracy": 0.422865629196167,
      "test_loss": 3.47613525390625,
      "precision": 1.0,
      "recall": 0.0,
      "f1_score": 0.0,
      "update_norm": 1.1081469058990479,
      "is_attacker": true
    },
    "5": {
      "accuracy": 0.5796446204185486,
      "test_loss": 2.07365345954895,
      "precision": 1.0,
      "recall": 0.0,
      "f1_score": 0.0,
      "update_norm": 1.0981462001800537,
      "is_attacker": false
    },
    "6": {
      "accuracy": 0.5821290612220764,
      "test_loss": 2.020050525665283,
      "precision": 1.0,
      "recall": 0.0,
      "f1_score": 0.0,
      "update_norm": 1.1019777059555054,
      "is_attacker": false
    },
    "7": {
      "accuracy": 0.5494528412818909,
      "test_loss": 2.322624921798706,
      "precision": 1.0,
      "recall": 0.0,
      "f1_score": 0.0,
      "update_norm": 1.096504807472229,
      "is_attacker": false
    },
    "8": {
      "accuracy": 0.5808911323547363,
      "test_loss": 2.0457005500793457,
      "precision": 1.0,
      "recall": 0.0,
      "f1_score": 0.0,
      "update_norm": 1.1075695753097534,
      "is_attacker": false
    },
    "9": {
      "accuracy": 0.5798595547676086,
      "test_loss": 2.182431697845459,
      "precision": 1.0,
      "recall": 0.0,
      "f1_score": 0.0,
      "update_norm": 1.1046133041381836,
      "is_attacker": false
    },
    "10": {
      "accuracy": 0.581286609172821,
      "test_loss": 2.077502489089966,
      "precision": 1.0,
      "recall": 0.0,
      "f1_score": 0.0,
      "update_norm": 1.0970672369003296,
      "is_attacker": false
    },
    "11": {
      "accuracy": 0.578484058380127,
      "test_loss": 2.1351656913757324,
      "precision": 1.0,
      "recall": 0.0,
      "f1_score": 0.0,
      "update_norm": 1.0986310243606567,
      "is_attacker": false
    },
    "12": {
      "accuracy": 0.5833412408828735,
      "test_loss": 2.055999994277954,
      "precision": 1.0,
      "recall": 0.0,
      "f1_score": 0.0,
      "update_norm": 1.0998597145080566,
      "is_attacker": false
    },
    "13": {
      "accuracy": 0.5814241170883179,
      "test_loss": 2.088601589202881,
      "precision": 1.0,
      "recall": 0.0,
      "f1_score": 0.0,
      "update_norm": 1.0958234071731567,
      "is_attacker": false
    },
    "14": {
      "accuracy": 0.5834013819694519,
      "test_loss": 2.0594520568847656,
      "precision": 1.0,
      "recall": 0.0,
      "f1_score": 0.0,
      "update_norm": 1.0956331491470337,
      "is_attacker": false
    },
    "15": {
      "accuracy": 0.5750453472137451,
      "test_loss": 2.0958783626556396,
      "precision": 1.0,
      "recall": 0.0,
      "f1_score": 0.0,
      "update_norm": 1.0977144241333008,
      "is_attacker": false
    },
    "16": {
      "accuracy": 0.5825589299201965,
      "test_loss": 2.0368716716766357,
      "precision": 1.0,
      "recall": 0.0,
      "f1_score": 0.0,
      "update_norm": 1.0988484621047974,
      "is_attacker": false
    },
    "17": {
      "accuracy": 0.5805988311767578,
      "test_loss": 2.029085636138916,
      "precision": 1.0,
      "recall": 0.0,
      "f1_score": 0.0,
      "update_norm": 1.1006426811218262,
      "is_attacker": false
    },
    "18": {
      "accuracy": 0.5822150707244873,
      "test_loss": 2.0594749450683594,
      "precision": 1.0,
      "recall": 0.0,
      "f1_score": 0.0,
      "update_norm": 1.0972388982772827,
      "is_attacker": false
    },
    "19": {
      "accuracy": 0.5796704292297363,
      "test_loss": 2.1586647033691406,
      "precision": 1.0,
      "recall": 0.0,
      "f1_score": 0.0,
      "update_norm": 1.1038368940353394,
      "is_attacker": false
    },
    "20": {
      "accuracy": 0.580091655254364,
      "test_loss": 2.119027853012085,
      "precision": 1.0,
      "recall": 0.0,
      "f1_score": 0.0,
      "update_norm": 1.0978440046310425,
      "is_attacker": false
    },
    "21": {
      "accuracy": 0.5796102285385132,
      "test_loss": 2.092406988143921,
      "precision": 1.0,
      "recall": 0.0,
      "f1_score": 0.0,
      "update_norm": 1.0996010303497314,
      "is_attacker": false
    },
    "22": {
      "accuracy": 0.5809599161148071,
      "test_loss": 2.0808048248291016,
      "precision": 1.0,
      "recall": 0.0,
      "f1_score": 0.0,
      "update_norm": 1.09969961643219,
      "is_attacker": false
    },
    "23": {
      "accuracy": 0.5802979469299316,
      "test_loss": 2.0471134185791016,
      "precision": 1.0,
      "recall": 0.0,
      "f1_score": 0.0,
      "update_norm": 1.0993865728378296,
      "is_attacker": false
    },
    "24": {
      "accuracy": 0.5760941505432129,
      "test_loss": 2.1525754928588867,
      "precision": 1.0,
      "recall": 0.0,
      "f1_score": 0.0,
      "update_norm": 1.098412036895752,
      "is_attacker": false
    },
    "25": {
      "accuracy": 0.5790772438049316,
      "test_loss": 2.0818469524383545,
      "precision": 1.0,
      "recall": 0.0,
      "f1_score": 0.0,
      "update_norm": 1.0976457595825195,
      "is_attacker": false
    },
    "26": {
      "accuracy": 0.5777275562286377,
      "test_loss": 2.043304443359375,
      "precision": 1.0,
      "recall": 0.0,
      "f1_score": 0.0,
      "update_norm": 1.0979129076004028,
      "is_attacker": false
    },
    "27": {
      "accuracy": 0.5768850445747375,
      "test_loss": 2.103076696395874,
      "precision": 1.0,
      "recall": 0.0,
      "f1_score": 0.0,
      "update_norm": 1.1035348176956177,
      "is_attacker": false
    },
    "28": {
      "accuracy": 0.5797649621963501,
      "test_loss": 2.1205759048461914,
      "precision": 1.0,
      "recall": 0.0,
      "f1_score": 0.0,
      "update_norm": 1.0946317911148071,
      "is_attacker": false
    },
    "29": {
      "accuracy": 0.5791890025138855,
      "test_loss": 2.0475854873657227,
      "precision": 1.0,
      "recall": 0.0,
      "f1_score": 0.0,
      "update_norm": 1.0965828895568848,
      "is_attacker": false
    },
    "30": {
      "accuracy": 0.5814757347106934,
      "test_loss": 2.0760152339935303,
      "precision": 1.0,
      "recall": 0.0,
      "f1_score": 0.0,
      "update_norm": 1.0977905988693237,
      "is_attacker": false
    },
    "31": {
      "accuracy": 0.5817852020263672,
      "test_loss": 2.037881374359131,
      "precision": 1.0,
      "recall": 0.0,
      "f1_score": 0.0,
      "update_norm": 1.1004995107650757,
      "is_attacker": false
    },
    "32": {
      "accuracy": 0.5780284404754639,
      "test_loss": 2.0961992740631104,
      "precision": 1.0,
      "recall": 0.0,
      "f1_score": 0.0,
      "update_norm": 1.1057672500610352,
      "is_attacker": false
    },
    "33": {
      "accuracy": 0.5845447778701782,
      "test_loss": 2.0275633335113525,
      "precision": 1.0,
      "recall": 0.0,
      "f1_score": 0.0,
      "update_norm": 1.0982028245925903,
      "is_attacker": false
    },
    "34": {
      "accuracy": 0.5815960764884949,
      "test_loss": 2.048365831375122,
      "precision": 1.0,