{
  "round": 51,
  "nodes": {
    "0": {
      "accuracy": 0.5188053846359253,
      "test_loss": 2.338848829269409,
      "precision": 1.0,
      "recall": 0.0,
      "f1_score": 0.0,
      "update_norm": 1.0980764627456665,
      "is_attacker": true
    },
    "1": {
      "accuracy": 0.530815064907074,
      "test_loss": 2.2582404613494873,
      "precision": 1.0,
      "recall": 0.0,
      "f1_score": 0.0,
      "update_norm": 1.0943278074264526,
      "is_attacker": true
    },
    "2": {
      "accuracy": 0.5463150143623352,
      "test_loss": 2.1114511489868164,
      "precision": 1.0,
      "recall": 0.0,
      "f1_score": 0.0,
      "update_norm": 1.0966750383377075,
      "is_attacker": true
    },
    "3": {
      "accuracy": 0.5180746912956238,
      "test_loss": 2.2924208641052246,
      "precision": 1.0,
      "recall": 0.0,
      "f1_score": 0.0,
      "update_norm": 1.100603699684143,
      "is_attacker": true
    },
    "4": {
      "accuracy": 0.5116271376609802,
      "test_loss": 2.322895050048828,
      "precision": 1.0,
      "recall": 0.0,
      "f1_score": 0.0,
      "update_norm": 1.0957688093185425,
      "is_attacker": true
    },
    "5": {
      "accuracy": 0.5407357215881348,
      "test_loss": 2.143623113632202,
      "precision": 1.0,
      "recall": 0.0,
      "f1_score": 0.0,
      "update_norm": 1.098528504371643,
      "is_attacker": false
    },
    "6": {
      "accuracy": 0.5428504943847656,
      "test_loss": 2.139073610305786,
      "precision": 1.0,
      "recall": 0.0,
      "f1_score": 0.0,
      "update_norm": 1.1038060188293457,
      "is_attacker": false
    },
    "7": {
      "accuracy": 0.5387756824493408,
      "test_loss": 2.212437391281128,
      "precision": 1.0,
      "recall": 0.0,
      "f1_score": 0.0,
      "update_norm": 1.0960803031921387,
      "is_attacker": false
    },
    "8": {
      "accuracy": 0.5458765625953674,
      "test_loss": 2.112666130065918,
      "precision": 1.0,
      "recall": 0.0,
      "f1_score": 0.0,
      "update_norm": 1.0984625816345215,
      "is_attacker": false
    },
    "9": {
      "accuracy": 0.5497193336486816,
      "test_loss": 2.1645007133483887,
      "precision": 1.0,
      "recall": 0.0,
      "f1_score": 0.0,
      "update_norm": 1.1008847951889038,
      "is_attacker": false
    },
    "10": {
      "accuracy": 0.5471059083938599,
      "test_loss": 2.1465015411376953,
      "precision": 1.0,
      "recall": 0.0,
      "f1_score": 0.0,
      "update_norm": 1.0970702171325684,
      "is_attacker": false
    },
    "11": {
      "accuracy": 0.545403778553009,
      "test_loss": 2.143778085708618,
      "precision": 1.0,
      "recall": 0.0,
      "f1_score": 0.0,
      "update_norm": 1.1000522375106812,
      "is_attacker": false
    },
    "12": {
      "accuracy": 0.5450942516326904,
      "test_loss": 2.0897598266601562,
      "precision": 1.0,
      "recall": 0.0,
      "f1_score": 0.0,
      "update_norm": 1.0999822616577148,
      "is_attacker": false
    },
    "13": {
      "accuracy": 0.5473208427429199,
      "test_loss": 2.146195411682129,
      "precision": 1.0,
      "recall": 0.0,
      "f1_score": 0.0,
      "update_norm": 1.1007680892944336,
      "is_attacker": false
    },
    "14": {
      "accuracy": 0.5486876964569092,
      "test_loss": 2.0719046592712402,
      "precision": 1.0,
      "recall": 0.0,
      "f1_score": 0.0,
      "update_norm": 1.100629210472107,
      "is_attacker": false
    },
    "15": {
      "accuracy": 0.5413030982017517,
      "test_loss": 2.141453504562378,
      "precision": 1.0,
      "recall": 0.0,
      "f1_score": 0.0,
      "update_norm": 1.0947234630584717,
      "is_attacker": false
    },
    "16": {
      "accuracy": 0.5512237548828125,
      "test_loss": 2.097123384475708,
      "precision": 1.0,
      "recall": 0.0,
      "f1_score": 0.0,
      "update_norm": 1.096370816230774,
      "is_attacker": false
    },
    "17": {
      "accuracy": 0.5447676181793213,
      "test_loss": 2.1322505474090576,
      "precision": 1.0,
      "recall": 0.0,
      "f1_score": 0.0,
      "update_norm": 1.1000386476516724,
      "is_attacker": false
    },
    "18": {
      "accuracy": 0.5522725582122803,
      "test_loss": 2.0675692558288574,
      "precision": 1.0,
      "recall": 0.0,
      "f1_score": 0.0,
      "update_norm": 1.0988844633102417,
      "is_attacker": false
    },
    "19": {
      "accuracy": 0.5461516380310059,
      "test_loss": 2.1521592140197754,
      "precision": 1.0,
      "recall": 0.0,
      "f1_score": 0.0,
      "update_norm": 1.0993634462356567,
      "is_attacker": false
    },
    "20": {
      "accuracy": 0.5479311943054199,
      "test_loss": 2.1559226512908936,
      "precision": 1.0,
      "recall": 0.0,
      "f1_score": 0.0,
      "update_norm": 1.0984634160995483,
      "is_attacker": false
    },
    "21": {
      "accuracy": 0.5480773448944092,
      "test_loss": 2.1054766178131104,
      "precision": 1.0,
      "recall": 0.0,
      "f1_score": 0.0,
      "update_norm": 1.0926240682601929,
      "is_attacker": false
    },
    "22": {
      "accuracy": 0.542644202709198,
      "test_loss": 2.109299421310425,
      "precision": 1.0,
      "recall": 0.0,
      "f1_score": 0.0,
      "update_norm": 1.1012340784072876,
      "is_attacker": false
    },
    "23": {
      "accuracy": 0.5470199584960938,
      "test_loss": 2.1289708614349365,
      "precision": 1.0,
      "recall": 0.0,
      "f1_score": 0.0,
      "update_norm": 1.108412265777588,
      "is_attacker": false
    },
    "24": {
      "accuracy": 0.5469253659248352,
      "test_loss": 2.1766345500946045,
      "precision": 1.0,
      "recall": 0.0,
      "f1_score": 0.0,
      "update_norm": 1.1032248735427856,
      "is_attacker": false
    },
    "25": {
      "accuracy": 0.545627236366272,
      "test_loss": 2.159576654434204,
      "precision": 1.0,
      "recall": 0.0,
      "f1_score": 0.0,
      "update_norm": 1.099312424659729,
      "is_attacker": false
    },
    "26": {
      "accuracy": 0.5427731275558472,
      "test_loss": 2.1379497051239014,
      "precision": 1.0,
      "recall": 0.0,
      "f1_score": 0.0,
      "update_norm": 1.1005640029907227,
      "is_attacker": false
    },
    "27": {
      "accuracy": 0.5421541929244995,
      "test_loss": 2.127751350402832,
      "precision": 1.0,
      "recall": 0.0,
      "f1_score": 0.0,
      "update_norm": 1.0967193841934204,
      "is_attacker": false
    },
    "28": {
      "accuracy": 0.5476990938186646,
      "test_loss": 2.187922954559326,
      "precision": 1.0,
      "recall": 0.0,
      "f1_score": 0.0,
      "update_norm": 1.1000009775161743,
      "is_attacker": false
    },
    "29": {
      "accuracy": 0.5443893074989319,
      "test_loss": 2.123745918273926,
      "precision": 1.0,
      "recall": 0.0,
      "f1_score": 0.0,
      "update_norm": 1.1041876077651978,
      "is_attacker": false
    },
    "30": {
      "accuracy": 0.5452920198440552,
      "test_loss": 2.125826835632324,
      "precision": 1.0,
      "recall": 0.0,
      "f1_score": 0.0,
      "update_norm": 1.1027010679244995,
      "is_attacker": false
    },
    "31": {
      "accuracy": 0.5439938902854919,
      "test_loss": 2.1144278049468994,
      "precision": 1.0,
      "recall": 0.0,
      "f1_score": 0.0,
      "update_norm": 1.1009777784347534,
      "is_attacker": false
    },
    "32": {
      "accuracy": 0.5455929040908813,
      "test_loss": 2.0921578407287598,
      "precision": 1.0,
      "recall": 0.0,
      "f1_score": 0.0,
      "update_norm": 1.099871277809143,
      "is_attacker": false
    },
    "33": {
      "accuracy": 0.5470285415649414,
      "test_loss": 2.1059420108795166,
      "precision": 1.0,
      "recall": 0.0,
      "f1_score": 0.0,
      "update_norm": 1.1005314588546753,
      "is_attacker": false
    },
    "34": {
      "accuracy": 0.542446494102478,
      "test_loss": 2.1349918842315674,
      "precision": 1.0,