{
  "round": 11,
  "nodes": {
    "0": {
      "accuracy": 0.39292314648628235,
      "test_loss": 2.6176624298095703,
      "precision": 1.0,
      "recall": 0.0,
      "f1_score": 0.0,
      "update_norm": 1.1030455827713013,
      "is_attacker": true
    },
    "1": {
      "accuracy": 0.39029255509376526,
      "test_loss": 2.620866298675537,
      "precision": 1.0,
      "recall": 0.0,
      "f1_score": 0.0,
      "update_norm": 1.106752872467041,
      "is_attacker": true
    },
    "2": {
      "accuracy": 0.37964117527008057,
      "test_loss": 2.6246178150177,
      "precision": 1.0,
      "recall": 0.0,
      "f1_score": 0.0,
      "update_norm": 1.1064022779464722,
      "is_attacker": true
    },
    "3": {
      "accuracy": 0.3790823817253113,
      "test_loss": 2.6327931880950928,
      "precision": 1.0,
      "recall": 0.0,
      "f1_score": 0.0,
      "update_norm": 1.0999584197998047,
      "is_attacker": true
    },
    "4": {
      "accuracy": 0.3862262964248657,
      "test_loss": 2.625195264816284,
      "precision": 1.0,
      "recall": 0.0,
      "f1_score": 0.0,
      "update_norm": 1.107622742652893,
      "is_attacker": true
    },
    "5": {
      "accuracy": 0.3809220790863037,
      "test_loss": 2.6585283279418945,
      "precision": 1.0,
      "recall": 0.0,
      "f1_score": 0.0,
      "update_norm": 1.1046648025512695,
      "is_attacker": false
    },
    "6": {
      "accuracy": 0.3819536864757538,
      "test_loss": 2.6524927616119385,
      "precision": 1.0,
      "recall": 0.0,
      "f1_score": 0.0,
      "update_norm": 1.10128915309906,
      "is_attacker": false
    },
    "7": {
      "accuracy": 0.38338935375213623,
      "test_loss": 2.6341910362243652,
      "precision": 1.0,
      "recall": 0.0,
      "f1_score": 0.0,
      "update_norm": 1.102983832359314,
      "is_attacker": false
    },
    "8": {
      "accuracy": 0.3801226019859314,
      "test_loss": 2.647033452987671,
      "precision": 1.0,
      "recall": 0.0,
      "f1_score": 0.0,
      "update_norm": 1.1097897291183472,
      "is_attacker": false
    },
    "9": {
      "accuracy": 0.3812315762042999,
      "test_loss": 2.6313698291778564,
      "precision": 1.0,
      "recall": 0.0,
      "f1_score": 0.0,
      "update_norm": 1.0995590686798096,
      "is_attacker": false
    },
    "10": {
      "accuracy": 0.364734411239624,
      "test_loss": 2.669663190841675,
      "precision": 1.0,
      "recall": 0.0,
      "f1_score": 0.0,
      "update_norm": 1.1056479215621948,
      "is_attacker": false
    },
    "11": {
      "accuracy": 0.38509151339530945,
      "test_loss": 2.621959924697876,
      "precision": 1.0,
      "recall": 0.0,
      "f1_score": 0.0,
      "update_norm": 1.1083571910858154,
      "is_attacker": false
    },
    "12": {
      "accuracy": 0.3941181004047394,
      "test_loss": 2.605813503265381,
      "precision": 1.0,
      "recall": 0.0,
      "f1_score": 0.0,
      "update_norm": 1.1061080694198608,
      "is_attacker": false
    },
    "13": {
      "accuracy": 0.38563311100006104,
      "test_loss": 2.6277577877044678,
      "precision": 1.0,
      "recall": 0.0,
      "f1_score": 0.0,
      "update_norm": 1.097594976425171,
      "is_attacker": false
    },
    "14": {
      "accuracy": 0.39654240012168884,
      "test_loss": 2.613360643386841,
      "precision": 1.0,
      "recall": 0.0,
      "f1_score": 0.0,
      "update_norm": 1.101001501083374,
      "is_attacker": false
    },
    "15": {
      "accuracy": 0.3829251229763031,
      "test_loss": 2.673999547958374,
      "precision": 1.0,
      "recall": 0.0,
      "f1_score": 0.0,
      "update_norm": 1.1075048446655273,
      "is_attacker": false
    },
    "16": {
      "accuracy": 0.3997231721878052,
      "test_loss": 2.593082904815674,
      "precision": 1.0,
      "recall": 0.0,
      "f1_score": 0.0,
      "update_norm": 1.110063910484314,
      "is_attacker": false
    },
    "17": {
      "accuracy": 0.3747238218784332,
      "test_loss": 2.64788556098938,
      "precision": 1.0,
      "recall": 0.0,
      "f1_score": 0.0,
      "update_norm": 1.1109485626220703,
      "is_attacker": false
    },
    "18": {
      "accuracy": 0.3922697901725769,
      "test_loss": 2.6108691692352295,
      "precision": 1.0,
      "recall": 0.0,
      "f1_score": 0.0,
      "update_norm": 1.1006675958633423,
      "is_attacker": false
    },
    "19": {
      "accuracy": 0.3861747086048126,
      "test_loss": 2.6551623344421387,
      "precision": 1.0,
      "recall": 0.0,
      "f1_score": 0.0,
      "update_norm": 1.103710651397705,
      "is_attacker": false
    },
    "20": {
      "accuracy": 0.37811094522476196,
      "test_loss": 2.620480537414551,
      "precision": 1.0,
      "recall": 0.0,
      "f1_score": 0.0,
      "update_norm": 1.10662841796875,
      "is_attacker": false
    },
    "21": {
      "accuracy": 0.4098759591579437,
      "test_loss": 2.612222909927368,
      "precision": 1.0,
      "recall": 0.0,
      "f1_score": 0.0,
      "update_norm": 1.103648066520691,
      "is_attacker": false
    },
    "22": {
      "accuracy": 0.3981328010559082,
      "test_loss": 2.618804454803467,
      "precision": 1.0,
      "recall": 0.0,
      "f1_score": 0.0,
      "update_norm": 1.1055357456207275,
      "is_attacker": false
    },
    "23": {
      "accuracy": 0.3655253052711487,
      "test_loss": 2.655111312866211,
      "precision": 1.0,
      "recall": 0.0,
      "f1_score": 0.0,
      "update_norm": 1.1136174201965332,
      "is_attacker": false
    },
    "24": {
      "accuracy": 0.3744143545627594,
      "test_loss": 2.6624574661254883,
      "precision": 1.0,
      "recall": 0.0,
      "f1_score": 0.0,
      "update_norm": 1.1062406301498413,
      "is_attacker": false
    },
    "25": {
      "accuracy": 0.39457371830940247,
      "test_loss": 2.6350433826446533,
      "precision": 1.0,
      "recall": 0.0,
      "f1_score": 0.0,
      "update_norm": 1.1043615341186523,
      "is_attacker": false
    },
    "26": {
      "accuracy": 0.38425764441490173,
      "test_loss": 2.6303160190582275,
      "precision": 1.0,
      "recall": 0.0,
      "f1_score": 0.0,
      "update_norm": 1.1053329706192017,
      "is_attacker": false
    },
    "27": {
      "accuracy": 0.37598755955696106,
      "test_loss": 2.6616902351379395,
      "precision": 1.0,
      "recall": 0.0,
      "f1_score": 0.0,
      "update_norm": 1.1074960231781006,
      "is_attacker": false
    },
    "28": {
      "accuracy": 0.39379143714904785,
      "test_loss": 2.6320173740386963,
      "precision": 1.0,
      "recall": 0.0,
      "f1_score": 0.0,
      "update_norm": 1.1002784967422485,
      "is_attacker": false
    },
    "29": {
      "accuracy": 0.3901120126247406,
      "test_loss": 2.6469924449920654,
      "precision": 1.0,
      "recall": 0.0,
      "f1_score": 0.0,
      "update_norm": 1.1096656322479248,
      "is_attacker": false
    },
    "30": {
      "accuracy": 0.38381919264793396,
      "test_loss": 2.622284412384033,
      "precision": 1.0,
      "recall": 0.0,
      "f1_score": 0.0,
      "update_norm": 1.1060563325881958,
      "is_attacker": false
    },
    "31": {
      "accuracy": 0.3921494483947754,
      "test_loss": 2.6194865703582764,
      "precision": 1.0,
      "recall": 0.0,
      "f1_score": 0.0,
      "update_norm": 1.105312705039978,
      "is_attacker": false
    },
    "32": {
      "accuracy": 0.38237494230270386,
      "test_loss": 2.6172373294830322,
      "precision": 1.0,
      "recall": 0.0,
      "f1_score": 0.0,
      "update_norm": 1.1134471893310547,
      "is_attacker": false
    },
    "33": {
      "accuracy": 0.3904128968715668,
      "test_loss": 2.6177175045013428,
      "precision": 1.0,
      "recall": 0.0,
      "f1_score": 0.0,
      "update_norm": 1.1096628904342651,
      "is_attacker": false
    },
    "34": {
      "accuracy": 0.39198610186576843,
      "test_loss": 2.6215221881866455,
      "precision": 1.0,