{
  "round": 4,
  "nodes": {
    "0": {
      "accuracy": 0.2530798017978668,
      "test_loss": 3.486626625061035,
      "precision": 1.0,
      "recall": 0.0,
      "f1_score": 0.0,
      "update_norm": 1.114803671836853,
      "is_attacker": true
    },
    "1": {
      "accuracy": 0.2541457712650299,
      "test_loss": 3.487757682800293,
      "precision": 1.0,
      "recall": 0.0,
      "f1_score": 0.0,
      "update_norm": 1.1122691631317139,
      "is_attacker": true
    },
    "2": {
      "accuracy": 0.2425917536020279,
      "test_loss": 3.4893929958343506,
      "precision": 1.0,
      "recall": 0.0,
      "f1_score": 0.0,
      "update_norm": 1.1085587739944458,
      "is_attacker": true
    },
    "3": {
      "accuracy": 0.23360814154148102,
      "test_loss": 3.4920096397399902,
      "precision": 1.0,
      "recall": 0.0,
      "f1_score": 0.0,
      "update_norm": 1.1147321462631226,
      "is_attacker": true
    },
    "4": {
      "accuracy": 0.2476552426815033,
      "test_loss": 3.489658832550049,
      "precision": 1.0,
      "recall": 0.0,
      "f1_score": 0.0,
      "update_norm": 1.1143314838409424,
      "is_attacker": true
    },
    "5": {
      "accuracy": 0.260275274515152,
      "test_loss": 3.48793888092041,
      "precision": 1.0,
      "recall": 0.0,
      "f1_score": 0.0,
      "update_norm": 1.1110719442367554,
      "is_attacker": false
    },
    "6": {
      "accuracy": 0.268571138381958,
      "test_loss": 3.4946823120117188,
      "precision": 1.0,
      "recall": 0.0,
      "f1_score": 0.0,
      "update_norm": 1.1089707612991333,
      "is_attacker": false
    },
    "7": {
      "accuracy": 0.22850167751312256,
      "test_loss": 3.494007110595703,
      "precision": 1.0,
      "recall": 0.0,
      "f1_score": 0.0,
      "update_norm": 1.1104300022125244,
      "is_attacker": false
    },
    "8": {
      "accuracy": 0.24432829022407532,
      "test_loss": 3.4951422214508057,
      "precision": 1.0,
      "recall": 0.0,
      "f1_score": 0.0,
      "update_norm": 1.1087616682052612,
      "is_attacker": false
    },
    "9": {
      "accuracy": 0.23457957804203033,
      "test_loss": 3.4892117977142334,
      "precision": 1.0,
      "recall": 0.0,
      "f1_score": 0.0,
      "update_norm": 1.1114528179168701,
      "is_attacker": false
    },
    "10": {
      "accuracy": 0.18444332480430603,
      "test_loss": 3.5075464248657227,
      "precision": 1.0,
      "recall": 0.0,
      "f1_score": 0.0,
      "update_norm": 1.1136174201965332,
      "is_attacker": false
    },
    "11": {
      "accuracy": 0.24858368933200836,
      "test_loss": 3.4938805103302,
      "precision": 1.0,
      "recall": 0.0,
      "f1_score": 0.0,
      "update_norm": 1.111090064048767,
      "is_attacker": false
    },
    "12": {
      "accuracy": 0.22437523305416107,
      "test_loss": 3.4868690967559814,
      "precision": 1.0,
      "recall": 0.0,
      "f1_score": 0.0,
      "update_norm": 1.113556146621704,
      "is_attacker": false
    },
    "13": {
      "accuracy": 0.2231888771057129,
      "test_loss": 3.485490560531616,
      "precision": 1.0,
      "recall": 0.0,
      "f1_score": 0.0,
      "update_norm": 1.1095162630081177,
      "is_attacker": false
    },
    "14": {
      "accuracy": 0.22080758213996887,
      "test_loss": 3.487072229385376,
      "precision": 1.0,
      "recall": 0.0,
      "f1_score": 0.0,
      "update_norm": 1.116742491722107,
      "is_attacker": false
    },
    "15": {
      "accuracy": 0.22876816987991333,
      "test_loss": 3.4981889724731445,
      "precision": 1.0,
      "recall": 0.0,
      "f1_score": 0.0,
      "update_norm": 1.1109933853149414,
      "is_attacker": false
    },
    "16": {
      "accuracy": 0.23863723874092102,
      "test_loss": 3.480164051055908,
      "precision": 1.0,
      "recall": 0.0,
      "f1_score": 0.0,
      "update_norm": 1.10939359664917,
      "is_attacker": false
    },
    "17": {
      "accuracy": 0.24296140670776367,
      "test_loss": 3.486067295074463,
      "precision": 1.0,
      "recall": 0.0,
      "f1_score": 0.0,
      "update_norm": 1.1053916215896606,
      "is_attacker": false
    },
    "18": {
      "accuracy": 0.26992082595825195,
      "test_loss": 3.4800984859466553,
      "precision": 1.0,
      "recall": 0.0,
      "f1_score": 0.0,
      "update_norm": 1.1095424890518188,
      "is_attacker": false
    },
    "19": {
      "accuracy": 0.24280667304992676,
      "test_loss": 3.493557929992676,
      "precision": 1.0,
      "recall": 0.0,
      "f1_score": 0.0,
      "update_norm": 1.1089824438095093,
      "is_attacker": false
    },
    "20": {
      "accuracy": 0.2277107685804367,
      "test_loss": 3.4938323497772217,
      "precision": 1.0,
      "recall": 0.0,
      "f1_score": 0.0,
      "update_norm": 1.1094862222671509,
      "is_attacker": false
    },
    "21": {
      "accuracy": 0.23539626598358154,
      "test_loss": 3.4965879917144775,
      "precision": 1.0,
      "recall": 0.0,
      "f1_score": 0.0,
      "update_norm": 1.1083711385726929,
      "is_attacker": false
    },
    "22": {
      "accuracy": 0.2190280556678772,
      "test_loss": 3.4827027320861816,
      "precision": 1.0,
      "recall": 0.0,
      "f1_score": 0.0,
      "update_norm": 1.1100387573242188,
      "is_attacker": false
    },
    "23": {
      "accuracy": 0.2425229698419571,
      "test_loss": 3.4756765365600586,
      "precision": 1.0,
      "recall": 0.0,
      "f1_score": 0.0,
      "update_norm": 1.112048625946045,
      "is_attacker": false
    },
    "24": {
      "accuracy": 0.24404460191726685,
      "test_loss": 3.4833340644836426,
      "precision": 1.0,
      "recall": 0.0,
      "f1_score": 0.0,
      "update_norm": 1.1141403913497925,
      "is_attacker": false
    },
    "25": {
      "accuracy": 0.23563697934150696,
      "test_loss": 3.4919445514678955,
      "precision": 1.0,
      "recall": 0.0,
      "f1_score": 0.0,
      "update_norm": 1.109986662864685,
      "is_attacker": false
    },
    "26": {
      "accuracy": 0.2509821951389313,
      "test_loss": 3.4920544624328613,
      "precision": 1.0,
      "recall": 0.0,
      "f1_score": 0.0,
      "update_norm": 1.1141551733016968,
      "is_attacker": false
    },
    "27": {
      "accuracy": 0.21808241307735443,
      "test_loss": 3.505368709564209,
      "precision": 1.0,
      "recall": 0.0,
      "f1_score": 0.0,
      "update_norm": 1.1153995990753174,
      "is_attacker": false
    },
    "28": {
      "accuracy": 0.2360840141773224,
      "test_loss": 3.4957807064056396,
      "precision": 1.0,
      "recall": 0.0,
      "f1_score": 0.0,
      "update_norm": 1.1040596961975098,
      "is_attacker": false
    },
    "29": {
      "accuracy": 0.20949424803256989,
      "test_loss": 3.4977874755859375,
      "precision": 1.0,
      "recall": 0.0,
      "f1_score": 0.0,
      "update_norm": 1.1166759729385376,
      "is_attacker": false
    },
    "30": {
      "accuracy": 0.20942547917366028,
      "test_loss": 3.493366003036499,
      "precision": 1.0,
      "recall": 0.0,
      "f1_score": 0.0,
      "update_norm": 1.1064720153808594,
      "is_attacker": false
    },
    "31": {
      "accuracy": 0.2047918289899826,
      "test_loss": 3.489100456237793,
      "precision": 1.0,
      "recall": 0.0,
      "f1_score": 0.0,
      "update_norm": 1.109575867652893,
      "is_attacker": false
    },
    "32": {
      "accuracy": 0.25357839465141296,
      "test_loss": 3.4943833351135254,
      "precision": 1.0,
      "recall": 0.0,
      "f1_score": 0.0,
      "update_norm": 1.111238956451416,
      "is_attacker": false
    },
    "33": {
      "accuracy": 0.2596133053302765,
      "test_loss": 3.4967305660247803,
      "precision": 1.0,
      "recall": 0.0,
      "f1_score": 0.0,
      "update_norm": 1.115756630897522,
      "is_attacker": false
    },
    "34": {
      "accuracy": 0.22814060747623444,
      "test_loss": 3.4946398735046387,