{
  "round": 62,
  "nodes": {
    "0": {
      "accuracy": 0.5142748951911926,
      "test_loss": 2.467167854309082,
      "precision": 1.0,
      "recall": 0.0,
      "f1_score": 0.0,
      "update_norm": 1.1029294729232788,
      "is_attacker": true
    },
    "1": {
      "accuracy": 0.5340302586555481,
      "test_loss": 2.3097293376922607,
      "precision": 1.0,
      "recall": 0.0,
      "f1_score": 0.0,
      "update_norm": 1.0984797477722168,
      "is_attacker": true
    },
    "2": {
      "accuracy": 0.5578948259353638,
      "test_loss": 2.078108310699463,
      "precision": 1.0,
      "recall": 0.0,
      "f1_score": 0.0,
      "update_norm": 1.1011847257614136,
      "is_attacker": true
    },
    "3": {
      "accuracy": 0.517593264579773,
      "test_loss": 2.376608371734619,
      "precision": 1.0,
      "recall": 0.0,
      "f1_score": 0.0,
      "update_norm": 1.1013338565826416,
      "is_attacker": true
    },
    "4": {
      "accuracy": 0.5073459148406982,
      "test_loss": 2.463968276977539,
      "precision": 1.0,
      "recall": 0.0,
      "f1_score": 0.0,
      "update_norm": 1.096449613571167,
      "is_attacker": true
    },
    "5": {
      "accuracy": 0.5562442541122437,
      "test_loss": 2.122532367706299,
      "precision": 1.0,
      "recall": 0.0,
      "f1_score": 0.0,
      "update_norm": 1.0930954217910767,
      "is_attacker": false
    },
    "6": {
      "accuracy": 0.5597431063652039,
      "test_loss": 2.133451223373413,
      "precision": 1.0,
      "recall": 0.0,
      "f1_score": 0.0,
      "update_norm": 1.094918131828308,
      "is_attacker": false
    },
    "7": {
      "accuracy": 0.5553501844406128,
      "test_loss": 2.092099189758301,
      "precision": 1.0,
      "recall": 0.0,
      "f1_score": 0.0,
      "update_norm": 1.10186767578125,
      "is_attacker": false
    },
    "8": {
      "accuracy": 0.5601385831832886,
      "test_loss": 2.101330280303955,
      "precision": 1.0,
      "recall": 0.0,
      "f1_score": 0.0,
      "update_norm": 1.0969371795654297,
      "is_attacker": false
    },
    "9": {
      "accuracy": 0.5610240697860718,
      "test_loss": 2.1991732120513916,
      "precision": 1.0,
      "recall": 0.0,
      "f1_score": 0.0,
      "update_norm": 1.102251410484314,
      "is_attacker": false
    },
    "10": {
      "accuracy": 0.5604824423789978,
      "test_loss": 2.107255220413208,
      "precision": 1.0,
      "recall": 0.0,
      "f1_score": 0.0,
      "update_norm": 1.0995677709579468,
      "is_attacker": false
    },
    "11": {
      "accuracy": 0.5565537214279175,
      "test_loss": 2.147181987762451,
      "precision": 1.0,
      "recall": 0.0,
      "f1_score": 0.0,
      "update_norm": 1.0985112190246582,
      "is_attacker": false
    },
    "12": {
      "accuracy": 0.563130259513855,
      "test_loss": 2.0636403560638428,
      "precision": 1.0,
      "recall": 0.0,
      "f1_score": 0.0,
      "update_norm": 1.0967164039611816,
      "is_attacker": false
    },
    "13": {
      "accuracy": 0.560757577419281,
      "test_loss": 2.139552116394043,
      "precision": 1.0,
      "recall": 0.0,
      "f1_score": 0.0,
      "update_norm": 1.097834587097168,
      "is_attacker": false
    },
    "14": {
      "accuracy": 0.5614452958106995,
      "test_loss": 2.0985612869262695,
      "precision": 1.0,
      "recall": 0.0,
      "f1_score": 0.0,
      "update_norm": 1.1003515720367432,
      "is_attacker": false
    },
    "15": {
      "accuracy": 0.5509486794471741,
      "test_loss": 2.1582682132720947,
      "precision": 1.0,
      "recall": 0.0,
      "f1_score": 0.0,
      "update_norm": 1.0998824834823608,
      "is_attacker": false
    },
    "16": {
      "accuracy": 0.5618751049041748,
      "test_loss": 2.0775725841522217,
      "precision": 1.0,
      "recall": 0.0,
      "f1_score": 0.0,
      "update_norm": 1.09913969039917,
      "is_attacker": false
    },
    "17": {
      "accuracy": 0.5575509667396545,
      "test_loss": 2.0757787227630615,
      "precision": 1.0,
      "recall": 0.0,
      "f1_score": 0.0,
      "update_norm": 1.0963877439498901,
      "is_attacker": false
    },
    "18": {
      "accuracy": 0.5621158480644226,
      "test_loss": 2.085273027420044,
      "precision": 1.0,
      "recall": 0.0,
      "f1_score": 0.0,
      "update_norm": 1.1034818887710571,
      "is_attacker": false
    },
    "19": {
      "accuracy": 0.5575595498085022,
      "test_loss": 2.1627838611602783,
      "precision": 1.0,
      "recall": 0.0,
      "f1_score": 0.0,
      "update_norm": 1.1005901098251343,
      "is_attacker": false
    },
    "20": {
      "accuracy": 0.5624855160713196,
      "test_loss": 2.1042425632476807,
      "precision": 1.0,
      "recall": 0.0,
      "f1_score": 0.0,
      "update_norm": 1.0975136756896973,
      "is_attacker": false
    },
    "21": {
      "accuracy": 0.5589608550071716,
      "test_loss": 2.1156563758850098,
      "precision": 1.0,
      "recall": 0.0,
      "f1_score": 0.0,
      "update_norm": 1.0979359149932861,
      "is_attacker": false
    },
    "22": {
      "accuracy": 0.5568804144859314,
      "test_loss": 2.0926620960235596,
      "precision": 1.0,
      "recall": 0.0,
      "f1_score": 0.0,
      "update_norm": 1.1003649234771729,
      "is_attacker": false
    },
    "23": {
      "accuracy": 0.5585911870002747,
      "test_loss": 2.111453056335449,
      "precision": 1.0,
      "recall": 0.0,
      "f1_score": 0.0,
      "update_norm": 1.0999135971069336,
      "is_attacker": false
    },
    "24": {
      "accuracy": 0.5583246946334839,
      "test_loss": 2.1570067405700684,
      "precision": 1.0,
      "recall": 0.0,
      "f1_score": 0.0,
      "update_norm": 1.0987637042999268,
      "is_attacker": false
    },
    "25": {
      "accuracy": 0.5565623044967651,
      "test_loss": 2.128889799118042,
      "precision": 1.0,
      "recall": 0.0,
      "f1_score": 0.0,
      "update_norm": 1.0990216732025146,
      "is_attacker": false
    },
    "26": {
      "accuracy": 0.5527969598770142,
      "test_loss": 2.144045829772949,
      "precision": 1.0,
      "recall": 0.0,
      "f1_score": 0.0,
      "update_norm": 1.1004056930541992,
      "is_attacker": false
    },
    "27": {
      "accuracy": 0.557017982006073,
      "test_loss": 2.1725895404815674,
      "precision": 1.0,
      "recall": 0.0,
      "f1_score": 0.0,
      "update_norm": 1.096821665763855,
      "is_attacker": false
    },
    "28": {
      "accuracy": 0.5582472681999207,
      "test_loss": 2.149526596069336,
      "precision": 1.0,
      "recall": 0.0,
      "f1_score": 0.0,
      "update_norm": 1.09730064868927,
      "is_attacker": false
    },
    "29": {
      "accuracy": 0.5558745861053467,
      "test_loss": 2.1090211868286133,
      "precision": 1.0,
      "recall": 0.0,
      "f1_score": 0.0,
      "update_norm": 1.097205400466919,
      "is_attacker": false
    },
    "30": {
      "accuracy": 0.5586255788803101,
      "test_loss": 2.1076247692108154,
      "precision": 1.0,
      "recall": 0.0,
      "f1_score": 0.0,
      "update_norm": 1.0970388650894165,
      "is_attacker": false
    },
    "31": {
      "accuracy": 0.562760591506958,
      "test_loss": 2.0615012645721436,
      "precision": 1.0,
      "recall": 0.0,
      "f1_score": 0.0,
      "update_norm": 1.0943397283554077,
      "is_attacker": false
    },
    "32": {
      "accuracy": 0.5567256808280945,
      "test_loss": 2.128873348236084,
      "precision": 1.0,
      "recall": 0.0,
      "f1_score": 0.0,
      "update_norm": 1.0998640060424805,
      "is_attacker": false
    },
    "33": {
      "accuracy": 0.55882328748703,
      "test_loss": 2.085568904876709,
      "precision": 1.0,
      "recall": 0.0,
      "f1_score": 0.0,
      "update_norm": 1.098320722579956,
      "is_attacker": false
    },
    "34": {
      "accuracy": 0.5552900433540344,
      "test_loss": 2.102548360824585,
      "precision": 1.0,
      "recall": 0.0,