{
  "round": 73,
  "nodes": {
    "0": {
      "accuracy": 0.501654863357544,
      "test_loss": 2.687213659286499,
      "precision": 1.0,
      "recall": 0.0,
      "f1_score": 0.0,
      "update_norm": 1.103951334953308,
      "is_attacker": true
    },
    "1": {
      "accuracy": 0.5335402488708496,
      "test_loss": 2.3651885986328125,
      "precision": 1.0,
      "recall": 0.0,
      "f1_score": 0.0,
      "update_norm": 1.0977537631988525,
      "is_attacker": true
    },
    "2": {
      "accuracy": 0.5644799470901489,
      "test_loss": 2.0858776569366455,
      "precision": 1.0,
      "recall": 0.0,
      "f1_score": 0.0,
      "update_norm": 1.100356936454773,
      "is_attacker": true
    },
    "3": {
      "accuracy": 0.5122546553611755,
      "test_loss": 2.4992902278900146,
      "precision": 1.0,
      "recall": 0.0,
      "f1_score": 0.0,
      "update_norm": 1.0995848178863525,
      "is_attacker": true
    },
    "4": {
      "accuracy": 0.4944078028202057,
      "test_loss": 2.642289400100708,
      "precision": 1.0,
      "recall": 0.0,
      "f1_score": 0.0,
      "update_norm": 1.1017820835113525,
      "is_attacker": true
    },
    "5": {
      "accuracy": 0.5647120475769043,
      "test_loss": 2.097907066345215,
      "precision": 1.0,
      "recall": 0.0,
      "f1_score": 0.0,
      "update_norm": 1.102003574371338,
      "is_attacker": false
    },
    "6": {
      "accuracy": 0.5457389950752258,
      "test_loss": 2.2791190147399902,
      "precision": 1.0,
      "recall": 0.0,
      "f1_score": 0.0,
      "update_norm": 1.1021236181259155,
      "is_attacker": false
    },
    "7": {
      "accuracy": 0.5647464394569397,
      "test_loss": 2.1491174697875977,
      "precision": 1.0,
      "recall": 0.0,
      "f1_score": 0.0,
      "update_norm": 1.0981653928756714,
      "is_attacker": false
    },
    "8": {
      "accuracy": 0.5720794796943665,
      "test_loss": 2.0838048458099365,
      "precision": 1.0,
      "recall": 0.0,
      "f1_score": 0.0,
      "update_norm": 1.0992847681045532,
      "is_attacker": false
    },
    "9": {
      "accuracy": 0.5740395188331604,
      "test_loss": 2.10384202003479,
      "precision": 1.0,
      "recall": 0.0,
      "f1_score": 0.0,
      "update_norm": 1.0969702005386353,
      "is_attacker": false
    },
    "10": {
      "accuracy": 0.5657780766487122,
      "test_loss": 2.0967471599578857,
      "precision": 1.0,
      "recall": 0.0,
      "f1_score": 0.0,
      "update_norm": 1.096479058265686,
      "is_attacker": false
    },
    "11": {
      "accuracy": 0.5689416527748108,
      "test_loss": 2.129547595977783,
      "precision": 1.0,
      "recall": 0.0,
      "f1_score": 0.0,
      "update_norm": 1.103928565979004,
      "is_attacker": false
    },
    "12": {
      "accuracy": 0.5711080431938171,
      "test_loss": 2.0473368167877197,
      "precision": 1.0,
      "recall": 0.0,
      "f1_score": 0.0,
      "update_norm": 1.0974425077438354,
      "is_attacker": false
    },
    "13": {
      "accuracy": 0.5720536708831787,
      "test_loss": 2.0976758003234863,
      "precision": 1.0,
      "recall": 0.0,
      "f1_score": 0.0,
      "update_norm": 1.0992825031280518,
      "is_attacker": false
    },
    "14": {
      "accuracy": 0.5719247460365295,
      "test_loss": 2.0858042240142822,
      "precision": 1.0,
      "recall": 0.0,
      "f1_score": 0.0,
      "update_norm": 1.0938305854797363,
      "is_attacker": false
    },
    "15": {
      "accuracy": 0.5594250559806824,
      "test_loss": 2.1419241428375244,
      "precision": 1.0,
      "recall": 0.0,
      "f1_score": 0.0,
      "update_norm": 1.099541187286377,
      "is_attacker": false
    },
    "16": {
      "accuracy": 0.5735065340995789,
      "test_loss": 2.0215537548065186,
      "precision": 1.0,
      "recall": 0.0,
      "f1_score": 0.0,
      "update_norm": 1.0995506048202515,
      "is_attacker": false
    },
    "17": {
      "accuracy": 0.5695262551307678,
      "test_loss": 2.044475555419922,
      "precision": 1.0,
      "recall": 0.0,
      "f1_score": 0.0,
      "update_norm": 1.0957186222076416,
      "is_attacker": false
    },
    "18": {
      "accuracy": 0.5727242231369019,
      "test_loss": 2.0725340843200684,
      "precision": 1.0,
      "recall": 0.0,
      "f1_score": 0.0,
      "update_norm": 1.0942519903182983,
      "is_attacker": false
    },
    "19": {
      "accuracy": 0.567067563533783,
      "test_loss": 2.1780128479003906,
      "precision": 1.0,
      "recall": 0.0,
      "f1_score": 0.0,
      "update_norm": 1.101836919784546,
      "is_attacker": false
    },
    "20": {
      "accuracy": 0.5729649662971497,
      "test_loss": 2.084641933441162,
      "precision": 1.0,
      "recall": 0.0,
      "f1_score": 0.0,
      "update_norm": 1.0969966650009155,
      "is_attacker": false
    },
    "21": {
      "accuracy": 0.56723952293396,
      "test_loss": 2.1040687561035156,
      "precision": 1.0,
      "recall": 0.0,
      "f1_score": 0.0,
      "update_norm": 1.0985040664672852,
      "is_attacker": false
    },
    "22": {
      "accuracy": 0.5679014325141907,
      "test_loss": 2.099674701690674,
      "precision": 1.0,
      "recall": 0.0,
      "f1_score": 0.0,
      "update_norm": 1.0980409383773804,
      "is_attacker": false
    },
    "23": {
      "accuracy": 0.5681421756744385,
      "test_loss": 2.0771982669830322,
      "precision": 1.0,
      "recall": 0.0,
      "f1_score": 0.0,
      "update_norm": 1.1000505685806274,
      "is_attacker": false
    },
    "24": {
      "accuracy": 0.5656232833862305,
      "test_loss": 2.099320650100708,
      "precision": 1.0,
      "recall": 0.0,
      "f1_score": 0.0,
      "update_norm": 1.099363923072815,
      "is_attacker": false
    },
    "25": {
      "accuracy": 0.5660359263420105,
      "test_loss": 2.1411592960357666,
      "precision": 1.0,
      "recall": 0.0,
      "f1_score": 0.0,
      "update_norm": 1.0990859270095825,
      "is_attacker": false
    },
    "26": {
      "accuracy": 0.5662680864334106,
      "test_loss": 2.0610265731811523,
      "precision": 1.0,
      "recall": 0.0,
      "f1_score": 0.0,
      "update_norm": 1.0913844108581543,
      "is_attacker": false
    },
    "27": {
      "accuracy": 0.5686236023902893,
      "test_loss": 2.096693277359009,
      "precision": 1.0,
      "recall": 0.0,
      "f1_score": 0.0,
      "update_norm": 1.0962380170822144,
      "is_attacker": false
    },
    "28": {
      "accuracy": 0.5678584575653076,
      "test_loss": 2.1152567863464355,
      "precision": 1.0,
      "recall": 0.0,
      "f1_score": 0.0,
      "update_norm": 1.1054884195327759,
      "is_attacker": false
    },
    "29": {
      "accuracy": 0.5670245885848999,
      "test_loss": 2.0900349617004395,
      "precision": 1.0,
      "recall": 0.0,
      "f1_score": 0.0,
      "update_norm": 1.0956499576568604,
      "is_attacker": false
    },
    "30": {
      "accuracy": 0.5702741742134094,
      "test_loss": 2.106985330581665,
      "precision": 1.0,
      "recall": 0.0,
      "f1_score": 0.0,
      "update_norm": 1.0990022420883179,
      "is_attacker": false
    },
    "31": {
      "accuracy": 0.5700936317443848,
      "test_loss": 2.073885440826416,
      "precision": 1.0,
      "recall": 0.0,
      "f1_score": 0.0,
      "update_norm": 1.0938199758529663,
      "is_attacker": false
    },
    "32": {
      "accuracy": 0.5669214129447937,
      "test_loss": 2.1429033279418945,
      "precision": 1.0,
      "recall": 0.0,
      "f1_score": 0.0,
      "update_norm": 1.0949641466140747,
      "is_attacker": false
    },
    "33": {
      "accuracy": 0.5704030990600586,
      "test_loss": 2.0661420822143555,
      "precision": 1.0,
      "recall": 0.0,
      "f1_score": 0.0,
      "update_norm": 1.0977038145065308,
      "is_attacker": false
    },
    "34": {
      "accuracy": 0.5687439441680908,
      "test_loss": 2.0632100105285645,
      "precision": 1.0,