{
  "round": 20,
  "nodes": {
    "0": {
      "accuracy": 0.47391316294670105,
      "test_loss": 2.265268325805664,
      "precision": 1.0,
      "recall": 0.0,
      "f1_score": 0.0,
      "update_norm": 1.0977602005004883,
      "is_attacker": true
    },
    "1": {
      "accuracy": 0.4765867590904236,
      "test_loss": 2.2661917209625244,
      "precision": 1.0,
      "recall": 0.0,
      "f1_score": 0.0,
      "update_norm": 1.0960829257965088,
      "is_attacker": true
    },
    "2": {
      "accuracy": 0.47709396481513977,
      "test_loss": 2.2586991786956787,
      "precision": 1.0,
      "recall": 0.0,
      "f1_score": 0.0,
      "update_norm": 1.1009724140167236,
      "is_attacker": true
    },
    "3": {
      "accuracy": 0.47056901454925537,
      "test_loss": 2.2778890132904053,
      "precision": 1.0,
      "recall": 0.0,
      "f1_score": 0.0,
      "update_norm": 1.1036282777786255,
      "is_attacker": true
    },
    "4": {
      "accuracy": 0.4716436266899109,
      "test_loss": 2.265378952026367,
      "precision": 1.0,
      "recall": 0.0,
      "f1_score": 0.0,
      "update_norm": 1.0991913080215454,
      "is_attacker": true
    },
    "5": {
      "accuracy": 0.46740540862083435,
      "test_loss": 2.3170852661132812,
      "precision": 1.0,
      "recall": 0.0,
      "f1_score": 0.0,
      "update_norm": 1.1017425060272217,
      "is_attacker": false
    },
    "6": {
      "accuracy": 0.46703577041625977,
      "test_loss": 2.305433750152588,
      "precision": 1.0,
      "recall": 0.0,
      "f1_score": 0.0,
      "update_norm": 1.0996664762496948,
      "is_attacker": false
    },
    "7": {
      "accuracy": 0.4684198200702667,
      "test_loss": 2.313969850540161,
      "precision": 1.0,
      "recall": 0.0,
      "f1_score": 0.0,
      "update_norm": 1.0999194383621216,
      "is_attacker": false
    },
    "8": {
      "accuracy": 0.4730018973350525,
      "test_loss": 2.304062604904175,
      "precision": 1.0,
      "recall": 0.0,
      "f1_score": 0.0,
      "update_norm": 1.1022303104400635,
      "is_attacker": false
    },
    "9": {
      "accuracy": 0.4803263247013092,
      "test_loss": 2.303956985473633,
      "precision": 1.0,
      "recall": 0.0,
      "f1_score": 0.0,
      "update_norm": 1.1027719974517822,
      "is_attacker": false
    },
    "10": {
      "accuracy": 0.4742054343223572,
      "test_loss": 2.2863547801971436,
      "precision": 1.0,
      "recall": 0.0,
      "f1_score": 0.0,
      "update_norm": 1.0990780591964722,
      "is_attacker": false
    },
    "11": {
      "accuracy": 0.4693053066730499,
      "test_loss": 2.345712184906006,
      "precision": 1.0,
      "recall": 0.0,
      "f1_score": 0.0,
      "update_norm": 1.0998231172561646,
      "is_attacker": false
    },
    "12": {
      "accuracy": 0.47260645031929016,
      "test_loss": 2.2650980949401855,
      "precision": 1.0,
      "recall": 0.0,
      "f1_score": 0.0,
      "update_norm": 1.0996503829956055,
      "is_attacker": false
    },
    "13": {
      "accuracy": 0.4697093367576599,
      "test_loss": 2.3051493167877197,
      "precision": 1.0,
      "recall": 0.0,
      "f1_score": 0.0,
      "update_norm": 1.103224754333496,
      "is_attacker": false
    },
    "14": {
      "accuracy": 0.47913140058517456,
      "test_loss": 2.289667844772339,
      "precision": 1.0,
      "recall": 0.0,
      "f1_score": 0.0,
      "update_norm": 1.0985653400421143,
      "is_attacker": false
    },
    "15": {
      "accuracy": 0.46835964918136597,
      "test_loss": 2.291996717453003,
      "precision": 1.0,
      "recall": 0.0,
      "f1_score": 0.0,
      "update_norm": 1.0990312099456787,
      "is_attacker": false
    },
    "16": {
      "accuracy": 0.4799050986766815,
      "test_loss": 2.2817254066467285,
      "precision": 1.0,
      "recall": 0.0,
      "f1_score": 0.0,
      "update_norm": 1.0991487503051758,
      "is_attacker": false
    },
    "17": {
      "accuracy": 0.468161940574646,
      "test_loss": 2.293928384780884,
      "precision": 1.0,
      "recall": 0.0,
      "f1_score": 0.0,
      "update_norm": 1.101142168045044,
      "is_attacker": false
    },
    "18": {
      "accuracy": 0.4714545011520386,
      "test_loss": 2.284900188446045,
      "precision": 1.0,
      "recall": 0.0,
      "f1_score": 0.0,
      "update_norm": 1.1023695468902588,
      "is_attacker": false
    },
    "19": {
      "accuracy": 0.4708785116672516,
      "test_loss": 2.3214032649993896,
      "precision": 1.0,
      "recall": 0.0,
      "f1_score": 0.0,
      "update_norm": 1.097934603691101,
      "is_attacker": false
    },
    "20": {
      "accuracy": 0.4768102765083313,
      "test_loss": 2.2711260318756104,
      "precision": 1.0,
      "recall": 0.0,
      "f1_score": 0.0,
      "update_norm": 1.1025973558425903,
      "is_attacker": false
    },
    "21": {
      "accuracy": 0.478013813495636,
      "test_loss": 2.2649097442626953,
      "precision": 1.0,
      "recall": 0.0,
      "f1_score": 0.0,
      "update_norm": 1.101134181022644,
      "is_attacker": false
    },
    "22": {
      "accuracy": 0.47260645031929016,
      "test_loss": 2.3014934062957764,
      "precision": 1.0,
      "recall": 0.0,
      "f1_score": 0.0,
      "update_norm": 1.1007407903671265,
      "is_attacker": false
    },
    "23": {
      "accuracy": 0.4700618088245392,
      "test_loss": 2.3157665729522705,
      "precision": 1.0,
      "recall": 0.0,
      "f1_score": 0.0,
      "update_norm": 1.0965431928634644,
      "is_attacker": false
    },
    "24": {
      "accuracy": 0.47062060236930847,
      "test_loss": 2.3284356594085693,
      "precision": 1.0,
      "recall": 0.0,
      "f1_score": 0.0,
      "update_norm": 1.0986226797103882,
      "is_attacker": false
    },
    "25": {
      "accuracy": 0.47013059258461,
      "test_loss": 2.3139426708221436,
      "precision": 1.0,
      "recall": 0.0,
      "f1_score": 0.0,
      "update_norm": 1.0993661880493164,
      "is_attacker": false
    },
    "26": {
      "accuracy": 0.4787273406982422,
      "test_loss": 2.289217233657837,
      "precision": 1.0,
      "recall": 0.0,
      "f1_score": 0.0,
      "update_norm": 1.0996712446212769,
      "is_attacker": false
    },
    "27": {
      "accuracy": 0.4668208360671997,
      "test_loss": 2.2814388275146484,
      "precision": 1.0,
      "recall": 0.0,
      "f1_score": 0.0,
      "update_norm": 1.099415898323059,
      "is_attacker": false
    },
    "28": {
      "accuracy": 0.47258925437927246,
      "test_loss": 2.2912867069244385,
      "precision": 1.0,
      "recall": 0.0,
      "f1_score": 0.0,
      "update_norm": 1.102834701538086,
      "is_attacker": false
    },
    "29": {
      "accuracy": 0.4689270555973053,
      "test_loss": 2.301262378692627,
      "precision": 1.0,
      "recall": 0.0,
      "f1_score": 0.0,
      "update_norm": 1.1024850606918335,
      "is_attacker": false
    },
    "30": {
      "accuracy": 0.4771369397640228,
      "test_loss": 2.2491633892059326,
      "precision": 1.0,
      "recall": 0.0,
      "f1_score": 0.0,
      "update_norm": 1.1039972305297852,
      "is_attacker": false
    },
    "31": {
      "accuracy": 0.47062918543815613,
      "test_loss": 2.29577374458313,
      "precision": 1.0,
      "recall": 0.0,
      "f1_score": 0.0,
      "update_norm": 1.1051386594772339,
      "is_attacker": false
    },
    "32": {
      "accuracy": 0.47838348150253296,
      "test_loss": 2.28671932220459,
      "precision": 1.0,
      "recall": 0.0,
      "f1_score": 0.0,
      "update_norm": 1.097994089126587,
      "is_attacker": false
    },
    "33": {
      "accuracy": 0.4738529920578003,
      "test_loss": 2.269960880279541,
      "precision": 1.0,
      "recall": 0.0,
      "f1_score": 0.0,
      "update_norm": 1.0984292030334473,
      "is_attacker": false
    },
    "34": {
      "accuracy": 0.4672936499118805,
      "test_loss": 2.2807796001434326,
      "precision": 1.0,