{
  "round": 75,
  "nodes": {
    "0": {
      "accuracy": 0.5000988841056824,
      "test_loss": 2.726987600326538,
      "precision": 1.0,
      "recall": 0.0,
      "f1_score": 0.0,
      "update_norm": 1.1063975095748901,
      "is_attacker": true
    },
    "1": {
      "accuracy": 0.5320358276367188,
      "test_loss": 2.392050266265869,
      "precision": 1.0,
      "recall": 0.0,
      "f1_score": 0.0,
      "update_norm": 1.1028540134429932,
      "is_attacker": true
    },
    "2": {
      "accuracy": 0.5658210515975952,
      "test_loss": 2.0780839920043945,
      "precision": 1.0,
      "recall": 0.0,
      "f1_score": 0.0,
      "update_norm": 1.1021822690963745,
      "is_attacker": true
    },
    "3": {
      "accuracy": 0.5086440443992615,
      "test_loss": 2.5480735301971436,
      "precision": 1.0,
      "recall": 0.0,
      "f1_score": 0.0,
      "update_norm": 1.1023874282836914,
      "is_attacker": true
    },
    "4": {
      "accuracy": 0.48811498284339905,
      "test_loss": 2.71785306930542,
      "precision": 1.0,
      "recall": 0.0,
      "f1_score": 0.0,
      "update_norm": 1.0965914726257324,
      "is_attacker": true
    },
    "5": {
      "accuracy": 0.5686493515968323,
      "test_loss": 2.128758430480957,
      "precision": 1.0,
      "recall": 0.0,
      "f1_score": 0.0,
      "update_norm": 1.0975662469863892,
      "is_attacker": false
    },
    "6": {
      "accuracy": 0.5708673000335693,
      "test_loss": 2.0537073612213135,
      "precision": 1.0,
      "recall": 0.0,
      "f1_score": 0.0,
      "update_norm": 1.098739743232727,
      "is_attacker": false
    },
    "7": {
      "accuracy": 0.5206021070480347,
      "test_loss": 2.5354833602905273,
      "precision": 1.0,
      "recall": 0.0,
      "f1_score": 0.0,
      "update_norm": 1.0992166996002197,
      "is_attacker": false
    },
    "8": {
      "accuracy": 0.5737472176551819,
      "test_loss": 2.0616140365600586,
      "precision": 1.0,
      "recall": 0.0,
      "f1_score": 0.0,
      "update_norm": 1.0988428592681885,
      "is_attacker": false
    },
    "9": {
      "accuracy": 0.5743662118911743,
      "test_loss": 2.094977378845215,
      "precision": 1.0,
      "recall": 0.0,
      "f1_score": 0.0,
      "update_norm": 1.1004242897033691,
      "is_attacker": false
    },
    "10": {
      "accuracy": 0.5699732899665833,
      "test_loss": 2.123819351196289,
      "precision": 1.0,
      "recall": 0.0,
      "f1_score": 0.0,
      "update_norm": 1.0951858758926392,
      "is_attacker": false
    },
    "11": {
      "accuracy": 0.5722600221633911,
      "test_loss": 2.1017167568206787,
      "precision": 1.0,
      "recall": 0.0,
      "f1_score": 0.0,
      "update_norm": 1.1022447347640991,
      "is_attacker": false
    },
    "12": {
      "accuracy": 0.5739277601242065,
      "test_loss": 2.061915636062622,
      "precision": 1.0,
      "recall": 0.0,
      "f1_score": 0.0,
      "update_norm": 1.0943114757537842,
      "is_attacker": false
    },
    "13": {
      "accuracy": 0.5742802619934082,
      "test_loss": 2.0805137157440186,
      "precision": 1.0,
      "recall": 0.0,
      "f1_score": 0.0,
      "update_norm": 1.100974678993225,
      "is_attacker": false
    },
    "14": {
      "accuracy": 0.5726210474967957,
      "test_loss": 2.0910887718200684,
      "precision": 1.0,
      "recall": 0.0,
      "f1_score": 0.0,
      "update_norm": 1.0947147607803345,
      "is_attacker": false
    },
    "15": {
      "accuracy": 0.5623737573623657,
      "test_loss": 2.109192371368408,
      "precision": 1.0,
      "recall": 0.0,
      "f1_score": 0.0,
      "update_norm": 1.0997518301010132,
      "is_attacker": false
    },
    "16": {
      "accuracy": 0.5744693875312805,
      "test_loss": 2.059598684310913,
      "precision": 1.0,
      "recall": 0.0,
      "f1_score": 0.0,
      "update_norm": 1.097609281539917,
      "is_attacker": false
    },
    "17": {
      "accuracy": 0.5705492496490479,
      "test_loss": 2.0539045333862305,
      "precision": 1.0,
      "recall": 0.0,
      "f1_score": 0.0,
      "update_norm": 1.0974979400634766,
      "is_attacker": false
    },
    "18": {
      "accuracy": 0.5733001828193665,
      "test_loss": 2.0826101303100586,
      "precision": 1.0,
      "recall": 0.0,
      "f1_score": 0.0,
      "update_norm": 1.1024338006973267,
      "is_attacker": false
    },
    "19": {
      "accuracy": 0.5695090293884277,
      "test_loss": 2.176001787185669,
      "precision": 1.0,
      "recall": 0.0,
      "f1_score": 0.0,
      "update_norm": 1.0998526811599731,
      "is_attacker": false
    },
    "20": {
      "accuracy": 0.5731110572814941,
      "test_loss": 2.1035783290863037,
      "precision": 1.0,
      "recall": 0.0,
      "f1_score": 0.0,
      "update_norm": 1.0936487913131714,
      "is_attacker": false
    },
    "21": {
      "accuracy": 0.5697927474975586,
      "test_loss": 2.102541446685791,
      "precision": 1.0,
      "recall": 0.0,
      "f1_score": 0.0,
      "update_norm": 1.0979479551315308,
      "is_attacker": false
    },
    "22": {
      "accuracy": 0.569414496421814,
      "test_loss": 2.1066784858703613,
      "precision": 1.0,
      "recall": 0.0,
      "f1_score": 0.0,
      "update_norm": 1.0996001958847046,
      "is_attacker": false
    },
    "23": {
      "accuracy": 0.5729391574859619,
      "test_loss": 2.0512747764587402,
      "precision": 1.0,
      "recall": 0.0,
      "f1_score": 0.0,
      "update_norm": 1.0957517623901367,
      "is_attacker": false
    },
    "24": {
      "accuracy": 0.5664743781089783,
      "test_loss": 2.1340441703796387,
      "precision": 1.0,
      "recall": 0.0,
      "f1_score": 0.0,
      "update_norm": 1.1009076833724976,
      "is_attacker": false
    },
    "25": {
      "accuracy": 0.5693886876106262,
      "test_loss": 2.110625743865967,
      "precision": 1.0,
      "recall": 0.0,
      "f1_score": 0.0,
      "update_norm": 1.099782943725586,
      "is_attacker": false
    },
    "26": {
      "accuracy": 0.56846022605896,
      "test_loss": 2.056877851486206,
      "precision": 1.0,
      "recall": 0.0,
      "f1_score": 0.0,
      "update_norm": 1.0997345447540283,
      "is_attacker": false
    },
    "27": {
      "accuracy": 0.571804404258728,
      "test_loss": 2.099459171295166,
      "precision": 1.0,
      "recall": 0.0,
      "f1_score": 0.0,
      "update_norm": 1.0991896390914917,
      "is_attacker": false
    },
    "28": {
      "accuracy": 0.5711080431938171,
      "test_loss": 2.15281081199646,
      "precision": 1.0,
      "recall": 0.0,
      "f1_score": 0.0,
      "update_norm": 1.1029983758926392,
      "is_attacker": false
    },
    "29": {
      "accuracy": 0.5667237043380737,
      "test_loss": 2.1066813468933105,
      "precision": 1.0,
      "recall": 0.0,
      "f1_score": 0.0,
      "update_norm": 1.0969966650009155,
      "is_attacker": false
    },
    "30": {
      "accuracy": 0.571219801902771,
      "test_loss": 2.123406410217285,
      "precision": 1.0,
      "recall": 0.0,
      "f1_score": 0.0,
      "update_norm": 1.0994244813919067,
      "is_attacker": false
    },
    "31": {
      "accuracy": 0.5708673000335693,
      "test_loss": 2.086782455444336,
      "precision": 1.0,
      "recall": 0.0,
      "f1_score": 0.0,
      "update_norm": 1.0995604991912842,
      "is_attacker": false
    },
    "32": {
      "accuracy": 0.5690963864326477,
      "test_loss": 2.116885185241699,
      "precision": 1.0,
      "recall": 0.0,
      "f1_score": 0.0,
      "update_norm": 1.1008756160736084,
      "is_attacker": false
    },
    "33": {
      "accuracy": 0.5711939930915833,
      "test_loss": 2.075140953063965,
      "precision": 1.0,
      "recall": 0.0,
      "f1_score": 0.0,
      "update_norm": 1.1015733480453491,
      "is_attacker": false
    },
    "34": {
      "accuracy": 0.5708759427070618,
      "test_loss": 2.0749967098236084,
      "precision": 1.0,