{
  "round": 57,
  "nodes": {
    "0": {
      "accuracy": 0.5167250037193298,
      "test_loss": 2.4051613807678223,
      "precision": 1.0,
      "recall": 0.0,
      "f1_score": 0.0,
      "update_norm": 1.102138876914978,
      "is_attacker": true
    },
    "1": {
      "accuracy": 0.5350962281227112,
      "test_loss": 2.2701268196105957,
      "precision": 1.0,
      "recall": 0.0,
      "f1_score": 0.0,
      "update_norm": 1.096946120262146,
      "is_attacker": true
    },
    "2": {
      "accuracy": 0.551954448223114,
      "test_loss": 2.0889313220977783,
      "precision": 1.0,
      "recall": 0.0,
      "f1_score": 0.0,
      "update_norm": 1.0972957611083984,
      "is_attacker": true
    },
    "3": {
      "accuracy": 0.522897481918335,
      "test_loss": 2.2965500354766846,
      "precision": 1.0,
      "recall": 0.0,
      "f1_score": 0.0,
      "update_norm": 1.1035494804382324,
      "is_attacker": true
    },
    "4": {
      "accuracy": 0.5191836357116699,
      "test_loss": 2.306483268737793,
      "precision": 1.0,
      "recall": 0.0,
      "f1_score": 0.0,
      "update_norm": 1.1069613695144653,
      "is_attacker": true
    },
    "5": {
      "accuracy": 0.5499342083930969,
      "test_loss": 2.112014055252075,
      "precision": 1.0,
      "recall": 0.0,
      "f1_score": 0.0,
      "update_norm": 1.0984801054000854,
      "is_attacker": false
    },
    "6": {
      "accuracy": 0.5515761971473694,
      "test_loss": 2.120926856994629,
      "precision": 1.0,
      "recall": 0.0,
      "f1_score": 0.0,
      "update_norm": 1.0984342098236084,
      "is_attacker": false
    },
    "7": {
      "accuracy": 0.5499944090843201,
      "test_loss": 2.148850917816162,
      "precision": 1.0,
      "recall": 0.0,
      "f1_score": 0.0,
      "update_norm": 1.101658821105957,
      "is_attacker": false
    },
    "8": {
      "accuracy": 0.5533987283706665,
      "test_loss": 2.150485038757324,
      "precision": 1.0,
      "recall": 0.0,
      "f1_score": 0.0,
      "update_norm": 1.1008226871490479,
      "is_attacker": false
    },
    "9": {
      "accuracy": 0.5587115287780762,
      "test_loss": 2.122095823287964,
      "precision": 1.0,
      "recall": 0.0,
      "f1_score": 0.0,
      "update_norm": 1.0953210592269897,
      "is_attacker": false
    },
    "10": {
      "accuracy": 0.5531150102615356,
      "test_loss": 2.1235852241516113,
      "precision": 1.0,
      "recall": 0.0,
      "f1_score": 0.0,
      "update_norm": 1.1011675596237183,
      "is_attacker": false
    },
    "11": {
      "accuracy": 0.5529860854148865,
      "test_loss": 2.1519293785095215,
      "precision": 1.0,
      "recall": 0.0,
      "f1_score": 0.0,
      "update_norm": 1.0957261323928833,
      "is_attacker": false
    },
    "12": {
      "accuracy": 0.5565966963768005,
      "test_loss": 2.057368516921997,
      "precision": 1.0,
      "recall": 0.0,
      "f1_score": 0.0,
      "update_norm": 1.1029126644134521,
      "is_attacker": false
    },
    "13": {
      "accuracy": 0.55963134765625,
      "test_loss": 2.091492176055908,
      "precision": 1.0,
      "recall": 0.0,
      "f1_score": 0.0,
      "update_norm": 1.0966360569000244,
      "is_attacker": false
    },
    "14": {
      "accuracy": 0.5560035705566406,
      "test_loss": 2.1069793701171875,
      "precision": 1.0,
      "recall": 0.0,
      "f1_score": 0.0,
      "update_norm": 1.0969640016555786,
      "is_attacker": false
    },
    "15": {
      "accuracy": 0.5477420687675476,
      "test_loss": 2.1497879028320312,
      "precision": 1.0,
      "recall": 0.0,
      "f1_score": 0.0,
      "update_norm": 1.0995417833328247,
      "is_attacker": false
    },
    "16": {
      "accuracy": 0.5567944645881653,
      "test_loss": 2.079338312149048,
      "precision": 1.0,
      "recall": 0.0,
      "f1_score": 0.0,
      "update_norm": 1.0927395820617676,
      "is_attacker": false
    },
    "17": {
      "accuracy": 0.5506047606468201,
      "test_loss": 2.144887685775757,
      "precision": 1.0,
      "recall": 0.0,
      "f1_score": 0.0,
      "update_norm": 1.1024508476257324,
      "is_attacker": false
    },
    "18": {
      "accuracy": 0.5546882152557373,
      "test_loss": 2.1096177101135254,
      "precision": 1.0,
      "recall": 0.0,
      "f1_score": 0.0,
      "update_norm": 1.0930057764053345,
      "is_attacker": false
    },
    "19": {
      "accuracy": 0.5494270324707031,
      "test_loss": 2.165217161178589,
      "precision": 1.0,
      "recall": 0.0,
      "f1_score": 0.0,
      "update_norm": 1.0974375009536743,
      "is_attacker": false
    },
    "20": {
      "accuracy": 0.5599236488342285,
      "test_loss": 2.093475341796875,
      "precision": 1.0,
      "recall": 0.0,
      "f1_score": 0.0,
      "update_norm": 1.1017823219299316,
      "is_attacker": false
    },
    "21": {
      "accuracy": 0.5522897243499756,
      "test_loss": 2.120784282684326,
      "precision": 1.0,
      "recall": 0.0,
      "f1_score": 0.0,
      "update_norm": 1.098503828048706,
      "is_attacker": false
    },
    "22": {
      "accuracy": 0.5503812432289124,
      "test_loss": 2.0988967418670654,
      "precision": 1.0,
      "recall": 0.0,
      "f1_score": 0.0,
      "update_norm": 1.0988221168518066,
      "is_attacker": false
    },
    "23": {
      "accuracy": 0.5554705262184143,
      "test_loss": 2.122460126876831,
      "precision": 1.0,
      "recall": 0.0,
      "f1_score": 0.0,
      "update_norm": 1.0994338989257812,
      "is_attacker": false
    },
    "24": {
      "accuracy": 0.554843008518219,
      "test_loss": 2.1375515460968018,
      "precision": 1.0,
      "recall": 0.0,
      "f1_score": 0.0,
      "update_norm": 1.0982413291931152,
      "is_attacker": false
    },
    "25": {
      "accuracy": 0.5500717759132385,
      "test_loss": 2.1676580905914307,
      "precision": 1.0,
      "recall": 0.0,
      "f1_score": 0.0,
      "update_norm": 1.0997544527053833,
      "is_attacker": false
    },
    "26": {
      "accuracy": 0.5481632947921753,
      "test_loss": 2.137735366821289,
      "precision": 1.0,
      "recall": 0.0,
      "f1_score": 0.0,
      "update_norm": 1.101688265800476,
      "is_attacker": false
    },
    "27": {
      "accuracy": 0.5524874925613403,
      "test_loss": 2.1441144943237305,
      "precision": 1.0,
      "recall": 0.0,
      "f1_score": 0.0,
      "update_norm": 1.108659029006958,
      "is_attacker": false
    },
    "28": {
      "accuracy": 0.5534073114395142,
      "test_loss": 2.1824796199798584,
      "precision": 1.0,
      "recall": 0.0,
      "f1_score": 0.0,
      "update_norm": 1.0902822017669678,
      "is_attacker": false
    },
    "29": {
      "accuracy": 0.5530118942260742,
      "test_loss": 2.0967185497283936,
      "precision": 1.0,
      "recall": 0.0,
      "f1_score": 0.0,
      "update_norm": 1.1024291515350342,
      "is_attacker": false
    },
    "30": {
      "accuracy": 0.5542068481445312,
      "test_loss": 2.115588426589966,
      "precision": 1.0,
      "recall": 0.0,
      "f1_score": 0.0,
      "update_norm": 1.0989623069763184,
      "is_attacker": false
    },
    "31": {
      "accuracy": 0.5547569990158081,
      "test_loss": 2.0756325721740723,
      "precision": 1.0,
      "recall": 0.0,
      "f1_score": 0.0,
      "update_norm": 1.0948795080184937,
      "is_attacker": false
    },
    "32": {
      "accuracy": 0.5488596558570862,
      "test_loss": 2.1748595237731934,
      "precision": 1.0,
      "recall": 0.0,
      "f1_score": 0.0,
      "update_norm": 1.098885178565979,
      "is_attacker": false
    },
    "33": {
      "accuracy": 0.5540434718132019,
      "test_loss": 2.1073098182678223,
      "precision": 1.0,
      "recall": 0.0,
      "f1_score": 0.0,
      "update_norm": 1.0941877365112305,
      "is_attacker": false
    },
    "34": {
      "accuracy": 0.5498225092887878,
      "test_loss": 2.1358749866485596,
      "precision": 1.0,