{
  "round": 44,
  "nodes": {
    "0": {
      "accuracy": 0.5259836912155151,
      "test_loss": 2.2212390899658203,
      "precision": 1.0,
      "recall": 0.0,
      "f1_score": 0.0,
      "update_norm": 1.098017930984497,
      "is_attacker": true
    },
    "1": {
      "accuracy": 0.534142017364502,
      "test_loss": 2.1735270023345947,
      "precision": 1.0,
      "recall": 0.0,
      "f1_score": 0.0,
      "update_norm": 1.093993067741394,
      "is_attacker": true
    },
    "2": {
      "accuracy": 0.5366522669792175,
      "test_loss": 2.1288297176361084,
      "precision": 1.0,
      "recall": 0.0,
      "f1_score": 0.0,
      "update_norm": 1.0997980833053589,
      "is_attacker": true
    },
    "3": {
      "accuracy": 0.5205763578414917,
      "test_loss": 2.208707094192505,
      "precision": 1.0,
      "recall": 0.0,
      "f1_score": 0.0,
      "update_norm": 1.0990583896636963,
      "is_attacker": true
    },
    "4": {
      "accuracy": 0.5186506509780884,
      "test_loss": 2.222378969192505,
      "precision": 1.0,
      "recall": 0.0,
      "f1_score": 0.0,
      "update_norm": 1.1017590761184692,
      "is_attacker": true
    },
    "5": {
      "accuracy": 0.5326461791992188,
      "test_loss": 2.135955810546875,
      "precision": 1.0,
      "recall": 0.0,
      "f1_score": 0.0,
      "update_norm": 1.09957754611969,
      "is_attacker": false
    },
    "6": {
      "accuracy": 0.5334456562995911,
      "test_loss": 2.158773183822632,
      "precision": 1.0,
      "recall": 0.0,
      "f1_score": 0.0,
      "update_norm": 1.1020796298980713,
      "is_attacker": false
    },
    "7": {
      "accuracy": 0.5363084077835083,
      "test_loss": 2.178990602493286,
      "precision": 1.0,
      "recall": 0.0,
      "f1_score": 0.0,
      "update_norm": 1.0971163511276245,
      "is_attacker": false
    },
    "8": {
      "accuracy": 0.5369617342948914,
      "test_loss": 2.1171107292175293,
      "precision": 1.0,
      "recall": 0.0,
      "f1_score": 0.0,
      "update_norm": 1.1025813817977905,
      "is_attacker": false
    },
    "9": {
      "accuracy": 0.541449248790741,
      "test_loss": 2.216615915298462,
      "precision": 1.0,
      "recall": 0.0,
      "f1_score": 0.0,
      "update_norm": 1.0980932712554932,
      "is_attacker": false
    },
    "10": {
      "accuracy": 0.5389131903648376,
      "test_loss": 2.112989902496338,
      "precision": 1.0,
      "recall": 0.0,
      "f1_score": 0.0,
      "update_norm": 1.0983474254608154,
      "is_attacker": false
    },
    "11": {
      "accuracy": 0.5380535125732422,
      "test_loss": 2.166670322418213,
      "precision": 1.0,
      "recall": 0.0,
      "f1_score": 0.0,
      "update_norm": 1.098486065864563,
      "is_attacker": false
    },
    "12": {
      "accuracy": 0.5340474247932434,
      "test_loss": 2.120198965072632,
      "precision": 1.0,
      "recall": 0.0,
      "f1_score": 0.0,
      "update_norm": 1.1007252931594849,
      "is_attacker": false
    },
    "13": {
      "accuracy": 0.5377698540687561,
      "test_loss": 2.155634641647339,
      "precision": 1.0,
      "recall": 0.0,
      "f1_score": 0.0,
      "update_norm": 1.1000150442123413,
      "is_attacker": false
    },
    "14": {
      "accuracy": 0.5386725068092346,
      "test_loss": 2.153174638748169,
      "precision": 1.0,
      "recall": 0.0,
      "f1_score": 0.0,
      "update_norm": 1.099507451057434,
      "is_attacker": false
    },
    "15": {
      "accuracy": 0.5336347818374634,
      "test_loss": 2.1517107486724854,
      "precision": 1.0,
      "recall": 0.0,
      "f1_score": 0.0,
      "update_norm": 1.1017168760299683,
      "is_attacker": false
    },
    "16": {
      "accuracy": 0.5415180325508118,
      "test_loss": 2.1442809104919434,
      "precision": 1.0,
      "recall": 0.0,
      "f1_score": 0.0,
      "update_norm": 1.0940223932266235,
      "is_attacker": false
    },
    "17": {
      "accuracy": 0.5334542393684387,
      "test_loss": 2.178865671157837,
      "precision": 1.0,
      "recall": 0.0,
      "f1_score": 0.0,
      "update_norm": 1.0981547832489014,
      "is_attacker": false
    },
    "18": {
      "accuracy": 0.5400823354721069,
      "test_loss": 2.1525776386260986,
      "precision": 1.0,
      "recall": 0.0,
      "f1_score": 0.0,
      "update_norm": 1.100502371788025,
      "is_attacker": false
    },
    "19": {
      "accuracy": 0.5347437858581543,
      "test_loss": 2.1979851722717285,
      "precision": 1.0,
      "recall": 0.0,
      "f1_score": 0.0,
      "update_norm": 1.0979509353637695,
      "is_attacker": false
    },
    "20": {
      "accuracy": 0.5394375920295715,
      "test_loss": 2.157519578933716,
      "precision": 1.0,
      "recall": 0.0,
      "f1_score": 0.0,
      "update_norm": 1.097383737564087,
      "is_attacker": false
    },
    "21": {
      "accuracy": 0.5369531512260437,
      "test_loss": 2.1546785831451416,
      "precision": 1.0,
      "recall": 0.0,
      "f1_score": 0.0,
      "update_norm": 1.1007918119430542,
      "is_attacker": false
    },
    "22": {
      "accuracy": 0.5319068431854248,
      "test_loss": 2.159601926803589,
      "precision": 1.0,
      "recall": 0.0,
      "f1_score": 0.0,
      "update_norm": 1.091903567314148,
      "is_attacker": false
    },
    "23": {
      "accuracy": 0.5373485684394836,
      "test_loss": 2.137049674987793,
      "precision": 1.0,
      "recall": 0.0,
      "f1_score": 0.0,
      "update_norm": 1.0941886901855469,
      "is_attacker": false
    },
    "24": {
      "accuracy": 0.5330415964126587,
      "test_loss": 2.199078321456909,
      "precision": 1.0,
      "recall": 0.0,
      "f1_score": 0.0,
      "update_norm": 1.106919765472412,
      "is_attacker": false
    },
    "25": {
      "accuracy": 0.5354487299919128,
      "test_loss": 2.2053728103637695,
      "precision": 1.0,
      "recall": 0.0,
      "f1_score": 0.0,
      "update_norm": 1.0999892950057983,
      "is_attacker": false
    },
    "26": {
      "accuracy": 0.5319584012031555,
      "test_loss": 2.1532504558563232,
      "precision": 1.0,
      "recall": 0.0,
      "f1_score": 0.0,
      "update_norm": 1.0965931415557861,
      "is_attacker": false
    },
    "27": {
      "accuracy": 0.5306001305580139,
      "test_loss": 2.1697311401367188,
      "precision": 1.0,
      "recall": 0.0,
      "f1_score": 0.0,
      "update_norm": 1.0967320203781128,
      "is_attacker": false
    },
    "28": {
      "accuracy": 0.5394032001495361,
      "test_loss": 2.175652503967285,
      "precision": 1.0,
      "recall": 0.0,
      "f1_score": 0.0,
      "update_norm": 1.0985997915267944,
      "is_attacker": false
    },
    "29": {
      "accuracy": 0.5354400873184204,
      "test_loss": 2.133439064025879,
      "precision": 1.0,
      "recall": 0.0,
      "f1_score": 0.0,
      "update_norm": 1.097339153289795,
      "is_attacker": false
    },
    "30": {
      "accuracy": 0.5391796827316284,
      "test_loss": 2.133695363998413,
      "precision": 1.0,
      "recall": 0.0,
      "f1_score": 0.0,
      "update_norm": 1.1006280183792114,
      "is_attacker": false
    },
    "31": {
      "accuracy": 0.5367124080657959,
      "test_loss": 2.1129181385040283,
      "precision": 1.0,
      "recall": 0.0,
      "f1_score": 0.0,
      "update_norm": 1.0995572805404663,
      "is_attacker": false
    },
    "32": {
      "accuracy": 0.5336520075798035,
      "test_loss": 2.1586945056915283,
      "precision": 1.0,
      "recall": 0.0,
      "f1_score": 0.0,
      "update_norm": 1.09909987449646,
      "is_attacker": false
    },
    "33": {
      "accuracy": 0.5317779183387756,
      "test_loss": 2.1555349826812744,
      "precision": 1.0,
      "recall": 0.0,
      "f1_score": 0.0,
      "update_norm": 1.0946025848388672,
      "is_attacker": false
    },
    "34": {
      "accuracy": 0.5324312448501587,
      "test_loss": 2.126858949661255,
      "precision": 1.0,