{
  "round": 66,
  "nodes": {
    "0": {
      "accuracy": 0.5087041854858398,
      "test_loss": 2.5396084785461426,
      "precision": 1.0,
      "recall": 0.0,
      "f1_score": 0.0,
      "update_norm": 1.099448800086975,
      "is_attacker": true
    },
    "1": {
      "accuracy": 0.5293880105018616,
      "test_loss": 2.3713865280151367,
      "precision": 1.0,
      "recall": 0.0,
      "f1_score": 0.0,
      "update_norm": 1.1020493507385254,
      "is_attacker": true
    },
    "2": {
      "accuracy": 0.5591671466827393,
      "test_loss": 2.0993640422821045,
      "precision": 1.0,
      "recall": 0.0,
      "f1_score": 0.0,
      "update_norm": 1.1040328741073608,
      "is_attacker": true
    },
    "3": {
      "accuracy": 0.5124093890190125,
      "test_loss": 2.4499568939208984,
      "precision": 1.0,
      "recall": 0.0,
      "f1_score": 0.0,
      "update_norm": 1.0999430418014526,
      "is_attacker": true
    },
    "4": {
      "accuracy": 0.5038212537765503,
      "test_loss": 2.5261919498443604,
      "precision": 1.0,
      "recall": 0.0,
      "f1_score": 0.0,
      "update_norm": 1.0988410711288452,
      "is_attacker": true
    },
    "5": {
      "accuracy": 0.5634225606918335,
      "test_loss": 2.097200870513916,
      "precision": 1.0,
      "recall": 0.0,
      "f1_score": 0.0,
      "update_norm": 1.1020041704177856,
      "is_attacker": false
    },
    "6": {
      "accuracy": 0.5599494576454163,
      "test_loss": 2.1110377311706543,
      "precision": 1.0,
      "recall": 0.0,
      "f1_score": 0.0,
      "update_norm": 1.0966424942016602,
      "is_attacker": false
    },
    "7": {
      "accuracy": 0.5215047597885132,
      "test_loss": 2.4375813007354736,
      "precision": 1.0,
      "recall": 0.0,
      "f1_score": 0.0,
      "update_norm": 1.10088312625885,
      "is_attacker": false
    },
    "8": {
      "accuracy": 0.5664055943489075,
      "test_loss": 2.077441453933716,
      "precision": 1.0,
      "recall": 0.0,
      "f1_score": 0.0,
      "update_norm": 1.095773458480835,
      "is_attacker": false
    },
    "9": {
      "accuracy": 0.5668268799781799,
      "test_loss": 2.1685259342193604,
      "precision": 1.0,
      "recall": 0.0,
      "f1_score": 0.0,
      "update_norm": 1.1017037630081177,
      "is_attacker": false
    },
    "10": {
      "accuracy": 0.5636116862297058,
      "test_loss": 2.1082777976989746,
      "precision": 1.0,
      "recall": 0.0,
      "f1_score": 0.0,
      "update_norm": 1.095799446105957,
      "is_attacker": false
    },
    "11": {
      "accuracy": 0.5643166303634644,
      "test_loss": 2.116222858428955,
      "precision": 1.0,
      "recall": 0.0,
      "f1_score": 0.0,
      "update_norm": 1.1008069515228271,
      "is_attacker": false
    },
    "12": {
      "accuracy": 0.5672051310539246,
      "test_loss": 2.027015209197998,
      "precision": 1.0,
      "recall": 0.0,
      "f1_score": 0.0,
      "update_norm": 1.0984684228897095,
      "is_attacker": false
    },
    "13": {
      "accuracy": 0.5634225606918335,
      "test_loss": 2.1498358249664307,
      "precision": 1.0,
      "recall": 0.0,
      "f1_score": 0.0,
      "update_norm": 1.0990617275238037,
      "is_attacker": false
    },
    "14": {
      "accuracy": 0.5646690726280212,
      "test_loss": 2.0899856090545654,
      "precision": 1.0,
      "recall": 0.0,
      "f1_score": 0.0,
      "update_norm": 1.1000202894210815,
      "is_attacker": false
    },
    "15": {
      "accuracy": 0.5563388466835022,
      "test_loss": 2.109647512435913,
      "precision": 1.0,
      "recall": 0.0,
      "f1_score": 0.0,
      "update_norm": 1.101334571838379,
      "is_attacker": false
    },
    "16": {
      "accuracy": 0.5658811926841736,
      "test_loss": 2.067732810974121,
      "precision": 1.0,
      "recall": 0.0,
      "f1_score": 0.0,
      "update_norm": 1.0923815965652466,
      "is_attacker": false
    },
    "17": {
      "accuracy": 0.5635600686073303,
      "test_loss": 2.0485260486602783,
      "precision": 1.0,
      "recall": 0.0,
      "f1_score": 0.0,
      "update_norm": 1.1031855344772339,
      "is_attacker": false
    },
    "18": {
      "accuracy": 0.5702569484710693,
      "test_loss": 2.0510690212249756,
      "precision": 1.0,
      "recall": 0.0,
      "f1_score": 0.0,
      "update_norm": 1.1024194955825806,
      "is_attacker": false
    },
    "19": {
      "accuracy": 0.5625800490379333,
      "test_loss": 2.1423871517181396,
      "precision": 1.0,
      "recall": 0.0,
      "f1_score": 0.0,
      "update_norm": 1.0979145765304565,
      "is_attacker": false
    },
    "20": {
      "accuracy": 0.5651419162750244,
      "test_loss": 2.127732038497925,
      "precision": 1.0,
      "recall": 0.0,
      "f1_score": 0.0,
      "update_norm": 1.0979177951812744,
      "is_attacker": false
    },
    "21": {
      "accuracy": 0.5629497170448303,
      "test_loss": 2.068765163421631,
      "precision": 1.0,
      "recall": 0.0,
      "f1_score": 0.0,
      "update_norm": 1.1000018119812012,
      "is_attacker": false
    },
    "22": {
      "accuracy": 0.5622619986534119,
      "test_loss": 2.1024200916290283,
      "precision": 1.0,
      "recall": 0.0,
      "f1_score": 0.0,
      "update_norm": 1.097182035446167,
      "is_attacker": false
    },
    "23": {
      "accuracy": 0.5609123110771179,
      "test_loss": 2.099242925643921,
      "precision": 1.0,
      "recall": 0.0,
      "f1_score": 0.0,
      "update_norm": 1.0985987186431885,
      "is_attacker": false
    },
    "24": {
      "accuracy": 0.5600956082344055,
      "test_loss": 2.1472856998443604,
      "precision": 1.0,
      "recall": 0.0,
      "f1_score": 0.0,
      "update_norm": 1.0998313426971436,
      "is_attacker": false
    },
    "25": {
      "accuracy": 0.5587286949157715,
      "test_loss": 2.148135185241699,
      "precision": 1.0,
      "recall": 0.0,
      "f1_score": 0.0,
      "update_norm": 1.0961803197860718,
      "is_attacker": false
    },
    "26": {
      "accuracy": 0.558040976524353,
      "test_loss": 2.1380374431610107,
      "precision": 1.0,
      "recall": 0.0,
      "f1_score": 0.0,
      "update_norm": 1.0989429950714111,
      "is_attacker": false
    },
    "27": {
      "accuracy": 0.5604910254478455,
      "test_loss": 2.131364107131958,
      "precision": 1.0,
      "recall": 0.0,
      "f1_score": 0.0,
      "update_norm": 1.1020355224609375,
      "is_attacker": false
    },
    "28": {
      "accuracy": 0.5606114268302917,
      "test_loss": 2.1599929332733154,
      "precision": 1.0,
      "recall": 0.0,
      "f1_score": 0.0,
      "update_norm": 1.0961788892745972,
      "is_attacker": false
    },
    "29": {
      "accuracy": 0.5600526332855225,
      "test_loss": 2.084538698196411,
      "precision": 1.0,
      "recall": 0.0,
      "f1_score": 0.0,
      "update_norm": 1.1024298667907715,
      "is_attacker": false
    },
    "30": {
      "accuracy": 0.5638695955276489,
      "test_loss": 2.110991954803467,
      "precision": 1.0,
      "recall": 0.0,
      "f1_score": 0.0,
      "update_norm": 1.0984013080596924,
      "is_attacker": false
    },
    "31": {
      "accuracy": 0.5644111633300781,
      "test_loss": 2.0726120471954346,
      "precision": 1.0,
      "recall": 0.0,
      "f1_score": 0.0,
      "update_norm": 1.101566195487976,
      "is_attacker": false
    },
    "32": {
      "accuracy": 0.5595883727073669,
      "test_loss": 2.1383700370788574,
      "precision": 1.0,
      "recall": 0.0,
      "f1_score": 0.0,
      "update_norm": 1.0884549617767334,
      "is_attacker": false
    },
    "33": {
      "accuracy": 0.5628809332847595,
      "test_loss": 2.0763561725616455,
      "precision": 1.0,
      "recall": 0.0,
      "f1_score": 0.0,
      "update_norm": 1.1016067266464233,
      "is_attacker": false
    },
    "34": {
      "accuracy": 0.5608005523681641,
      "test_loss": 2.0987415313720703,
      "precision": 1.0,