{
  "round": 67,
  "nodes": {
    "0": {
      "accuracy": 0.5101742744445801,
      "test_loss": 2.537738800048828,
      "precision": 1.0,
      "recall": 0.0,
      "f1_score": 0.0,
      "update_norm": 1.0969640016555786,
      "is_attacker": true
    },
    "1": {
      "accuracy": 0.5299209952354431,
      "test_loss": 2.371514320373535,
      "precision": 1.0,
      "recall": 0.0,
      "f1_score": 0.0,
      "update_norm": 1.0993345975875854,
      "is_attacker": true
    },
    "2": {
      "accuracy": 0.5600783824920654,
      "test_loss": 2.0929148197174072,
      "precision": 1.0,
      "recall": 0.0,
      "f1_score": 0.0,
      "update_norm": 1.096380352973938,
      "is_attacker": true
    },
    "3": {
      "accuracy": 0.5143609046936035,
      "test_loss": 2.4466798305511475,
      "precision": 1.0,
      "recall": 0.0,
      "f1_score": 0.0,
      "update_norm": 1.103995680809021,
      "is_attacker": true
    },
    "4": {
      "accuracy": 0.5057812929153442,
      "test_loss": 2.519730806350708,
      "precision": 1.0,
      "recall": 0.0,
      "f1_score": 0.0,
      "update_norm": 1.099959373474121,
      "is_attacker": true
    },
    "5": {
      "accuracy": 0.5634311437606812,
      "test_loss": 2.104095697402954,
      "precision": 1.0,
      "recall": 0.0,
      "f1_score": 0.0,
      "update_norm": 1.099382758140564,
      "is_attacker": false
    },
    "6": {
      "accuracy": 0.5624425411224365,
      "test_loss": 2.078031301498413,
      "precision": 1.0,
      "recall": 0.0,
      "f1_score": 0.0,
      "update_norm": 1.093286395072937,
      "is_attacker": false
    },
    "7": {
      "accuracy": 0.5606200098991394,
      "test_loss": 2.095439910888672,
      "precision": 1.0,
      "recall": 0.0,
      "f1_score": 0.0,
      "update_norm": 1.098580241203308,
      "is_attacker": false
    },
    "8": {
      "accuracy": 0.5668870210647583,
      "test_loss": 2.088834285736084,
      "precision": 1.0,
      "recall": 0.0,
      "f1_score": 0.0,
      "update_norm": 1.103203296661377,
      "is_attacker": false
    },
    "9": {
      "accuracy": 0.5682367086410522,
      "test_loss": 2.1703391075134277,
      "precision": 1.0,
      "recall": 0.0,
      "f1_score": 0.0,
      "update_norm": 1.0991184711456299,
      "is_attacker": false
    },
    "10": {
      "accuracy": 0.5646346807479858,
      "test_loss": 2.1018924713134766,
      "precision": 1.0,
      "recall": 0.0,
      "f1_score": 0.0,
      "update_norm": 1.1016448736190796,
      "is_attacker": false
    },
    "11": {
      "accuracy": 0.5652364492416382,
      "test_loss": 2.134432077407837,
      "precision": 1.0,
      "recall": 0.0,
      "f1_score": 0.0,
      "update_norm": 1.1007726192474365,
      "is_attacker": false
    },
    "12": {
      "accuracy": 0.5678068995475769,
      "test_loss": 2.0269572734832764,
      "precision": 1.0,
      "recall": 0.0,
      "f1_score": 0.0,
      "update_norm": 1.0957528352737427,
      "is_attacker": false
    },
    "13": {
      "accuracy": 0.5643166303634644,
      "test_loss": 2.1454319953918457,
      "precision": 1.0,
      "recall": 0.0,
      "f1_score": 0.0,
      "update_norm": 1.0948874950408936,
      "is_attacker": false
    },
    "14": {
      "accuracy": 0.5660445690155029,
      "test_loss": 2.0741443634033203,
      "precision": 1.0,
      "recall": 0.0,
      "f1_score": 0.0,
      "update_norm": 1.0991257429122925,
      "is_attacker": false
    },
    "15": {
      "accuracy": 0.556888997554779,
      "test_loss": 2.1179752349853516,
      "precision": 1.0,
      "recall": 0.0,
      "f1_score": 0.0,
      "update_norm": 1.1030914783477783,
      "is_attacker": false
    },
    "16": {
      "accuracy": 0.568090558052063,
      "test_loss": 2.0322024822235107,
      "precision": 1.0,
      "recall": 0.0,
      "f1_score": 0.0,
      "update_norm": 1.105410099029541,
      "is_attacker": false
    },
    "17": {
      "accuracy": 0.5634483098983765,
      "test_loss": 2.051001787185669,
      "precision": 1.0,
      "recall": 0.0,
      "f1_score": 0.0,
      "update_norm": 1.099524736404419,
      "is_attacker": false
    },
    "18": {
      "accuracy": 0.5694058537483215,
      "test_loss": 2.0643396377563477,
      "precision": 1.0,
      "recall": 0.0,
      "f1_score": 0.0,
      "update_norm": 1.1005752086639404,
      "is_attacker": false
    },
    "19": {
      "accuracy": 0.5627691745758057,
      "test_loss": 2.1739954948425293,
      "precision": 1.0,
      "recall": 0.0,
      "f1_score": 0.0,
      "update_norm": 1.0984597206115723,
      "is_attacker": false
    },
    "20": {
      "accuracy": 0.5666033625602722,
      "test_loss": 2.1251895427703857,
      "precision": 1.0,
      "recall": 0.0,
      "f1_score": 0.0,
      "update_norm": 1.0971887111663818,
      "is_attacker": false
    },
    "21": {
      "accuracy": 0.5636031031608582,
      "test_loss": 2.0741360187530518,
      "precision": 1.0,
      "recall": 0.0,
      "f1_score": 0.0,
      "update_norm": 1.0989302396774292,
      "is_attacker": false
    },
    "22": {
      "accuracy": 0.5631216764450073,
      "test_loss": 2.1028735637664795,
      "precision": 1.0,
      "recall": 0.0,
      "f1_score": 0.0,
      "update_norm": 1.1013509035110474,
      "is_attacker": false
    },
    "23": {
      "accuracy": 0.5621932148933411,
      "test_loss": 2.1002438068389893,
      "precision": 1.0,
      "recall": 0.0,
      "f1_score": 0.0,
      "update_norm": 1.0944836139678955,
      "is_attacker": false
    },
    "24": {
      "accuracy": 0.5613765120506287,
      "test_loss": 2.13667631149292,
      "precision": 1.0,
      "recall": 0.0,
      "f1_score": 0.0,
      "update_norm": 1.0961544513702393,
      "is_attacker": false
    },
    "25": {
      "accuracy": 0.5598892569541931,
      "test_loss": 2.1419262886047363,
      "precision": 1.0,
      "recall": 0.0,
      "f1_score": 0.0,
      "update_norm": 1.0958729982376099,
      "is_attacker": false
    },
    "26": {
      "accuracy": 0.5637062191963196,
      "test_loss": 2.0504889488220215,
      "precision": 1.0,
      "recall": 0.0,
      "f1_score": 0.0,
      "update_norm": 1.100594401359558,
      "is_attacker": false
    },
    "27": {
      "accuracy": 0.5610842108726501,
      "test_loss": 2.1158087253570557,
      "precision": 1.0,
      "recall": 0.0,
      "f1_score": 0.0,
      "update_norm": 1.0996675491333008,
      "is_attacker": false
    },
    "28": {
      "accuracy": 0.5631044507026672,
      "test_loss": 2.1228106021881104,
      "precision": 1.0,
      "recall": 0.0,
      "f1_score": 0.0,
      "update_norm": 1.0939825773239136,
      "is_attacker": false
    },
    "29": {
      "accuracy": 0.5612561702728271,
      "test_loss": 2.0951647758483887,
      "precision": 1.0,
      "recall": 0.0,
      "f1_score": 0.0,
      "update_norm": 1.096713900566101,
      "is_attacker": false
    },
    "30": {
      "accuracy": 0.564127504825592,
      "test_loss": 2.1214096546173096,
      "precision": 1.0,
      "recall": 0.0,
      "f1_score": 0.0,
      "update_norm": 1.1018339395523071,
      "is_attacker": false
    },
    "31": {
      "accuracy": 0.5670589804649353,
      "test_loss": 2.0598719120025635,
      "precision": 1.0,
      "recall": 0.0,
      "f1_score": 0.0,
      "update_norm": 1.095660924911499,
      "is_attacker": false
    },
    "32": {
      "accuracy": 0.5595970153808594,
      "test_loss": 2.1411428451538086,
      "precision": 1.0,
      "recall": 0.0,
      "f1_score": 0.0,
      "update_norm": 1.100167155265808,
      "is_attacker": false
    },
    "33": {
      "accuracy": 0.5646776556968689,
      "test_loss": 2.0791733264923096,
      "precision": 1.0,
      "recall": 0.0,
      "f1_score": 0.0,
      "update_norm": 1.0959728956222534,
      "is_attacker": false
    },
    "34": {
      "accuracy": 0.5614452958106995,
      "test_loss": 2.088589668273926,
      "precision": 1.0,