{
  "round": 60,
  "nodes": {
    "0": {
      "accuracy": 0.5168453454971313,
      "test_loss": 2.4275670051574707,
      "precision": 1.0,
      "recall": 0.0,
      "f1_score": 0.0,
      "update_norm": 1.0981539487838745,
      "is_attacker": true
    },
    "1": {
      "accuracy": 0.5360848903656006,
      "test_loss": 2.2905898094177246,
      "precision": 1.0,
      "recall": 0.0,
      "f1_score": 0.0,
      "update_norm": 1.099735140800476,
      "is_attacker": true
    },
    "2": {
      "accuracy": 0.5548515915870667,
      "test_loss": 2.0873396396636963,
      "precision": 1.0,
      "recall": 0.0,
      "f1_score": 0.0,
      "update_norm": 1.0979875326156616,
      "is_attacker": true
    },
    "3": {
      "accuracy": 0.5144296288490295,
      "test_loss": 2.382641553878784,
      "precision": 1.0,
      "recall": 0.0,
      "f1_score": 0.0,
      "update_norm": 1.0990486145019531,
      "is_attacker": true
    },
    "4": {
      "accuracy": 0.5062971115112305,
      "test_loss": 2.452601194381714,
      "precision": 1.0,
      "recall": 0.0,
      "f1_score": 0.0,
      "update_norm": 1.0983811616897583,
      "is_attacker": true
    },
    "5": {
      "accuracy": 0.5542927980422974,
      "test_loss": 2.1226844787597656,
      "precision": 1.0,
      "recall": 0.0,
      "f1_score": 0.0,
      "update_norm": 1.101068139076233,
      "is_attacker": false
    },
    "6": {
      "accuracy": 0.5572071075439453,
      "test_loss": 2.1094248294830322,
      "precision": 1.0,
      "recall": 0.0,
      "f1_score": 0.0,
      "update_norm": 1.1008576154708862,
      "is_attacker": false
    },
    "7": {
      "accuracy": 0.5474411845207214,
      "test_loss": 2.207432508468628,
      "precision": 1.0,
      "recall": 0.0,
      "f1_score": 0.0,
      "update_norm": 1.0965492725372314,
      "is_attacker": false
    },
    "8": {
      "accuracy": 0.5367210507392883,
      "test_loss": 2.321530342102051,
      "precision": 1.0,
      "recall": 0.0,
      "f1_score": 0.0,
      "update_norm": 1.0989899635314941,
      "is_attacker": false
    },
    "9": {
      "accuracy": 0.5603621006011963,
      "test_loss": 2.1700594425201416,
      "precision": 1.0,
      "recall": 0.0,
      "f1_score": 0.0,
      "update_norm": 1.094645619392395,
      "is_attacker": false
    },
    "10": {
      "accuracy": 0.5599150657653809,
      "test_loss": 2.1114914417266846,
      "precision": 1.0,
      "recall": 0.0,
      "f1_score": 0.0,
      "update_norm": 1.1004900932312012,
      "is_attacker": false
    },
    "11": {
      "accuracy": 0.5559262037277222,
      "test_loss": 2.127812147140503,
      "precision": 1.0,
      "recall": 0.0,
      "f1_score": 0.0,
      "update_norm": 1.0999850034713745,
      "is_attacker": false
    },
    "12": {
      "accuracy": 0.5610842108726501,
      "test_loss": 2.062163829803467,
      "precision": 1.0,
      "recall": 0.0,
      "f1_score": 0.0,
      "update_norm": 1.0963091850280762,
      "is_attacker": false
    },
    "13": {
      "accuracy": 0.55799800157547,
      "test_loss": 2.135087251663208,
      "precision": 1.0,
      "recall": 0.0,
      "f1_score": 0.0,
      "update_norm": 1.0979539155960083,
      "is_attacker": false
    },
    "14": {
      "accuracy": 0.5558487772941589,
      "test_loss": 2.1235148906707764,
      "precision": 1.0,
      "recall": 0.0,
      "f1_score": 0.0,
      "update_norm": 1.0981560945510864,
      "is_attacker": false
    },
    "15": {
      "accuracy": 0.5500631928443909,
      "test_loss": 2.1415417194366455,
      "precision": 1.0,
      "recall": 0.0,
      "f1_score": 0.0,
      "update_norm": 1.0941165685653687,
      "is_attacker": false
    },
    "16": {
      "accuracy": 0.5592874884605408,
      "test_loss": 2.098381280899048,
      "precision": 1.0,
      "recall": 0.0,
      "f1_score": 0.0,
      "update_norm": 1.0960814952850342,
      "is_attacker": false
    },
    "17": {
      "accuracy": 0.5561754703521729,
      "test_loss": 2.086763381958008,
      "precision": 1.0,
      "recall": 0.0,
      "f1_score": 0.0,
      "update_norm": 1.0968377590179443,
      "is_attacker": false
    },
    "18": {
      "accuracy": 0.5611100196838379,
      "test_loss": 2.0698325634002686,
      "precision": 1.0,
      "recall": 0.0,
      "f1_score": 0.0,
      "update_norm": 1.1004283428192139,
      "is_attacker": false
    },
    "19": {
      "accuracy": 0.5567944645881653,
      "test_loss": 2.1556484699249268,
      "precision": 1.0,
      "recall": 0.0,
      "f1_score": 0.0,
      "update_norm": 1.0988887548446655,
      "is_attacker": false
    },
    "20": {
      "accuracy": 0.5621158480644226,
      "test_loss": 2.1076653003692627,
      "precision": 1.0,
      "recall": 0.0,
      "f1_score": 0.0,
      "update_norm": 1.1036863327026367,
      "is_attacker": false
    },
    "21": {
      "accuracy": 0.5571210980415344,
      "test_loss": 2.1021018028259277,
      "precision": 1.0,
      "recall": 0.0,
      "f1_score": 0.0,
      "update_norm": 1.0983058214187622,
      "is_attacker": false
    },
    "22": {
      "accuracy": 0.5526593923568726,
      "test_loss": 2.112231492996216,
      "precision": 1.0,
      "recall": 0.0,
      "f1_score": 0.0,
      "update_norm": 1.099260687828064,
      "is_attacker": false
    },
    "23": {
      "accuracy": 0.5583332777023315,
      "test_loss": 2.1097161769866943,
      "precision": 1.0,
      "recall": 0.0,
      "f1_score": 0.0,
      "update_norm": 1.0988081693649292,
      "is_attacker": false
    },
    "24": {
      "accuracy": 0.5540090799331665,
      "test_loss": 2.1697793006896973,
      "precision": 1.0,
      "recall": 0.0,
      "f1_score": 0.0,
      "update_norm": 1.100829005241394,
      "is_attacker": false
    },
    "25": {
      "accuracy": 0.5544131398200989,
      "test_loss": 2.156278133392334,
      "precision": 1.0,
      "recall": 0.0,
      "f1_score": 0.0,
      "update_norm": 1.0989460945129395,
      "is_attacker": false
    },
    "26": {
      "accuracy": 0.5512323379516602,
      "test_loss": 2.1194591522216797,
      "precision": 1.0,
      "recall": 0.0,
      "f1_score": 0.0,
      "update_norm": 1.0971838235855103,
      "is_attacker": false
    },
    "27": {
      "accuracy": 0.5545678734779358,
      "test_loss": 2.137316942214966,
      "precision": 1.0,
      "recall": 0.0,
      "f1_score": 0.0,
      "update_norm": 1.0975497961044312,
      "is_attacker": false
    },
    "28": {
      "accuracy": 0.5565365552902222,
      "test_loss": 2.1887152194976807,
      "precision": 1.0,
      "recall": 0.0,
      "f1_score": 0.0,
      "update_norm": 1.101697325706482,
      "is_attacker": false
    },
    "29": {
      "accuracy": 0.5551095008850098,
      "test_loss": 2.079983711242676,
      "precision": 1.0,
      "recall": 0.0,
      "f1_score": 0.0,
      "update_norm": 1.0997004508972168,
      "is_attacker": false
    },
    "30": {
      "accuracy": 0.5552728176116943,
      "test_loss": 2.106504440307617,
      "precision": 1.0,
      "recall": 0.0,
      "f1_score": 0.0,
      "update_norm": 1.1030138731002808,
      "is_attacker": false
    },
    "31": {
      "accuracy": 0.5600354075431824,
      "test_loss": 2.0802664756774902,
      "precision": 1.0,
      "recall": 0.0,
      "f1_score": 0.0,
      "update_norm": 1.102147102355957,
      "is_attacker": false
    },
    "32": {
      "accuracy": 0.5551696419715881,
      "test_loss": 2.124864101409912,
      "precision": 1.0,
      "recall": 0.0,
      "f1_score": 0.0,
      "update_norm": 1.0940996408462524,
      "is_attacker": false
    },
    "33": {
      "accuracy": 0.555866003036499,
      "test_loss": 2.103111982345581,
      "precision": 1.0,
      "recall": 0.0,
      "f1_score": 0.0,
      "update_norm": 1.0956461429595947,
      "is_attacker": false
    },
    "34": {
      "accuracy": 0.5538801550865173,
      "test_loss": 2.091578960418701,
      "precision": 1.0,