{
  "round": 77,
  "nodes": {
    "0": {
      "accuracy": 0.4899460971355438,
      "test_loss": 2.8846335411071777,
      "precision": 1.0,
      "recall": 0.0,
      "f1_score": 0.0,
      "update_norm": 1.1052643060684204,
      "is_attacker": true
    },
    "1": {
      "accuracy": 0.5266972184181213,
      "test_loss": 2.4735665321350098,
      "precision": 1.0,
      "recall": 0.0,
      "f1_score": 0.0,
      "update_norm": 1.1015291213989258,
      "is_attacker": true
    },
    "2": {
      "accuracy": 0.5683484673500061,
      "test_loss": 2.0804948806762695,
      "precision": 1.0,
      "recall": 0.0,
      "f1_score": 0.0,
      "update_norm": 1.1030603647232056,
      "is_attacker": true
    },
    "3": {
      "accuracy": 0.5110081434249878,
      "test_loss": 2.5351173877716064,
      "precision": 1.0,
      "recall": 0.0,
      "f1_score": 0.0,
      "update_norm": 1.0994668006896973,
      "is_attacker": true
    },
    "4": {
      "accuracy": 0.4900234639644623,
      "test_loss": 2.7097644805908203,
      "precision": 1.0,
      "recall": 0.0,
      "f1_score": 0.0,
      "update_norm": 1.098969578742981,
      "is_attacker": true
    },
    "5": {
      "accuracy": 0.5723201632499695,
      "test_loss": 2.122053384780884,
      "precision": 1.0,
      "recall": 0.0,
      "f1_score": 0.0,
      "update_norm": 1.0981312990188599,
      "is_attacker": false
    },
    "6": {
      "accuracy": 0.5694402456283569,
      "test_loss": 2.068286180496216,
      "precision": 1.0,
      "recall": 0.0,
      "f1_score": 0.0,
      "update_norm": 1.094939947128296,
      "is_attacker": false
    },
    "7": {
      "accuracy": 0.5632849931716919,
      "test_loss": 2.1830828189849854,
      "precision": 1.0,
      "recall": 0.0,
      "f1_score": 0.0,
      "update_norm": 1.1035435199737549,
      "is_attacker": false
    },
    "8": {
      "accuracy": 0.5454381108283997,
      "test_loss": 2.327214002609253,
      "precision": 1.0,
      "recall": 0.0,
      "f1_score": 0.0,
      "update_norm": 1.0995948314666748,
      "is_attacker": false
    },
    "9": {
      "accuracy": 0.5755525827407837,
      "test_loss": 2.1105446815490723,
      "precision": 1.0,
      "recall": 0.0,
      "f1_score": 0.0,
      "update_norm": 1.0990538597106934,
      "is_attacker": false
    },
    "10": {
      "accuracy": 0.5727414488792419,
      "test_loss": 2.0525963306427,
      "precision": 1.0,
      "recall": 0.0,
      "f1_score": 0.0,
      "update_norm": 1.0991451740264893,
      "is_attacker": false
    },
    "11": {
      "accuracy": 0.5726038813591003,
      "test_loss": 2.153968334197998,
      "precision": 1.0,
      "recall": 0.0,
      "f1_score": 0.0,
      "update_norm": 1.0981879234313965,
      "is_attacker": false
    },
    "12": {
      "accuracy": 0.5750367641448975,
      "test_loss": 2.057443618774414,
      "precision": 1.0,
      "recall": 0.0,
      "f1_score": 0.0,
      "update_norm": 1.099833369255066,
      "is_attacker": false
    },
    "13": {
      "accuracy": 0.5722600221633911,
      "test_loss": 2.1188108921051025,
      "precision": 1.0,
      "recall": 0.0,
      "f1_score": 0.0,
      "update_norm": 1.1000336408615112,
      "is_attacker": false
    },
    "14": {
      "accuracy": 0.5756471157073975,
      "test_loss": 2.0686562061309814,
      "precision": 1.0,
      "recall": 0.0,
      "f1_score": 0.0,
      "update_norm": 1.09660005569458,
      "is_attacker": false
    },
    "15": {
      "accuracy": 0.5630787014961243,
      "test_loss": 2.1416287422180176,
      "precision": 1.0,
      "recall": 0.0,
      "f1_score": 0.0,
      "update_norm": 1.0983924865722656,
      "is_attacker": false
    },
    "16": {
      "accuracy": 0.5764465928077698,
      "test_loss": 2.046605348587036,
      "precision": 1.0,
      "recall": 0.0,
      "f1_score": 0.0,
      "update_norm": 1.1002659797668457,
      "is_attacker": false
    },
    "17": {
      "accuracy": 0.5738332271575928,
      "test_loss": 2.0414483547210693,
      "precision": 1.0,
      "recall": 0.0,
      "f1_score": 0.0,
      "update_norm": 1.099381446838379,
      "is_attacker": false
    },
    "18": {
      "accuracy": 0.5747702717781067,
      "test_loss": 2.090827465057373,
      "precision": 1.0,
      "recall": 0.0,
      "f1_score": 0.0,
      "update_norm": 1.096566081047058,
      "is_attacker": false
    },
    "19": {
      "accuracy": 0.5699474811553955,
      "test_loss": 2.151116371154785,
      "precision": 1.0,
      "recall": 0.0,
      "f1_score": 0.0,
      "update_norm": 1.099655032157898,
      "is_attacker": false
    },
    "20": {
      "accuracy": 0.5748562216758728,
      "test_loss": 2.1018617153167725,
      "precision": 1.0,
      "recall": 0.0,
      "f1_score": 0.0,
      "update_norm": 1.1023056507110596,
      "is_attacker": false
    },
    "21": {
      "accuracy": 0.5705320835113525,
      "test_loss": 2.1005749702453613,
      "precision": 1.0,
      "recall": 0.0,
      "f1_score": 0.0,
      "update_norm": 1.1008325815200806,
      "is_attacker": false
    },
    "22": {
      "accuracy": 0.5739535689353943,
      "test_loss": 2.0787601470947266,
      "precision": 1.0,
      "recall": 0.0,
      "f1_score": 0.0,
      "update_norm": 1.0996010303497314,
      "is_attacker": false
    },
    "23": {
      "accuracy": 0.5736182928085327,
      "test_loss": 2.0507919788360596,
      "precision": 1.0,
      "recall": 0.0,
      "f1_score": 0.0,
      "update_norm": 1.0981087684631348,
      "is_attacker": false
    },
    "24": {
      "accuracy": 0.5666549205780029,
      "test_loss": 2.144887685775757,
      "precision": 1.0,
      "recall": 0.0,
      "f1_score": 0.0,
      "update_norm": 1.1059428453445435,
      "is_attacker": false
    },
    "25": {
      "accuracy": 0.5718129873275757,
      "test_loss": 2.1433568000793457,
      "precision": 1.0,
      "recall": 0.0,
      "f1_score": 0.0,
      "update_norm": 1.0978933572769165,
      "is_attacker": false
    },
    "26": {
      "accuracy": 0.5681421756744385,
      "test_loss": 2.060940980911255,
      "precision": 1.0,
      "recall": 0.0,
      "f1_score": 0.0,
      "update_norm": 1.0975321531295776,
      "is_attacker": false
    },
    "27": {
      "accuracy": 0.5734635591506958,
      "test_loss": 2.090144634246826,
      "precision": 1.0,
      "recall": 0.0,
      "f1_score": 0.0,
      "update_norm": 1.1025896072387695,
      "is_attacker": false
    },
    "28": {
      "accuracy": 0.5722256302833557,
      "test_loss": 2.145653486251831,
      "precision": 1.0,
      "recall": 0.0,
      "f1_score": 0.0,
      "update_norm": 1.1018564701080322,
      "is_attacker": false
    },
    "29": {
      "accuracy": 0.5693886876106262,
      "test_loss": 2.07535719871521,
      "precision": 1.0,
      "recall": 0.0,
      "f1_score": 0.0,
      "update_norm": 1.0986169576644897,
      "is_attacker": false
    },
    "30": {
      "accuracy": 0.5724748969078064,
      "test_loss": 2.1136202812194824,
      "precision": 1.0,
      "recall": 0.0,
      "f1_score": 0.0,
      "update_norm": 1.0975219011306763,
      "is_attacker": false
    },
    "31": {
      "accuracy": 0.5762574672698975,
      "test_loss": 2.0488128662109375,
      "precision": 1.0,
      "recall": 0.0,
      "f1_score": 0.0,
      "update_norm": 1.1006957292556763,
      "is_attacker": false
    },
    "32": {
      "accuracy": 0.5732572078704834,
      "test_loss": 2.0771617889404297,
      "precision": 1.0,
      "recall": 0.0,
      "f1_score": 0.0,
      "update_norm": 1.1020824909210205,
      "is_attacker": false
    },
    "33": {
      "accuracy": 0.5744091868400574,
      "test_loss": 2.05263352394104,
      "precision": 1.0,
      "recall": 0.0,
      "f1_score": 0.0,
      "update_norm": 1.0917412042617798,
      "is_attacker": false
    },
    "34": {
      "accuracy": 0.5735580921173096,
      "test_loss": 2.0788984298706055,
      "precision": 1.0,