{
  "round": 81,
  "nodes": {
    "0": {
      "accuracy": 0.481994092464447,
      "test_loss": 3.0742673873901367,
      "precision": 1.0,
      "recall": 0.0,
      "f1_score": 0.0,
      "update_norm": 1.1041566133499146,
      "is_attacker": true
    },
    "1": {
      "accuracy": 0.5272387862205505,
      "test_loss": 2.4979629516601562,
      "precision": 1.0,
      "recall": 0.0,
      "f1_score": 0.0,
      "update_norm": 1.10060715675354,
      "is_attacker": true
    },
    "2": {
      "accuracy": 0.5700850486755371,
      "test_loss": 2.080866575241089,
      "precision": 1.0,
      "recall": 0.0,
      "f1_score": 0.0,
      "update_norm": 1.1002159118652344,
      "is_attacker": true
    },
    "3": {
      "accuracy": 0.5028756260871887,
      "test_loss": 2.6111061573028564,
      "precision": 1.0,
      "recall": 0.0,
      "f1_score": 0.0,
      "update_norm": 1.0972660779953003,
      "is_attacker": true
    },
    "4": {
      "accuracy": 0.47435158491134644,
      "test_loss": 2.8640248775482178,
      "precision": 1.0,
      "recall": 0.0,
      "f1_score": 0.0,
      "update_norm": 1.0976041555404663,
      "is_attacker": true
    },
    "5": {
      "accuracy": 0.5755783319473267,
      "test_loss": 2.116415023803711,
      "precision": 1.0,
      "recall": 0.0,
      "f1_score": 0.0,
      "update_norm": 1.101850152015686,
      "is_attacker": false
    },
    "6": {
      "accuracy": 0.5767905116081238,
      "test_loss": 2.032726287841797,
      "precision": 1.0,
      "recall": 0.0,
      "f1_score": 0.0,
      "update_norm": 1.0995960235595703,
      "is_attacker": false
    },
    "7": {
      "accuracy": 0.5623393654823303,
      "test_loss": 2.2414567470550537,
      "precision": 1.0,
      "recall": 0.0,
      "f1_score": 0.0,
      "update_norm": 1.0988349914550781,
      "is_attacker": false
    },
    "8": {
      "accuracy": 0.5768506526947021,
      "test_loss": 2.066084146499634,
      "precision": 1.0,
      "recall": 0.0,
      "f1_score": 0.0,
      "update_norm": 1.0964059829711914,
      "is_attacker": false
    },
    "9": {
      "accuracy": 0.576524019241333,
      "test_loss": 2.178685426712036,
      "precision": 1.0,
      "recall": 0.0,
      "f1_score": 0.0,
      "update_norm": 1.0976823568344116,
      "is_attacker": false
    },
    "10": {
      "accuracy": 0.5761629343032837,
      "test_loss": 2.086672306060791,
      "precision": 1.0,
      "recall": 0.0,
      "f1_score": 0.0,
      "update_norm": 1.0975016355514526,
      "is_attacker": false
    },
    "11": {
      "accuracy": 0.5758190751075745,
      "test_loss": 2.131329298019409,
      "precision": 1.0,
      "recall": 0.0,
      "f1_score": 0.0,
      "update_norm": 1.0955506563186646,
      "is_attacker": false
    },
    "12": {
      "accuracy": 0.5795844197273254,
      "test_loss": 2.0382237434387207,
      "precision": 1.0,
      "recall": 0.0,
      "f1_score": 0.0,
      "update_norm": 1.1000001430511475,
      "is_attacker": false
    },
    "13": {
      "accuracy": 0.5770827531814575,
      "test_loss": 2.083469867706299,
      "precision": 1.0,
      "recall": 0.0,
      "f1_score": 0.0,
      "update_norm": 1.098246693611145,
      "is_attacker": false
    },
    "14": {
      "accuracy": 0.5796016454696655,
      "test_loss": 2.07314395904541,
      "precision": 1.0,
      "recall": 0.0,
      "f1_score": 0.0,
      "update_norm": 1.0969022512435913,
      "is_attacker": false
    },
    "15": {
      "accuracy": 0.56765216588974,
      "test_loss": 2.098911762237549,
      "precision": 1.0,
      "recall": 0.0,
      "f1_score": 0.0,
      "update_norm": 1.0967203378677368,
      "is_attacker": false
    },
    "16": {
      "accuracy": 0.5761715173721313,
      "test_loss": 2.0684337615966797,
      "precision": 1.0,
      "recall": 0.0,
      "f1_score": 0.0,
      "update_norm": 1.1027159690856934,
      "is_attacker": false
    },
    "17": {
      "accuracy": 0.5757932662963867,
      "test_loss": 2.047974109649658,
      "precision": 1.0,
      "recall": 0.0,
      "f1_score": 0.0,
      "update_norm": 1.100938320159912,
      "is_attacker": false
    },
    "18": {
      "accuracy": 0.5763434767723083,
      "test_loss": 2.0585672855377197,
      "precision": 1.0,
      "recall": 0.0,
      "f1_score": 0.0,
      "update_norm": 1.100467324256897,
      "is_attacker": false
    },
    "19": {
      "accuracy": 0.5766443610191345,
      "test_loss": 2.1539456844329834,
      "precision": 1.0,
      "recall": 0.0,
      "f1_score": 0.0,
      "update_norm": 1.0891598463058472,
      "is_attacker": false
    },
    "20": {
      "accuracy": 0.5746756792068481,
      "test_loss": 2.1128761768341064,
      "precision": 1.0,
      "recall": 0.0,
      "f1_score": 0.0,
      "update_norm": 1.0981147289276123,
      "is_attacker": false
    },
    "21": {
      "accuracy": 0.5755353569984436,
      "test_loss": 2.1007680892944336,
      "precision": 1.0,
      "recall": 0.0,
      "f1_score": 0.0,
      "update_norm": 1.1017735004425049,
      "is_attacker": false
    },
    "22": {
      "accuracy": 0.5744693875312805,
      "test_loss": 2.0801713466644287,
      "precision": 1.0,
      "recall": 0.0,
      "f1_score": 0.0,
      "update_norm": 1.0938903093338013,
      "is_attacker": false
    },
    "23": {
      "accuracy": 0.5754923820495605,
      "test_loss": 2.0517706871032715,
      "precision": 1.0,
      "recall": 0.0,
      "f1_score": 0.0,
      "update_norm": 1.1005926132202148,
      "is_attacker": false
    },
    "24": {
      "accuracy": 0.569870114326477,
      "test_loss": 2.1465580463409424,
      "precision": 1.0,
      "recall": 0.0,
      "f1_score": 0.0,
      "update_norm": 1.099684715270996,
      "is_attacker": false
    },
    "25": {
      "accuracy": 0.5744091868400574,
      "test_loss": 2.1098408699035645,
      "precision": 1.0,
      "recall": 0.0,
      "f1_score": 0.0,
      "update_norm": 1.1004356145858765,
      "is_attacker": false
    },
    "26": {
      "accuracy": 0.5739449858665466,
      "test_loss": 2.023064374923706,
      "precision": 1.0,
      "recall": 0.0,
      "f1_score": 0.0,
      "update_norm": 1.1002613306045532,
      "is_attacker": false
    },
    "27": {
      "accuracy": 0.5712369680404663,
      "test_loss": 2.142357587814331,
      "precision": 1.0,
      "recall": 0.0,
      "f1_score": 0.0,
      "update_norm": 1.1033439636230469,
      "is_attacker": false
    },
    "28": {
      "accuracy": 0.5762746930122375,
      "test_loss": 2.0944039821624756,
      "precision": 1.0,
      "recall": 0.0,
      "f1_score": 0.0,
      "update_norm": 1.098408579826355,
      "is_attacker": false
    },
    "29": {
      "accuracy": 0.572982132434845,
      "test_loss": 2.0677943229675293,
      "precision": 1.0,
      "recall": 0.0,
      "f1_score": 0.0,
      "update_norm": 1.0974955558776855,
      "is_attacker": false
    },
    "30": {
      "accuracy": 0.575569748878479,
      "test_loss": 2.101172924041748,
      "precision": 1.0,
      "recall": 0.0,
      "f1_score": 0.0,
      "update_norm": 1.0908554792404175,
      "is_attacker": false
    },
    "31": {
      "accuracy": 0.577744722366333,
      "test_loss": 2.070460319519043,
      "precision": 1.0,
      "recall": 0.0,
      "f1_score": 0.0,
      "update_norm": 1.0962449312210083,
      "is_attacker": false
    },
    "32": {
      "accuracy": 0.5765153765678406,
      "test_loss": 2.080420970916748,
      "precision": 1.0,
      "recall": 0.0,
      "f1_score": 0.0,
      "update_norm": 1.098327875137329,
      "is_attacker": false
    },
    "33": {
      "accuracy": 0.5789998769760132,
      "test_loss": 2.0191335678100586,
      "precision": 1.0,
      "recall": 0.0,
      "f1_score": 0.0,
      "update_norm": 1.1026850938796997,
      "is_attacker": false
    },
    "34": {
      "accuracy": 0.5757932662963867,
      "test_loss": 2.0439517498016357,
      "precision": 1.0,