{
  "round": 74,
  "nodes": {
    "0": {
      "accuracy": 0.496367871761322,
      "test_loss": 2.7601253986358643,
      "precision": 1.0,
      "recall": 0.0,
      "f1_score": 0.0,
      "update_norm": 1.0991430282592773,
      "is_attacker": true
    },
    "1": {
      "accuracy": 0.5287002325057983,
      "test_loss": 2.4157795906066895,
      "precision": 1.0,
      "recall": 0.0,
      "f1_score": 0.0,
      "update_norm": 1.0972497463226318,
      "is_attacker": true
    },
    "2": {
      "accuracy": 0.565889835357666,
      "test_loss": 2.0795958042144775,
      "precision": 1.0,
      "recall": 0.0,
      "f1_score": 0.0,
      "update_norm": 1.0913829803466797,
      "is_attacker": true
    },
    "3": {
      "accuracy": 0.5131229162216187,
      "test_loss": 2.503481388092041,
      "precision": 1.0,
      "recall": 0.0,
      "f1_score": 0.0,
      "update_norm": 1.1012165546417236,
      "is_attacker": true
    },
    "4": {
      "accuracy": 0.4951901137828827,
      "test_loss": 2.651449203491211,
      "precision": 1.0,
      "recall": 0.0,
      "f1_score": 0.0,
      "update_norm": 1.1048566102981567,
      "is_attacker": true
    },
    "5": {
      "accuracy": 0.5652106404304504,
      "test_loss": 2.098644971847534,
      "precision": 1.0,
      "recall": 0.0,
      "f1_score": 0.0,
      "update_norm": 1.0962138175964355,
      "is_attacker": false
    },
    "6": {
      "accuracy": 0.5687267184257507,
      "test_loss": 2.049406051635742,
      "precision": 1.0,
      "recall": 0.0,
      "f1_score": 0.0,
      "update_norm": 1.107255458831787,
      "is_attacker": false
    },
    "7": {
      "accuracy": 0.556235671043396,
      "test_loss": 2.231782913208008,
      "precision": 1.0,
      "recall": 0.0,
      "f1_score": 0.0,
      "update_norm": 1.0974575281143188,
      "is_attacker": false
    },
    "8": {
      "accuracy": 0.5707383751869202,
      "test_loss": 2.120143175125122,
      "precision": 1.0,
      "recall": 0.0,
      "f1_score": 0.0,
      "update_norm": 1.097599983215332,
      "is_attacker": false
    },
    "9": {
      "accuracy": 0.5739879608154297,
      "test_loss": 2.1255948543548584,
      "precision": 1.0,
      "recall": 0.0,
      "f1_score": 0.0,
      "update_norm": 1.0998114347457886,
      "is_attacker": false
    },
    "10": {
      "accuracy": 0.5661563277244568,
      "test_loss": 2.0983386039733887,
      "precision": 1.0,
      "recall": 0.0,
      "f1_score": 0.0,
      "update_norm": 1.0995118618011475,
      "is_attacker": false
    },
    "11": {
      "accuracy": 0.5701194405555725,
      "test_loss": 2.1268279552459717,
      "precision": 1.0,
      "recall": 0.0,
      "f1_score": 0.0,
      "update_norm": 1.096153974533081,
      "is_attacker": false
    },
    "12": {
      "accuracy": 0.5747702717781067,
      "test_loss": 2.0570058822631836,
      "precision": 1.0,
      "recall": 0.0,
      "f1_score": 0.0,
      "update_norm": 1.0954325199127197,
      "is_attacker": false
    },
    "13": {
      "accuracy": 0.5733174085617065,
      "test_loss": 2.0890207290649414,
      "precision": 1.0,
      "recall": 0.0,
      "f1_score": 0.0,
      "update_norm": 1.0953418016433716,
      "is_attacker": false
    },
    "14": {
      "accuracy": 0.5721912384033203,
      "test_loss": 2.1029536724090576,
      "precision": 1.0,
      "recall": 0.0,
      "f1_score": 0.0,
      "update_norm": 1.099326491355896,
      "is_attacker": false
    },
    "15": {
      "accuracy": 0.5592273473739624,
      "test_loss": 2.1544106006622314,
      "precision": 1.0,
      "recall": 0.0,
      "f1_score": 0.0,
      "update_norm": 1.0984175205230713,
      "is_attacker": false
    },
    "16": {
      "accuracy": 0.5725179314613342,
      "test_loss": 2.0781431198120117,
      "precision": 1.0,
      "recall": 0.0,
      "f1_score": 0.0,
      "update_norm": 1.0971828699111938,
      "is_attacker": false
    },
    "17": {
      "accuracy": 0.5700076818466187,
      "test_loss": 2.057546615600586,
      "precision": 1.0,
      "recall": 0.0,
      "f1_score": 0.0,
      "update_norm": 1.0988130569458008,
      "is_attacker": false
    },
    "18": {
      "accuracy": 0.5726984143257141,
      "test_loss": 2.086273431777954,
      "precision": 1.0,
      "recall": 0.0,
      "f1_score": 0.0,
      "update_norm": 1.1016569137573242,
      "is_attacker": false
    },
    "19": {
      "accuracy": 0.568090558052063,
      "test_loss": 2.185228109359741,
      "precision": 1.0,
      "recall": 0.0,
      "f1_score": 0.0,
      "update_norm": 1.0960683822631836,
      "is_attacker": false
    },
    "20": {
      "accuracy": 0.571804404258728,
      "test_loss": 2.112870693206787,
      "precision": 1.0,
      "recall": 0.0,
      "f1_score": 0.0,
      "update_norm": 1.100957989692688,
      "is_attacker": false
    },
    "21": {
      "accuracy": 0.56784987449646,
      "test_loss": 2.120920181274414,
      "precision": 1.0,
      "recall": 0.0,
      "f1_score": 0.0,
      "update_norm": 1.0957099199295044,
      "is_attacker": false
    },
    "22": {
      "accuracy": 0.5679014325141907,
      "test_loss": 2.1189701557159424,
      "precision": 1.0,
      "recall": 0.0,
      "f1_score": 0.0,
      "update_norm": 1.1018608808517456,
      "is_attacker": false
    },
    "23": {
      "accuracy": 0.5709103345870972,
      "test_loss": 2.0652823448181152,
      "precision": 1.0,
      "recall": 0.0,
      "f1_score": 0.0,
      "update_norm": 1.1049749851226807,
      "is_attacker": false
    },
    "24": {
      "accuracy": 0.5633967518806458,
      "test_loss": 2.161803960800171,
      "precision": 1.0,
      "recall": 0.0,
      "f1_score": 0.0,
      "update_norm": 1.0946648120880127,
      "is_attacker": false
    },
    "25": {
      "accuracy": 0.5684688091278076,
      "test_loss": 2.1197383403778076,
      "precision": 1.0,
      "recall": 0.0,
      "f1_score": 0.0,
      "update_norm": 1.099211573600769,
      "is_attacker": false
    },
    "26": {
      "accuracy": 0.5662336945533752,
      "test_loss": 2.0669779777526855,
      "precision": 1.0,
      "recall": 0.0,
      "f1_score": 0.0,
      "update_norm": 1.0967519283294678,
      "is_attacker": false
    },
    "27": {
      "accuracy": 0.569457471370697,
      "test_loss": 2.117473840713501,
      "precision": 1.0,
      "recall": 0.0,
      "f1_score": 0.0,
      "update_norm": 1.1011382341384888,
      "is_attacker": false
    },
    "28": {
      "accuracy": 0.5667495131492615,
      "test_loss": 2.127779245376587,
      "precision": 1.0,
      "recall": 0.0,
      "f1_score": 0.0,
      "update_norm": 1.0971708297729492,
      "is_attacker": false
    },
    "29": {
      "accuracy": 0.56784987449646,
      "test_loss": 2.088433265686035,
      "precision": 1.0,
      "recall": 0.0,
      "f1_score": 0.0,
      "update_norm": 1.0997004508972168,
      "is_attacker": false
    },
    "30": {
      "accuracy": 0.5710306763648987,
      "test_loss": 2.11161470413208,
      "precision": 1.0,
      "recall": 0.0,
      "f1_score": 0.0,
      "update_norm": 1.0990880727767944,
      "is_attacker": false
    },
    "31": {
      "accuracy": 0.5699388980865479,
      "test_loss": 2.088836908340454,
      "precision": 1.0,
      "recall": 0.0,
      "f1_score": 0.0,
      "update_norm": 1.1024525165557861,
      "is_attacker": false
    },
    "32": {
      "accuracy": 0.5690963864326477,
      "test_loss": 2.120306968688965,
      "precision": 1.0,
      "recall": 0.0,
      "f1_score": 0.0,
      "update_norm": 1.09498929977417,
      "is_attacker": false
    },
    "33": {
      "accuracy": 0.5711939930915833,
      "test_loss": 2.0684828758239746,
      "precision": 1.0,
      "recall": 0.0,
      "f1_score": 0.0,
      "update_norm": 1.0984407663345337,
      "is_attacker": false
    },
    "34": {
      "accuracy": 0.570850133895874,
      "test_loss": 2.072801113128662,
      "precision": 1.0,
      "recall": 0.0,