{
  "round": 15,
  "nodes": {
    "0": {
      "accuracy": 0.43650010228157043,
      "test_loss": 2.384453773498535,
      "precision": 1.0,
      "recall": 0.0,
      "f1_score": 0.0,
      "update_norm": 1.1016703844070435,
      "is_attacker": true
    },
    "1": {
      "accuracy": 0.4377982020378113,
      "test_loss": 2.3857614994049072,
      "precision": 1.0,
      "recall": 0.0,
      "f1_score": 0.0,
      "update_norm": 1.109094500541687,
      "is_attacker": true
    },
    "2": {
      "accuracy": 0.4361390173435211,
      "test_loss": 2.3872132301330566,
      "precision": 1.0,
      "recall": 0.0,
      "f1_score": 0.0,
      "update_norm": 1.105092167854309,
      "is_attacker": true
    },
    "3": {
      "accuracy": 0.4317202866077423,
      "test_loss": 2.403682231903076,
      "precision": 1.0,
      "recall": 0.0,
      "f1_score": 0.0,
      "update_norm": 1.1037888526916504,
      "is_attacker": true
    },
    "4": {
      "accuracy": 0.4361218214035034,
      "test_loss": 2.3959968090057373,
      "precision": 1.0,
      "recall": 0.0,
      "f1_score": 0.0,
      "update_norm": 1.1073921918869019,
      "is_attacker": true
    },
    "5": {
      "accuracy": 0.43324193358421326,
      "test_loss": 2.4331536293029785,
      "precision": 1.0,
      "recall": 0.0,
      "f1_score": 0.0,
      "update_norm": 1.1055090427398682,
      "is_attacker": false
    },
    "6": {
      "accuracy": 0.4303964078426361,
      "test_loss": 2.4122984409332275,
      "precision": 1.0,
      "recall": 0.0,
      "f1_score": 0.0,
      "update_norm": 1.1017075777053833,
      "is_attacker": false
    },
    "7": {
      "accuracy": 0.4299665689468384,
      "test_loss": 2.4500958919525146,
      "precision": 1.0,
      "recall": 0.0,
      "f1_score": 0.0,
      "update_norm": 1.1003929376602173,
      "is_attacker": false
    },
    "8": {
      "accuracy": 0.4321931302547455,
      "test_loss": 2.4179186820983887,
      "precision": 1.0,
      "recall": 0.0,
      "f1_score": 0.0,
      "update_norm": 1.0954833030700684,
      "is_attacker": false
    },
    "9": {
      "accuracy": 0.44175270199775696,
      "test_loss": 2.4166417121887207,
      "precision": 1.0,
      "recall": 0.0,
      "f1_score": 0.0,
      "update_norm": 1.0998705625534058,
      "is_attacker": false
    },
    "10": {
      "accuracy": 0.4335170090198517,
      "test_loss": 2.4165232181549072,
      "precision": 1.0,
      "recall": 0.0,
      "f1_score": 0.0,
      "update_norm": 1.1064565181732178,
      "is_attacker": false
    },
    "11": {
      "accuracy": 0.43178048729896545,
      "test_loss": 2.416259765625,
      "precision": 1.0,
      "recall": 0.0,
      "f1_score": 0.0,
      "update_norm": 1.1010500192642212,
      "is_attacker": false
    },
    "12": {
      "accuracy": 0.4371706247329712,
      "test_loss": 2.3828980922698975,
      "precision": 1.0,
      "recall": 0.0,
      "f1_score": 0.0,
      "update_norm": 1.1032973527908325,
      "is_attacker": false
    },
    "13": {
      "accuracy": 0.426605224609375,
      "test_loss": 2.4267709255218506,
      "precision": 1.0,
      "recall": 0.0,
      "f1_score": 0.0,
      "update_norm": 1.099133014678955,
      "is_attacker": false
    },
    "14": {
      "accuracy": 0.44617143273353577,
      "test_loss": 2.392160654067993,
      "precision": 1.0,
      "recall": 0.0,
      "f1_score": 0.0,
      "update_norm": 1.1073874235153198,
      "is_attacker": false
    },
    "15": {
      "accuracy": 0.43251121044158936,
      "test_loss": 2.4168953895568848,
      "precision": 1.0,
      "recall": 0.0,
      "f1_score": 0.0,
      "update_norm": 1.1028412580490112,
      "is_attacker": false
    },
    "16": {
      "accuracy": 0.44737496972084045,
      "test_loss": 2.3763537406921387,
      "precision": 1.0,
      "recall": 0.0,
      "f1_score": 0.0,
      "update_norm": 1.106839656829834,
      "is_attacker": false
    },
    "17": {
      "accuracy": 0.4195902943611145,
      "test_loss": 2.4287893772125244,
      "precision": 1.0,
      "recall": 0.0,
      "f1_score": 0.0,
      "update_norm": 1.1049530506134033,
      "is_attacker": false
    },
    "18": {
      "accuracy": 0.4329410493373871,
      "test_loss": 2.4144132137298584,
      "precision": 1.0,
      "recall": 0.0,
      "f1_score": 0.0,
      "update_norm": 1.0993093252182007,
      "is_attacker": false
    },
    "19": {
      "accuracy": 0.4303620159626007,
      "test_loss": 2.4549667835235596,
      "precision": 1.0,
      "recall": 0.0,
      "f1_score": 0.0,
      "update_norm": 1.103757381439209,
      "is_attacker": false
    },
    "20": {
      "accuracy": 0.4425607919692993,
      "test_loss": 2.3752098083496094,
      "precision": 1.0,
      "recall": 0.0,
      "f1_score": 0.0,
      "update_norm": 1.1011418104171753,
      "is_attacker": false
    },
    "21": {
      "accuracy": 0.44370415806770325,
      "test_loss": 2.405425786972046,
      "precision": 1.0,
      "recall": 0.0,
      "f1_score": 0.0,
      "update_norm": 1.095847487449646,
      "is_attacker": false
    },
    "22": {
      "accuracy": 0.43719643354415894,
      "test_loss": 2.40449857711792,
      "precision": 1.0,
      "recall": 0.0,
      "f1_score": 0.0,
      "update_norm": 1.0988223552703857,
      "is_attacker": false
    },
    "23": {
      "accuracy": 0.4333880543708801,
      "test_loss": 2.4090723991394043,
      "precision": 1.0,
      "recall": 0.0,
      "f1_score": 0.0,
      "update_norm": 1.1040455102920532,
      "is_attacker": false
    },
    "24": {
      "accuracy": 0.42485150694847107,
      "test_loss": 2.435805082321167,
      "precision": 1.0,
      "recall": 0.0,
      "f1_score": 0.0,
      "update_norm": 1.1054315567016602,
      "is_attacker": false
    },
    "25": {
      "accuracy": 0.4357435703277588,
      "test_loss": 2.418609142303467,
      "precision": 1.0,
      "recall": 0.0,
      "f1_score": 0.0,
      "update_norm": 1.102035641670227,
      "is_attacker": false
    },
    "26": {
      "accuracy": 0.43578657507896423,
      "test_loss": 2.4175875186920166,
      "precision": 1.0,
      "recall": 0.0,
      "f1_score": 0.0,
      "update_norm": 1.103021502494812,
      "is_attacker": false
    },
    "27": {
      "accuracy": 0.43308717012405396,
      "test_loss": 2.4070851802825928,
      "precision": 1.0,
      "recall": 0.0,
      "f1_score": 0.0,
      "update_norm": 1.1049853563308716,
      "is_attacker": false
    },
    "28": {
      "accuracy": 0.439216673374176,
      "test_loss": 2.398796319961548,
      "precision": 1.0,
      "recall": 0.0,
      "f1_score": 0.0,
      "update_norm": 1.1003527641296387,
      "is_attacker": false
    },
    "29": {
      "accuracy": 0.43830540776252747,
      "test_loss": 2.4122042655944824,
      "precision": 1.0,
      "recall": 0.0,
      "f1_score": 0.0,
      "update_norm": 1.1037304401397705,
      "is_attacker": false
    },
    "30": {
      "accuracy": 0.44022247195243835,
      "test_loss": 2.378124237060547,
      "precision": 1.0,
      "recall": 0.0,
      "f1_score": 0.0,
      "update_norm": 1.1024404764175415,
      "is_attacker": false
    },
    "31": {
      "accuracy": 0.43804749846458435,
      "test_loss": 2.387892484664917,
      "precision": 1.0,
      "recall": 0.0,
      "f1_score": 0.0,
      "update_norm": 1.0993353128433228,
      "is_attacker": false
    },
    "32": {
      "accuracy": 0.43348264694213867,
      "test_loss": 2.3933207988739014,
      "precision": 1.0,
      "recall": 0.0,
      "f1_score": 0.0,
      "update_norm": 1.1028720140457153,
      "is_attacker": false
    },
    "33": {
      "accuracy": 0.4410821497440338,
      "test_loss": 2.3867011070251465,
      "precision": 1.0,
      "recall": 0.0,
      "f1_score": 0.0,
      "update_norm": 1.104222059249878,
      "is_attacker": false
    },
    "34": {
      "accuracy": 0.4294077754020691,
      "test_loss": 2.410224199295044,