{
  "round": 38,
  "nodes": {
    "0": {
      "accuracy": 0.5262416005134583,
      "test_loss": 2.1521713733673096,
      "precision": 1.0,
      "recall": 0.0,
      "f1_score": 0.0,
      "update_norm": 1.1056567430496216,
      "is_attacker": true
    },
    "1": {
      "accuracy": 0.5301960706710815,
      "test_loss": 2.1356325149536133,
      "precision": 1.0,
      "recall": 0.0,
      "f1_score": 0.0,
      "update_norm": 1.0984716415405273,
      "is_attacker": true
    },
    "2": {
      "accuracy": 0.5288980007171631,
      "test_loss": 2.1260149478912354,
      "precision": 1.0,
      "recall": 0.0,
      "f1_score": 0.0,
      "update_norm": 1.0973931550979614,
      "is_attacker": true
    },
    "3": {
      "accuracy": 0.5197080373764038,
      "test_loss": 2.1738736629486084,
      "precision": 1.0,
      "recall": 0.0,
      "f1_score": 0.0,
      "update_norm": 1.1054264307022095,
      "is_attacker": true
    },
    "4": {
      "accuracy": 0.5170774459838867,
      "test_loss": 2.1762497425079346,
      "precision": 1.0,
      "recall": 0.0,
      "f1_score": 0.0,
      "update_norm": 1.0956759452819824,
      "is_attacker": true
    },
    "5": {
      "accuracy": 0.5205333232879639,
      "test_loss": 2.1942663192749023,
      "precision": 1.0,
      "recall": 0.0,
      "f1_score": 0.0,
      "update_norm": 1.1014773845672607,
      "is_attacker": false
    },
    "6": {
      "accuracy": 0.5245566368103027,
      "test_loss": 2.1624443531036377,
      "precision": 1.0,
      "recall": 0.0,
      "f1_score": 0.0,
      "update_norm": 1.101949691772461,
      "is_attacker": false
    },
    "7": {
      "accuracy": 0.5224847793579102,
      "test_loss": 2.2133114337921143,
      "precision": 1.0,
      "recall": 0.0,
      "f1_score": 0.0,
      "update_norm": 1.099226713180542,
      "is_attacker": false
    },
    "8": {
      "accuracy": 0.5255624651908875,
      "test_loss": 2.166753053665161,
      "precision": 1.0,
      "recall": 0.0,
      "f1_score": 0.0,
      "update_norm": 1.1020538806915283,
      "is_attacker": false
    },
    "9": {
      "accuracy": 0.5363427996635437,
      "test_loss": 2.179351806640625,
      "precision": 1.0,
      "recall": 0.0,
      "f1_score": 0.0,
      "update_norm": 1.093874454498291,
      "is_attacker": false
    },
    "10": {
      "accuracy": 0.5290957093238831,
      "test_loss": 2.1524574756622314,
      "precision": 1.0,
      "recall": 0.0,
      "f1_score": 0.0,
      "update_norm": 1.0978972911834717,
      "is_attacker": false
    },
    "11": {
      "accuracy": 0.5226739645004272,
      "test_loss": 2.1962926387786865,
      "precision": 1.0,
      "recall": 0.0,
      "f1_score": 0.0,
      "update_norm": 1.101263165473938,
      "is_attacker": false
    },
    "12": {
      "accuracy": 0.5197940468788147,
      "test_loss": 2.1634552478790283,
      "precision": 1.0,
      "recall": 0.0,
      "f1_score": 0.0,
      "update_norm": 1.0966451168060303,
      "is_attacker": false
    },
    "13": {
      "accuracy": 0.5273677706718445,
      "test_loss": 2.212831974029541,
      "precision": 1.0,
      "recall": 0.0,
      "f1_score": 0.0,
      "update_norm": 1.0984545946121216,
      "is_attacker": false
    },
    "14": {
      "accuracy": 0.5288980007171631,
      "test_loss": 2.182744026184082,
      "precision": 1.0,
      "recall": 0.0,
      "f1_score": 0.0,
      "update_norm": 1.1022013425827026,
      "is_attacker": false
    },
    "15": {
      "accuracy": 0.5223472714424133,
      "test_loss": 2.1770222187042236,
      "precision": 1.0,
      "recall": 0.0,
      "f1_score": 0.0,
      "update_norm": 1.0976940393447876,
      "is_attacker": false
    },
    "16": {
      "accuracy": 0.533970057964325,
      "test_loss": 2.188762903213501,
      "precision": 1.0,
      "recall": 0.0,
      "f1_score": 0.0,
      "update_norm": 1.0985043048858643,
      "is_attacker": false
    },
    "17": {
      "accuracy": 0.5180918574333191,
      "test_loss": 2.197421073913574,
      "precision": 1.0,
      "recall": 0.0,
      "f1_score": 0.0,
      "update_norm": 1.0981132984161377,
      "is_attacker": false
    },
    "18": {
      "accuracy": 0.5277202129364014,
      "test_loss": 2.1442408561706543,
      "precision": 1.0,
      "recall": 0.0,
      "f1_score": 0.0,
      "update_norm": 1.1016498804092407,
      "is_attacker": false
    },
    "19": {
      "accuracy": 0.5259751081466675,
      "test_loss": 2.211894989013672,
      "precision": 1.0,
      "recall": 0.0,
      "f1_score": 0.0,
      "update_norm": 1.101159930229187,
      "is_attacker": false
    },
    "20": {
      "accuracy": 0.5291559100151062,
      "test_loss": 2.187486410140991,
      "precision": 1.0,
      "recall": 0.0,
      "f1_score": 0.0,
      "update_norm": 1.0946491956710815,
      "is_attacker": false
    },
    "21": {
      "accuracy": 0.5287862420082092,
      "test_loss": 2.16371488571167,
      "precision": 1.0,
      "recall": 0.0,
      "f1_score": 0.0,
      "update_norm": 1.0992512702941895,
      "is_attacker": false
    },
    "22": {
      "accuracy": 0.5264478921890259,
      "test_loss": 2.1742825508117676,
      "precision": 1.0,
      "recall": 0.0,
      "f1_score": 0.0,
      "update_norm": 1.1001726388931274,
      "is_attacker": false
    },
    "23": {
      "accuracy": 0.5230866074562073,
      "test_loss": 2.1715424060821533,
      "precision": 1.0,
      "recall": 0.0,
      "f1_score": 0.0,
      "update_norm": 1.098254680633545,
      "is_attacker": false
    },
    "24": {
      "accuracy": 0.5231123566627502,
      "test_loss": 2.2108776569366455,
      "precision": 1.0,
      "recall": 0.0,
      "f1_score": 0.0,
      "update_norm": 1.0935797691345215,
      "is_attacker": false
    },
    "25": {
      "accuracy": 0.52802973985672,
      "test_loss": 2.193871021270752,
      "precision": 1.0,
      "recall": 0.0,
      "f1_score": 0.0,
      "update_norm": 1.090831995010376,
      "is_attacker": false
    },
    "26": {
      "accuracy": 0.5254077315330505,
      "test_loss": 2.177849531173706,
      "precision": 1.0,
      "recall": 0.0,
      "f1_score": 0.0,
      "update_norm": 1.1000125408172607,
      "is_attacker": false
    },
    "27": {
      "accuracy": 0.524530827999115,
      "test_loss": 2.177567481994629,
      "precision": 1.0,
      "recall": 0.0,
      "f1_score": 0.0,
      "update_norm": 1.0967023372650146,
      "is_attacker": false
    },
    "28": {
      "accuracy": 0.5283735990524292,
      "test_loss": 2.1643898487091064,
      "precision": 1.0,
      "recall": 0.0,
      "f1_score": 0.0,
      "update_norm": 1.0994914770126343,
      "is_attacker": false
    },
    "29": {
      "accuracy": 0.5264737010002136,
      "test_loss": 2.1662302017211914,
      "precision": 1.0,
      "recall": 0.0,
      "f1_score": 0.0,
      "update_norm": 1.0957330465316772,
      "is_attacker": false
    },
    "30": {
      "accuracy": 0.5273333787918091,
      "test_loss": 2.188491106033325,
      "precision": 1.0,
      "recall": 0.0,
      "f1_score": 0.0,
      "update_norm": 1.0945580005645752,
      "is_attacker": false
    },
    "31": {
      "accuracy": 0.5220463871955872,
      "test_loss": 2.181816577911377,
      "precision": 1.0,
      "recall": 0.0,
      "f1_score": 0.0,
      "update_norm": 1.0982149839401245,
      "is_attacker": false
    },
    "32": {
      "accuracy": 0.5229060649871826,
      "test_loss": 2.2143666744232178,
      "precision": 1.0,
      "recall": 0.0,
      "f1_score": 0.0,
      "update_norm": 1.0961798429489136,
      "is_attacker": false
    },
    "33": {
      "accuracy": 0.5279265642166138,
      "test_loss": 2.133267879486084,
      "precision": 1.0,
      "recall": 0.0,
      "f1_score": 0.0,
      "update_norm": 1.0997151136398315,
      "is_attacker": false
    },
    "34": {
      "accuracy": 0.5219088196754456,
      "test_loss": 2.1356148719787598,
      "precision": 1.0,