{
  "round": 39,
  "nodes": {
    "0": {
      "accuracy": 0.5257773399353027,
      "test_loss": 2.168609380722046,
      "precision": 1.0,
      "recall": 0.0,
      "f1_score": 0.0,
      "update_norm": 1.097961187362671,
      "is_attacker": true
    },
    "1": {
      "accuracy": 0.5309526324272156,
      "test_loss": 2.1463303565979004,
      "precision": 1.0,
      "recall": 0.0,
      "f1_score": 0.0,
      "update_norm": 1.097809910774231,
      "is_attacker": true
    },
    "2": {
      "accuracy": 0.5294911861419678,
      "test_loss": 2.1327595710754395,
      "precision": 1.0,
      "recall": 0.0,
      "f1_score": 0.0,
      "update_norm": 1.1033660173416138,
      "is_attacker": true
    },
    "3": {
      "accuracy": 0.5200862884521484,
      "test_loss": 2.1780636310577393,
      "precision": 1.0,
      "recall": 0.0,
      "f1_score": 0.0,
      "update_norm": 1.0942970514297485,
      "is_attacker": true
    },
    "4": {
      "accuracy": 0.517593264579773,
      "test_loss": 2.1793830394744873,
      "precision": 1.0,
      "recall": 0.0,
      "f1_score": 0.0,
      "update_norm": 1.1019200086593628,
      "is_attacker": true
    },
    "5": {
      "accuracy": 0.5259407162666321,
      "test_loss": 2.162748098373413,
      "precision": 1.0,
      "recall": 0.0,
      "f1_score": 0.0,
      "update_norm": 1.0995032787322998,
      "is_attacker": false
    },
    "6": {
      "accuracy": 0.5272387862205505,
      "test_loss": 2.139413833618164,
      "precision": 1.0,
      "recall": 0.0,
      "f1_score": 0.0,
      "update_norm": 1.100549340248108,
      "is_attacker": false
    },
    "7": {
      "accuracy": 0.5214617848396301,
      "test_loss": 2.228224515914917,
      "precision": 1.0,
      "recall": 0.0,
      "f1_score": 0.0,
      "update_norm": 1.0984623432159424,
      "is_attacker": false
    },
    "8": {
      "accuracy": 0.5277460217475891,
      "test_loss": 2.1651644706726074,
      "precision": 1.0,
      "recall": 0.0,
      "f1_score": 0.0,
      "update_norm": 1.0971341133117676,
      "is_attacker": false
    },
    "9": {
      "accuracy": 0.5351994037628174,
      "test_loss": 2.170125722885132,
      "precision": 1.0,
      "recall": 0.0,
      "f1_score": 0.0,
      "update_norm": 1.0982712507247925,
      "is_attacker": false
    },
    "10": {
      "accuracy": 0.529293417930603,
      "test_loss": 2.138828992843628,
      "precision": 1.0,
      "recall": 0.0,
      "f1_score": 0.0,
      "update_norm": 1.0980594158172607,
      "is_attacker": false
    },
    "11": {
      "accuracy": 0.5293536186218262,
      "test_loss": 2.1828081607818604,
      "precision": 1.0,
      "recall": 0.0,
      "f1_score": 0.0,
      "update_norm": 1.0964220762252808,
      "is_attacker": false
    },
    "12": {
      "accuracy": 0.5240150094032288,
      "test_loss": 2.124715566635132,
      "precision": 1.0,
      "recall": 0.0,
      "f1_score": 0.0,
      "update_norm": 1.0979406833648682,
      "is_attacker": false
    },
    "13": {
      "accuracy": 0.5307462811470032,
      "test_loss": 2.1548471450805664,
      "precision": 1.0,
      "recall": 0.0,
      "f1_score": 0.0,
      "update_norm": 1.0986734628677368,
      "is_attacker": false
    },
    "14": {
      "accuracy": 0.5312018990516663,
      "test_loss": 2.163179874420166,
      "precision": 1.0,
      "recall": 0.0,
      "f1_score": 0.0,
      "update_norm": 1.0982074737548828,
      "is_attacker": false
    },
    "15": {
      "accuracy": 0.5245222449302673,
      "test_loss": 2.1464171409606934,
      "precision": 1.0,
      "recall": 0.0,
      "f1_score": 0.0,
      "update_norm": 1.0945167541503906,
      "is_attacker": false
    },
    "16": {
      "accuracy": 0.5360504984855652,
      "test_loss": 2.162191390991211,
      "precision": 1.0,
      "recall": 0.0,
      "f1_score": 0.0,
      "update_norm": 1.0970666408538818,
      "is_attacker": false
    },
    "17": {
      "accuracy": 0.5243589282035828,
      "test_loss": 2.182966470718384,
      "precision": 1.0,
      "recall": 0.0,
      "f1_score": 0.0,
      "update_norm": 1.0986534357070923,
      "is_attacker": false
    },
    "18": {
      "accuracy": 0.5301703214645386,
      "test_loss": 2.1397523880004883,
      "precision": 1.0,
      "recall": 0.0,
      "f1_score": 0.0,
      "update_norm": 1.1038153171539307,
      "is_attacker": false
    },
    "19": {
      "accuracy": 0.5272302031517029,
      "test_loss": 2.1921133995056152,
      "precision": 1.0,
      "recall": 0.0,
      "f1_score": 0.0,
      "update_norm": 1.094164252281189,
      "is_attacker": false
    },
    "20": {
      "accuracy": 0.5315629839897156,
      "test_loss": 2.1626369953155518,
      "precision": 1.0,
      "recall": 0.0,
      "f1_score": 0.0,
      "update_norm": 1.0998671054840088,
      "is_attacker": false
    },
    "21": {
      "accuracy": 0.5309956073760986,
      "test_loss": 2.143933057785034,
      "precision": 1.0,
      "recall": 0.0,
      "f1_score": 0.0,
      "update_norm": 1.0947351455688477,
      "is_attacker": false
    },
    "22": {
      "accuracy": 0.5270840525627136,
      "test_loss": 2.1419403553009033,
      "precision": 1.0,
      "recall": 0.0,
      "f1_score": 0.0,
      "update_norm": 1.0986685752868652,
      "is_attacker": false
    },
    "23": {
      "accuracy": 0.5230178236961365,
      "test_loss": 2.1761045455932617,
      "precision": 1.0,
      "recall": 0.0,
      "f1_score": 0.0,
      "update_norm": 1.0980243682861328,
      "is_attacker": false
    },
    "24": {
      "accuracy": 0.5279179811477661,
      "test_loss": 2.186767339706421,
      "precision": 1.0,
      "recall": 0.0,
      "f1_score": 0.0,
      "update_norm": 1.0990612506866455,
      "is_attacker": false
    },
    "25": {
      "accuracy": 0.5278148055076599,
      "test_loss": 2.1810879707336426,
      "precision": 1.0,
      "recall": 0.0,
      "f1_score": 0.0,
      "update_norm": 1.0973113775253296,
      "is_attacker": false
    },
    "26": {
      "accuracy": 0.5252443552017212,
      "test_loss": 2.163961887359619,
      "precision": 1.0,
      "recall": 0.0,
      "f1_score": 0.0,
      "update_norm": 1.0998859405517578,
      "is_attacker": false
    },
    "27": {
      "accuracy": 0.5253217220306396,
      "test_loss": 2.161844253540039,
      "precision": 1.0,
      "recall": 0.0,
      "f1_score": 0.0,
      "update_norm": 1.0966416597366333,
      "is_attacker": false
    },
    "28": {
      "accuracy": 0.5315285921096802,
      "test_loss": 2.1619489192962646,
      "precision": 1.0,
      "recall": 0.0,
      "f1_score": 0.0,
      "update_norm": 1.0971007347106934,
      "is_attacker": false
    },
    "29": {
      "accuracy": 0.5290785431861877,
      "test_loss": 2.173994302749634,
      "precision": 1.0,
      "recall": 0.0,
      "f1_score": 0.0,
      "update_norm": 1.0961538553237915,
      "is_attacker": false
    },
    "30": {
      "accuracy": 0.5284595489501953,
      "test_loss": 2.185237169265747,
      "precision": 1.0,
      "recall": 0.0,
      "f1_score": 0.0,
      "update_norm": 1.0982201099395752,
      "is_attacker": false
    },
    "31": {
      "accuracy": 0.5230435729026794,
      "test_loss": 2.195019006729126,
      "precision": 1.0,
      "recall": 0.0,
      "f1_score": 0.0,
      "update_norm": 1.096468448638916,
      "is_attacker": false
    },
    "32": {
      "accuracy": 0.5272302031517029,
      "test_loss": 2.1628642082214355,
      "precision": 1.0,
      "recall": 0.0,
      "f1_score": 0.0,
      "update_norm": 1.102938175201416,
      "is_attacker": false
    },
    "33": {
      "accuracy": 0.5253819227218628,
      "test_loss": 2.169104814529419,
      "precision": 1.0,
      "recall": 0.0,
      "f1_score": 0.0,
      "update_norm": 1.0929665565490723,
      "is_attacker": false
    },
    "34": {
      "accuracy": 0.5243760943412781,
      "test_loss": 2.1451609134674072,
      "precision": 1.0,