{
  "round": 58,
  "nodes": {
    "0": {
      "accuracy": 0.514919638633728,
      "test_loss": 2.432786464691162,
      "precision": 1.0,
      "recall": 0.0,
      "f1_score": 0.0,
      "update_norm": 1.1009191274642944,
      "is_attacker": true
    },
    "1": {
      "accuracy": 0.5323367118835449,
      "test_loss": 2.299450635910034,
      "precision": 1.0,
      "recall": 0.0,
      "f1_score": 0.0,
      "update_norm": 1.1018917560577393,
      "is_attacker": true
    },
    "2": {
      "accuracy": 0.5537081956863403,
      "test_loss": 2.084474563598633,
      "precision": 1.0,
      "recall": 0.0,
      "f1_score": 0.0,
      "update_norm": 1.0982774496078491,
      "is_attacker": true
    },
    "3": {
      "accuracy": 0.5236711502075195,
      "test_loss": 2.2949862480163574,
      "precision": 1.0,
      "recall": 0.0,
      "f1_score": 0.0,
      "update_norm": 1.101868987083435,
      "is_attacker": true
    },
    "4": {
      "accuracy": 0.5197424292564392,
      "test_loss": 2.3118793964385986,
      "precision": 1.0,
      "recall": 0.0,
      "f1_score": 0.0,
      "update_norm": 1.0946919918060303,
      "is_attacker": true
    },
    "5": {
      "accuracy": 0.5510346293449402,
      "test_loss": 2.1171460151672363,
      "precision": 1.0,
      "recall": 0.0,
      "f1_score": 0.0,
      "update_norm": 1.0994131565093994,
      "is_attacker": false
    },
    "6": {
      "accuracy": 0.5524531006813049,
      "test_loss": 2.1260263919830322,
      "precision": 1.0,
      "recall": 0.0,
      "f1_score": 0.0,
      "update_norm": 1.0960497856140137,
      "is_attacker": false
    },
    "7": {
      "accuracy": 0.551103413105011,
      "test_loss": 2.1554300785064697,
      "precision": 1.0,
      "recall": 0.0,
      "f1_score": 0.0,
      "update_norm": 1.103505253791809,
      "is_attacker": false
    },
    "8": {
      "accuracy": 0.5508196949958801,
      "test_loss": 2.1895315647125244,
      "precision": 1.0,
      "recall": 0.0,
      "f1_score": 0.0,
      "update_norm": 1.0985532999038696,
      "is_attacker": false
    },
    "9": {
      "accuracy": 0.5597173571586609,
      "test_loss": 2.1321799755096436,
      "precision": 1.0,
      "recall": 0.0,
      "f1_score": 0.0,
      "update_norm": 1.1021226644515991,
      "is_attacker": false
    },
    "10": {
      "accuracy": 0.5536308288574219,
      "test_loss": 2.1320619583129883,
      "precision": 1.0,
      "recall": 0.0,
      "f1_score": 0.0,
      "update_norm": 1.1027332544326782,
      "is_attacker": false
    },
    "11": {
      "accuracy": 0.5533471703529358,
      "test_loss": 2.1518211364746094,
      "precision": 1.0,
      "recall": 0.0,
      "f1_score": 0.0,
      "update_norm": 1.0996509790420532,
      "is_attacker": false
    },
    "12": {
      "accuracy": 0.5555909276008606,
      "test_loss": 2.069565534591675,
      "precision": 1.0,
      "recall": 0.0,
      "f1_score": 0.0,
      "update_norm": 1.1006358861923218,
      "is_attacker": false
    },
    "13": {
      "accuracy": 0.5595883727073669,
      "test_loss": 2.094653844833374,
      "precision": 1.0,
      "recall": 0.0,
      "f1_score": 0.0,
      "update_norm": 1.1000136137008667,
      "is_attacker": false
    },
    "14": {
      "accuracy": 0.5556596517562866,
      "test_loss": 2.1137163639068604,
      "precision": 1.0,
      "recall": 0.0,
      "f1_score": 0.0,
      "update_norm": 1.0984870195388794,
      "is_attacker": false
    },
    "15": {
      "accuracy": 0.547578752040863,
      "test_loss": 2.1520819664001465,
      "precision": 1.0,
      "recall": 0.0,
      "f1_score": 0.0,
      "update_norm": 1.0934640169143677,
      "is_attacker": false
    },
    "16": {
      "accuracy": 0.555866003036499,
      "test_loss": 2.0893394947052,
      "precision": 1.0,
      "recall": 0.0,
      "f1_score": 0.0,
      "update_norm": 1.0906323194503784,
      "is_attacker": false
    },
    "17": {
      "accuracy": 0.5528141260147095,
      "test_loss": 2.096153974533081,
      "precision": 1.0,
      "recall": 0.0,
      "f1_score": 0.0,
      "update_norm": 1.1021347045898438,
      "is_attacker": false
    },
    "18": {
      "accuracy": 0.5575079917907715,
      "test_loss": 2.092482089996338,
      "precision": 1.0,
      "recall": 0.0,
      "f1_score": 0.0,
      "update_norm": 1.0985890626907349,
      "is_attacker": false
    },
    "19": {
      "accuracy": 0.5529860854148865,
      "test_loss": 2.1438393592834473,
      "precision": 1.0,
      "recall": 0.0,
      "f1_score": 0.0,
      "update_norm": 1.1012916564941406,
      "is_attacker": false
    },
    "20": {
      "accuracy": 0.5618321299552917,
      "test_loss": 2.0823893547058105,
      "precision": 1.0,
      "recall": 0.0,
      "f1_score": 0.0,
      "update_norm": 1.0997533798217773,
      "is_attacker": false
    },
    "21": {
      "accuracy": 0.5517051815986633,
      "test_loss": 2.175874710083008,
      "precision": 1.0,
      "recall": 0.0,
      "f1_score": 0.0,
      "update_norm": 1.0979819297790527,
      "is_attacker": false
    },
    "22": {
      "accuracy": 0.5507165193557739,
      "test_loss": 2.109691619873047,
      "precision": 1.0,
      "recall": 0.0,
      "f1_score": 0.0,
      "update_norm": 1.0979431867599487,
      "is_attacker": false
    },
    "23": {
      "accuracy": 0.5568116307258606,
      "test_loss": 2.102687120437622,
      "precision": 1.0,
      "recall": 0.0,
      "f1_score": 0.0,
      "update_norm": 1.0955610275268555,
      "is_attacker": false
    },
    "24": {
      "accuracy": 0.5536996126174927,
      "test_loss": 2.1477901935577393,
      "precision": 1.0,
      "recall": 0.0,
      "f1_score": 0.0,
      "update_norm": 1.102169394493103,
      "is_attacker": false
    },
    "25": {
      "accuracy": 0.5528313517570496,
      "test_loss": 2.134650468826294,
      "precision": 1.0,
      "recall": 0.0,
      "f1_score": 0.0,
      "update_norm": 1.0958555936813354,
      "is_attacker": false
    },
    "26": {
      "accuracy": 0.5498568415641785,
      "test_loss": 2.1433207988739014,
      "precision": 1.0,
      "recall": 0.0,
      "f1_score": 0.0,
      "update_norm": 1.0989787578582764,
      "is_attacker": false
    },
    "27": {
      "accuracy": 0.552496075630188,
      "test_loss": 2.125743865966797,
      "precision": 1.0,
      "recall": 0.0,
      "f1_score": 0.0,
      "update_norm": 1.105330228805542,
      "is_attacker": false
    },
    "28": {
      "accuracy": 0.555651068687439,
      "test_loss": 2.173200845718384,
      "precision": 1.0,
      "recall": 0.0,
      "f1_score": 0.0,
      "update_norm": 1.1016144752502441,
      "is_attacker": false
    },
    "29": {
      "accuracy": 0.5550751090049744,
      "test_loss": 2.086516857147217,
      "precision": 1.0,
      "recall": 0.0,
      "f1_score": 0.0,
      "update_norm": 1.1031413078308105,
      "is_attacker": false
    },
    "30": {
      "accuracy": 0.5540004968643188,
      "test_loss": 2.1127071380615234,
      "precision": 1.0,
      "recall": 0.0,
      "f1_score": 0.0,
      "update_norm": 1.0992556810379028,
      "is_attacker": false
    },
    "31": {
      "accuracy": 0.5574907660484314,
      "test_loss": 2.087106227874756,
      "precision": 1.0,
      "recall": 0.0,
      "f1_score": 0.0,
      "update_norm": 1.100661277770996,
      "is_attacker": false
    },
    "32": {
      "accuracy": 0.5530032515525818,
      "test_loss": 2.123321294784546,
      "precision": 1.0,
      "recall": 0.0,
      "f1_score": 0.0,
      "update_norm": 1.0947480201721191,
      "is_attacker": false
    },
    "33": {
      "accuracy": 0.5549289584159851,
      "test_loss": 2.105052947998047,
      "precision": 1.0,
      "recall": 0.0,
      "f1_score": 0.0,
      "update_norm": 1.1022251844406128,
      "is_attacker": false
    },
    "34": {
      "accuracy": 0.5536308288574219,
      "test_loss": 2.086184501647949,
      "precision": 1.0,