{
  "round": 16,
  "nodes": {
    "0": {
      "accuracy": 0.44506245851516724,
      "test_loss": 2.355119228363037,
      "precision": 1.0,
      "recall": 0.0,
      "f1_score": 0.0,
      "update_norm": 1.1087708473205566,
      "is_attacker": true
    },
    "1": {
      "accuracy": 0.44507965445518494,
      "test_loss": 2.360874652862549,
      "precision": 1.0,
      "recall": 0.0,
      "f1_score": 0.0,
      "update_norm": 1.0957720279693604,
      "is_attacker": true
    },
    "2": {
      "accuracy": 0.444916307926178,
      "test_loss": 2.3584072589874268,
      "precision": 1.0,
      "recall": 0.0,
      "f1_score": 0.0,
      "update_norm": 1.0993770360946655,
      "is_attacker": true
    },
    "3": {
      "accuracy": 0.4398958086967468,
      "test_loss": 2.3752667903900146,
      "precision": 1.0,
      "recall": 0.0,
      "f1_score": 0.0,
      "update_norm": 1.1021642684936523,
      "is_attacker": true
    },
    "4": {
      "accuracy": 0.4438675045967102,
      "test_loss": 2.3652572631835938,
      "precision": 1.0,
      "recall": 0.0,
      "f1_score": 0.0,
      "update_norm": 1.1026662588119507,
      "is_attacker": true
    },
    "5": {
      "accuracy": 0.4377724230289459,
      "test_loss": 2.405733108520508,
      "precision": 1.0,
      "recall": 0.0,
      "f1_score": 0.0,
      "update_norm": 1.1014926433563232,
      "is_attacker": false
    },
    "6": {
      "accuracy": 0.4390619397163391,
      "test_loss": 2.3883283138275146,
      "precision": 1.0,
      "recall": 0.0,
      "f1_score": 0.0,
      "update_norm": 1.0918539762496948,
      "is_attacker": false
    },
    "7": {
      "accuracy": 0.43726521730422974,
      "test_loss": 2.435950517654419,
      "precision": 1.0,
      "recall": 0.0,
      "f1_score": 0.0,
      "update_norm": 1.102381944656372,
      "is_attacker": false
    },
    "8": {
      "accuracy": 0.4411509335041046,
      "test_loss": 2.393340826034546,
      "precision": 1.0,
      "recall": 0.0,
      "f1_score": 0.0,
      "update_norm": 1.10263991355896,
      "is_attacker": false
    },
    "9": {
      "accuracy": 0.45111456513404846,
      "test_loss": 2.376936674118042,
      "precision": 1.0,
      "recall": 0.0,
      "f1_score": 0.0,
      "update_norm": 1.1022601127624512,
      "is_attacker": false
    },
    "10": {
      "accuracy": 0.4420450031757355,
      "test_loss": 2.387333631515503,
      "precision": 1.0,
      "recall": 0.0,
      "f1_score": 0.0,
      "update_norm": 1.100160837173462,
      "is_attacker": false
    },
    "11": {
      "accuracy": 0.44112515449523926,
      "test_loss": 2.3959553241729736,
      "precision": 1.0,
      "recall": 0.0,
      "f1_score": 0.0,
      "update_norm": 1.104742169380188,
      "is_attacker": false
    },
    "12": {
      "accuracy": 0.44542351365089417,
      "test_loss": 2.358541965484619,
      "precision": 1.0,
      "recall": 0.0,
      "f1_score": 0.0,
      "update_norm": 1.102341890335083,
      "is_attacker": false
    },
    "13": {
      "accuracy": 0.43813347816467285,
      "test_loss": 2.3917768001556396,
      "precision": 1.0,
      "recall": 0.0,
      "f1_score": 0.0,
      "update_norm": 1.0983002185821533,
      "is_attacker": false
    },
    "14": {
      "accuracy": 0.45456185936927795,
      "test_loss": 2.3738648891448975,
      "precision": 1.0,
      "recall": 0.0,
      "f1_score": 0.0,
      "update_norm": 1.1043922901153564,
      "is_attacker": false
    },
    "15": {
      "accuracy": 0.44676461815834045,
      "test_loss": 2.3763248920440674,
      "precision": 1.0,
      "recall": 0.0,
      "f1_score": 0.0,
      "update_norm": 1.1033376455307007,
      "is_attacker": false
    },
    "16": {
      "accuracy": 0.45266199111938477,
      "test_loss": 2.3639063835144043,
      "precision": 1.0,
      "recall": 0.0,
      "f1_score": 0.0,
      "update_norm": 1.099273443222046,
      "is_attacker": false
    },
    "17": {
      "accuracy": 0.43245962262153625,
      "test_loss": 2.386080503463745,
      "precision": 1.0,
      "recall": 0.0,
      "f1_score": 0.0,
      "update_norm": 1.101406455039978,
      "is_attacker": false
    },
    "18": {
      "accuracy": 0.44436612725257874,
      "test_loss": 2.3740956783294678,
      "precision": 1.0,
      "recall": 0.0,
      "f1_score": 0.0,
      "update_norm": 1.1044797897338867,
      "is_attacker": false
    },
    "19": {
      "accuracy": 0.44154638051986694,
      "test_loss": 2.42158842086792,
      "precision": 1.0,
      "recall": 0.0,
      "f1_score": 0.0,
      "update_norm": 1.0976312160491943,
      "is_attacker": false
    },
    "20": {
      "accuracy": 0.45262759923934937,
      "test_loss": 2.336925506591797,
      "precision": 1.0,
      "recall": 0.0,
      "f1_score": 0.0,
      "update_norm": 1.0967580080032349,
      "is_attacker": false
    },
    "21": {
      "accuracy": 0.452017217874527,
      "test_loss": 2.3716156482696533,
      "precision": 1.0,
      "recall": 0.0,
      "f1_score": 0.0,
      "update_norm": 1.0977661609649658,
      "is_attacker": false
    },
    "22": {
      "accuracy": 0.44990241527557373,
      "test_loss": 2.3781497478485107,
      "precision": 1.0,
      "recall": 0.0,
      "f1_score": 0.0,
      "update_norm": 1.1004672050476074,
      "is_attacker": false
    },
    "23": {
      "accuracy": 0.4440394341945648,
      "test_loss": 2.3719382286071777,
      "precision": 1.0,
      "recall": 0.0,
      "f1_score": 0.0,
      "update_norm": 1.1029413938522339,
      "is_attacker": false
    },
    "24": {
      "accuracy": 0.43582093715667725,
      "test_loss": 2.401470184326172,
      "precision": 1.0,
      "recall": 0.0,
      "f1_score": 0.0,
      "update_norm": 1.1042380332946777,
      "is_attacker": false
    },
    "25": {
      "accuracy": 0.4463433623313904,
      "test_loss": 2.388369560241699,
      "precision": 1.0,
      "recall": 0.0,
      "f1_score": 0.0,
      "update_norm": 1.100888729095459,
      "is_attacker": false
    },
    "26": {
      "accuracy": 0.4463261663913727,
      "test_loss": 2.3866751194000244,
      "precision": 1.0,
      "recall": 0.0,
      "f1_score": 0.0,
      "update_norm": 1.1056816577911377,
      "is_attacker": false
    },
    "27": {
      "accuracy": 0.44187307357788086,
      "test_loss": 2.369086503982544,
      "precision": 1.0,
      "recall": 0.0,
      "f1_score": 0.0,
      "update_norm": 1.0967909097671509,
      "is_attacker": false
    },
    "28": {
      "accuracy": 0.45019471645355225,
      "test_loss": 2.351330280303955,
      "precision": 1.0,
      "recall": 0.0,
      "f1_score": 0.0,
      "update_norm": 1.100966215133667,
      "is_attacker": false
    },
    "29": {
      "accuracy": 0.44841518998146057,
      "test_loss": 2.379185914993286,
      "precision": 1.0,
      "recall": 0.0,
      "f1_score": 0.0,
      "update_norm": 1.1021775007247925,
      "is_attacker": false
    },
    "30": {
      "accuracy": 0.4469795227050781,
      "test_loss": 2.3503167629241943,
      "precision": 1.0,
      "recall": 0.0,
      "f1_score": 0.0,
      "update_norm": 1.1014416217803955,
      "is_attacker": false
    },
    "31": {
      "accuracy": 0.44557827711105347,
      "test_loss": 2.356456995010376,
      "precision": 1.0,
      "recall": 0.0,
      "f1_score": 0.0,
      "update_norm": 1.0996034145355225,
      "is_attacker": false
    },
    "32": {
      "accuracy": 0.4530746340751648,
      "test_loss": 2.3370745182037354,
      "precision": 1.0,
      "recall": 0.0,
      "f1_score": 0.0,
      "update_norm": 1.1008484363555908,
      "is_attacker": false
    },
    "33": {
      "accuracy": 0.4482690393924713,
      "test_loss": 2.358123540878296,
      "precision": 1.0,
      "recall": 0.0,
      "f1_score": 0.0,
      "update_norm": 1.1040291786193848,
      "is_attacker": false
    },
    "34": {
      "accuracy": 0.43724802136421204,
      "test_loss": 2.38126802444458,