{
  "round": 42,
  "nodes": {
    "0": {
      "accuracy": 0.5253303050994873,
      "test_loss": 2.2074904441833496,
      "precision": 1.0,
      "recall": 0.0,
      "f1_score": 0.0,
      "update_norm": 1.0959707498550415,
      "is_attacker": true
    },
    "1": {
      "accuracy": 0.5321647524833679,
      "test_loss": 2.1744143962860107,
      "precision": 1.0,
      "recall": 0.0,
      "f1_score": 0.0,
      "update_norm": 1.0960720777511597,
      "is_attacker": true
    },
    "2": {
      "accuracy": 0.5343655347824097,
      "test_loss": 2.1343719959259033,
      "precision": 1.0,
      "recall": 0.0,
      "f1_score": 0.0,
      "update_norm": 1.1021487712860107,
      "is_attacker": true
    },
    "3": {
      "accuracy": 0.5232326984405518,
      "test_loss": 2.1818015575408936,
      "precision": 1.0,
      "recall": 0.0,
      "f1_score": 0.0,
      "update_norm": 1.0961015224456787,
      "is_attacker": true
    },
    "4": {
      "accuracy": 0.5202496647834778,
      "test_loss": 2.193774938583374,
      "precision": 1.0,
      "recall": 0.0,
      "f1_score": 0.0,
      "update_norm": 1.0981882810592651,
      "is_attacker": true
    },
    "5": {
      "accuracy": 0.5287346243858337,
      "test_loss": 2.1688811779022217,
      "precision": 1.0,
      "recall": 0.0,
      "f1_score": 0.0,
      "update_norm": 1.0970593690872192,
      "is_attacker": false
    },
    "6": {
      "accuracy": 0.5332479476928711,
      "test_loss": 2.1427173614501953,
      "precision": 1.0,
      "recall": 0.0,
      "f1_score": 0.0,
      "update_norm": 1.108127236366272,
      "is_attacker": false
    },
    "7": {
      "accuracy": 0.5316919088363647,
      "test_loss": 2.1758618354797363,
      "precision": 1.0,
      "recall": 0.0,
      "f1_score": 0.0,
      "update_norm": 1.1014788150787354,
      "is_attacker": false
    },
    "8": {
      "accuracy": 0.5335918068885803,
      "test_loss": 2.1375036239624023,
      "precision": 1.0,
      "recall": 0.0,
      "f1_score": 0.0,
      "update_norm": 1.1053705215454102,
      "is_attacker": false
    },
    "9": {
      "accuracy": 0.5407184958457947,
      "test_loss": 2.2051007747650146,
      "precision": 1.0,
      "recall": 0.0,
      "f1_score": 0.0,
      "update_norm": 1.0995254516601562,
      "is_attacker": false
    },
    "10": {
      "accuracy": 0.5340818166732788,
      "test_loss": 2.171823263168335,
      "precision": 1.0,
      "recall": 0.0,
      "f1_score": 0.0,
      "update_norm": 1.1009624004364014,
      "is_attacker": false
    },
    "11": {
      "accuracy": 0.5344514846801758,
      "test_loss": 2.178966999053955,
      "precision": 1.0,
      "recall": 0.0,
      "f1_score": 0.0,
      "update_norm": 1.0971401929855347,
      "is_attacker": false
    },
    "12": {
      "accuracy": 0.5331447720527649,
      "test_loss": 2.114988088607788,
      "precision": 1.0,
      "recall": 0.0,
      "f1_score": 0.0,
      "update_norm": 1.1030651330947876,
      "is_attacker": false
    },
    "13": {
      "accuracy": 0.5321561694145203,
      "test_loss": 2.164655923843384,
      "precision": 1.0,
      "recall": 0.0,
      "f1_score": 0.0,
      "update_norm": 1.0978363752365112,
      "is_attacker": false
    },
    "14": {
      "accuracy": 0.5349758863449097,
      "test_loss": 2.1636240482330322,
      "precision": 1.0,
      "recall": 0.0,
      "f1_score": 0.0,
      "update_norm": 1.0956236124038696,
      "is_attacker": false
    },
    "15": {
      "accuracy": 0.5258117318153381,
      "test_loss": 2.1510446071624756,
      "precision": 1.0,
      "recall": 0.0,
      "f1_score": 0.0,
      "update_norm": 1.0951944589614868,
      "is_attacker": false
    },
    "16": {
      "accuracy": 0.5367811918258667,
      "test_loss": 2.164905548095703,
      "precision": 1.0,
      "recall": 0.0,
      "f1_score": 0.0,
      "update_norm": 1.1039528846740723,
      "is_attacker": false
    },
    "17": {
      "accuracy": 0.5274623036384583,
      "test_loss": 2.19602370262146,
      "precision": 1.0,
      "recall": 0.0,
      "f1_score": 0.0,
      "update_norm": 1.100122332572937,
      "is_attacker": false
    },
    "18": {
      "accuracy": 0.5359387397766113,
      "test_loss": 2.1396031379699707,
      "precision": 1.0,
      "recall": 0.0,
      "f1_score": 0.0,
      "update_norm": 1.1019412279129028,
      "is_attacker": false
    },
    "19": {
      "accuracy": 0.5314942002296448,
      "test_loss": 2.196951389312744,
      "precision": 1.0,
      "recall": 0.0,
      "f1_score": 0.0,
      "update_norm": 1.1018177270889282,
      "is_attacker": false
    },
    "20": {
      "accuracy": 0.5380964875221252,
      "test_loss": 2.1373186111450195,
      "precision": 1.0,
      "recall": 0.0,
      "f1_score": 0.0,
      "update_norm": 1.0951504707336426,
      "is_attacker": false
    },
    "21": {
      "accuracy": 0.535947322845459,
      "test_loss": 2.135175943374634,
      "precision": 1.0,
      "recall": 0.0,
      "f1_score": 0.0,
      "update_norm": 1.0999720096588135,
      "is_attacker": false
    },
    "22": {
      "accuracy": 0.5302820801734924,
      "test_loss": 2.1576385498046875,
      "precision": 1.0,
      "recall": 0.0,
      "f1_score": 0.0,
      "update_norm": 1.100784182548523,
      "is_attacker": false
    },
    "23": {
      "accuracy": 0.5337121486663818,
      "test_loss": 2.142458200454712,
      "precision": 1.0,
      "recall": 0.0,
      "f1_score": 0.0,
      "update_norm": 1.1048635244369507,
      "is_attacker": false
    },
    "24": {
      "accuracy": 0.532749354839325,
      "test_loss": 2.1925265789031982,
      "precision": 1.0,
      "recall": 0.0,
      "f1_score": 0.0,
      "update_norm": 1.097769021987915,
      "is_attacker": false
    },
    "25": {
      "accuracy": 0.5316661596298218,
      "test_loss": 2.2069764137268066,
      "precision": 1.0,
      "recall": 0.0,
      "f1_score": 0.0,
      "update_norm": 1.0933786630630493,
      "is_attacker": false
    },
    "26": {
      "accuracy": 0.531399667263031,
      "test_loss": 2.143573045730591,
      "precision": 1.0,
      "recall": 0.0,
      "f1_score": 0.0,
      "update_norm": 1.0987340211868286,
      "is_attacker": false
    },
    "27": {
      "accuracy": 0.5301187038421631,
      "test_loss": 2.158322334289551,
      "precision": 1.0,
      "recall": 0.0,
      "f1_score": 0.0,
      "update_norm": 1.0990982055664062,
      "is_attacker": false
    },
    "28": {
      "accuracy": 0.5371766686439514,
      "test_loss": 2.1702322959899902,
      "precision": 1.0,
      "recall": 0.0,
      "f1_score": 0.0,
      "update_norm": 1.0969517230987549,
      "is_attacker": false
    },
    "29": {
      "accuracy": 0.5328524708747864,
      "test_loss": 2.1431634426116943,
      "precision": 1.0,
      "recall": 0.0,
      "f1_score": 0.0,
      "update_norm": 1.0986779928207397,
      "is_attacker": false
    },
    "30": {
      "accuracy": 0.5359387397766113,
      "test_loss": 2.1337168216705322,
      "precision": 1.0,
      "recall": 0.0,
      "f1_score": 0.0,
      "update_norm": 1.0958755016326904,
      "is_attacker": false
    },
    "31": {
      "accuracy": 0.5316231846809387,
      "test_loss": 2.176013231277466,
      "precision": 1.0,
      "recall": 0.0,
      "f1_score": 0.0,
      "update_norm": 1.1006883382797241,
      "is_attacker": false
    },
    "32": {
      "accuracy": 0.5306689143180847,
      "test_loss": 2.163489580154419,
      "precision": 1.0,
      "recall": 0.0,
      "f1_score": 0.0,
      "update_norm": 1.100641131401062,
      "is_attacker": false
    },
    "33": {
      "accuracy": 0.5295771360397339,
      "test_loss": 2.1491692066192627,
      "precision": 1.0,
      "recall": 0.0,
      "f1_score": 0.0,
      "update_norm": 1.0990687608718872,
      "is_attacker": false
    },
    "34": {
      "accuracy": 0.5288292169570923,
      "test_loss": 2.1500113010406494,
      "precision": 1.0,