{
  "round": 71,
  "nodes": {
    "0": {
      "accuracy": 0.5069418549537659,
      "test_loss": 2.621137857437134,
      "precision": 1.0,
      "recall": 0.0,
      "f1_score": 0.0,
      "update_norm": 1.105873465538025,
      "is_attacker": true
    },
    "1": {
      "accuracy": 0.532207727432251,
      "test_loss": 2.3806312084198,
      "precision": 1.0,
      "recall": 0.0,
      "f1_score": 0.0,
      "update_norm": 1.0983712673187256,
      "is_attacker": true
    },
    "2": {
      "accuracy": 0.5639297366142273,
      "test_loss": 2.086423635482788,
      "precision": 1.0,
      "recall": 0.0,
      "f1_score": 0.0,
      "update_norm": 1.102736234664917,
      "is_attacker": true
    },
    "3": {
      "accuracy": 0.5175760388374329,
      "test_loss": 2.437406539916992,
      "precision": 1.0,
      "recall": 0.0,
      "f1_score": 0.0,
      "update_norm": 1.1020987033843994,
      "is_attacker": true
    },
    "4": {
      "accuracy": 0.5013712048530579,
      "test_loss": 2.5686569213867188,
      "precision": 1.0,
      "recall": 0.0,
      "f1_score": 0.0,
      "update_norm": 1.1010520458221436,
      "is_attacker": true
    },
    "5": {
      "accuracy": 0.5661563277244568,
      "test_loss": 2.0816028118133545,
      "precision": 1.0,
      "recall": 0.0,
      "f1_score": 0.0,
      "update_norm": 1.0992190837860107,
      "is_attacker": false
    },
    "6": {
      "accuracy": 0.5574735999107361,
      "test_loss": 2.1688501834869385,
      "precision": 1.0,
      "recall": 0.0,
      "f1_score": 0.0,
      "update_norm": 1.102638602256775,
      "is_attacker": false
    },
    "7": {
      "accuracy": 0.5638867616653442,
      "test_loss": 2.121933698654175,
      "precision": 1.0,
      "recall": 0.0,
      "f1_score": 0.0,
      "update_norm": 1.099157452583313,
      "is_attacker": false
    },
    "8": {
      "accuracy": 0.5678842663764954,
      "test_loss": 2.0894596576690674,
      "precision": 1.0,
      "recall": 0.0,
      "f1_score": 0.0,
      "update_norm": 1.1005340814590454,
      "is_attacker": false
    },
    "9": {
      "accuracy": 0.571262776851654,
      "test_loss": 2.197122097015381,
      "precision": 1.0,
      "recall": 0.0,
      "f1_score": 0.0,
      "update_norm": 1.0929172039031982,
      "is_attacker": false
    },
    "10": {
      "accuracy": 0.56826251745224,
      "test_loss": 2.084481716156006,
      "precision": 1.0,
      "recall": 0.0,
      "f1_score": 0.0,
      "update_norm": 1.09735107421875,
      "is_attacker": false
    },
    "11": {
      "accuracy": 0.5675747990608215,
      "test_loss": 2.1321582794189453,
      "precision": 1.0,
      "recall": 0.0,
      "f1_score": 0.0,
      "update_norm": 1.0996547937393188,
      "is_attacker": false
    },
    "12": {
      "accuracy": 0.5715378522872925,
      "test_loss": 2.033752202987671,
      "precision": 1.0,
      "recall": 0.0,
      "f1_score": 0.0,
      "update_norm": 1.0977290868759155,
      "is_attacker": false
    },
    "13": {
      "accuracy": 0.5700334310531616,
      "test_loss": 2.1039886474609375,
      "precision": 1.0,
      "recall": 0.0,
      "f1_score": 0.0,
      "update_norm": 1.1057450771331787,
      "is_attacker": false
    },
    "14": {
      "accuracy": 0.5709447264671326,
      "test_loss": 2.0601227283477783,
      "precision": 1.0,
      "recall": 0.0,
      "f1_score": 0.0,
      "update_norm": 1.1006369590759277,
      "is_attacker": false
    },
    "15": {
      "accuracy": 0.55963134765625,
      "test_loss": 2.1240010261535645,
      "precision": 1.0,
      "recall": 0.0,
      "f1_score": 0.0,
      "update_norm": 1.0966356992721558,
      "is_attacker": false
    },
    "16": {
      "accuracy": 0.5699560642242432,
      "test_loss": 2.0576133728027344,
      "precision": 1.0,
      "recall": 0.0,
      "f1_score": 0.0,
      "update_norm": 1.0920604467391968,
      "is_attacker": false
    },
    "17": {
      "accuracy": 0.5659929513931274,
      "test_loss": 2.0611379146575928,
      "precision": 1.0,
      "recall": 0.0,
      "f1_score": 0.0,
      "update_norm": 1.0955917835235596,
      "is_attacker": false
    },
    "18": {
      "accuracy": 0.5725350975990295,
      "test_loss": 2.039344072341919,
      "precision": 1.0,
      "recall": 0.0,
      "f1_score": 0.0,
      "update_norm": 1.0963752269744873,
      "is_attacker": false
    },
    "19": {
      "accuracy": 0.5657264590263367,
      "test_loss": 2.177657127380371,
      "precision": 1.0,
      "recall": 0.0,
      "f1_score": 0.0,
      "update_norm": 1.1031274795532227,
      "is_attacker": false
    },
    "20": {
      "accuracy": 0.5718817710876465,
      "test_loss": 2.0850026607513428,
      "precision": 1.0,
      "recall": 0.0,
      "f1_score": 0.0,
      "update_norm": 1.0981124639511108,
      "is_attacker": false
    },
    "21": {
      "accuracy": 0.5664829611778259,
      "test_loss": 2.093822479248047,
      "precision": 1.0,
      "recall": 0.0,
      "f1_score": 0.0,
      "update_norm": 1.1072431802749634,
      "is_attacker": false
    },
    "22": {
      "accuracy": 0.5679358243942261,
      "test_loss": 2.082697629928589,
      "precision": 1.0,
      "recall": 0.0,
      "f1_score": 0.0,
      "update_norm": 1.0974628925323486,
      "is_attacker": false
    },
    "23": {
      "accuracy": 0.5664916038513184,
      "test_loss": 2.071824312210083,
      "precision": 1.0,
      "recall": 0.0,
      "f1_score": 0.0,
      "update_norm": 1.0978994369506836,
      "is_attacker": false
    },
    "24": {
      "accuracy": 0.5648323893547058,
      "test_loss": 2.1427805423736572,
      "precision": 1.0,
      "recall": 0.0,
      "f1_score": 0.0,
      "update_norm": 1.0985876321792603,
      "is_attacker": false
    },
    "25": {
      "accuracy": 0.566130518913269,
      "test_loss": 2.1361401081085205,
      "precision": 1.0,
      "recall": 0.0,
      "f1_score": 0.0,
      "update_norm": 1.1003445386886597,
      "is_attacker": false
    },
    "26": {
      "accuracy": 0.5632849931716919,
      "test_loss": 2.064378499984741,
      "precision": 1.0,
      "recall": 0.0,
      "f1_score": 0.0,
      "update_norm": 1.1013221740722656,
      "is_attacker": false
    },
    "27": {
      "accuracy": 0.5644713640213013,
      "test_loss": 2.1368014812469482,
      "precision": 1.0,
      "recall": 0.0,
      "f1_score": 0.0,
      "update_norm": 1.1013431549072266,
      "is_attacker": false
    },
    "28": {
      "accuracy": 0.566130518913269,
      "test_loss": 2.1113147735595703,
      "precision": 1.0,
      "recall": 0.0,
      "f1_score": 0.0,
      "update_norm": 1.0977386236190796,
      "is_attacker": false
    },
    "29": {
      "accuracy": 0.5643939971923828,
      "test_loss": 2.067331075668335,
      "precision": 1.0,
      "recall": 0.0,
      "f1_score": 0.0,
      "update_norm": 1.101718544960022,
      "is_attacker": false
    },
    "30": {
      "accuracy": 0.5670417547225952,
      "test_loss": 2.1065292358398438,
      "precision": 1.0,
      "recall": 0.0,
      "f1_score": 0.0,
      "update_norm": 1.0965075492858887,
      "is_attacker": false
    },
    "31": {
      "accuracy": 0.5702569484710693,
      "test_loss": 2.0514094829559326,
      "precision": 1.0,
      "recall": 0.0,
      "f1_score": 0.0,
      "update_norm": 1.099998116493225,
      "is_attacker": false
    },
    "32": {
      "accuracy": 0.5660617351531982,
      "test_loss": 2.11952805519104,
      "precision": 1.0,
      "recall": 0.0,
      "f1_score": 0.0,
      "update_norm": 1.10098397731781,
      "is_attacker": false
    },
    "33": {
      "accuracy": 0.5681679248809814,
      "test_loss": 2.070091724395752,
      "precision": 1.0,
      "recall": 0.0,
      "f1_score": 0.0,
      "update_norm": 1.0982030630111694,
      "is_attacker": false
    },
    "34": {
      "accuracy": 0.5652364492416382,
      "test_loss": 2.0910003185272217,
      "precision": 1.0,
      "recall": 0.0,