{
  "round": 52,
  "nodes": {
    "0": {
      "accuracy": 0.517464280128479,
      "test_loss": 2.353733539581299,
      "precision": 1.0,
      "recall": 0.0,
      "f1_score": 0.0,
      "update_norm": 1.1024771928787231,
      "is_attacker": true
    },
    "1": {
      "accuracy": 0.5298178195953369,
      "test_loss": 2.2701499462127686,
      "precision": 1.0,
      "recall": 0.0,
      "f1_score": 0.0,
      "update_norm": 1.0990560054779053,
      "is_attacker": true
    },
    "2": {
      "accuracy": 0.5455498695373535,
      "test_loss": 2.1093151569366455,
      "precision": 1.0,
      "recall": 0.0,
      "f1_score": 0.0,
      "update_norm": 1.097058653831482,
      "is_attacker": true
    },
    "3": {
      "accuracy": 0.512701690196991,
      "test_loss": 2.344843864440918,
      "precision": 1.0,
      "recall": 0.0,
      "f1_score": 0.0,
      "update_norm": 1.1033782958984375,
      "is_attacker": true
    },
    "4": {
      "accuracy": 0.5072513818740845,
      "test_loss": 2.3667445182800293,
      "precision": 1.0,
      "recall": 0.0,
      "f1_score": 0.0,
      "update_norm": 1.099879503250122,
      "is_attacker": true
    },
    "5": {
      "accuracy": 0.5399448275566101,
      "test_loss": 2.146266460418701,
      "precision": 1.0,
      "recall": 0.0,
      "f1_score": 0.0,
      "update_norm": 1.0995111465454102,
      "is_attacker": false
    },
    "6": {
      "accuracy": 0.5449567437171936,
      "test_loss": 2.1313343048095703,
      "precision": 1.0,
      "recall": 0.0,
      "f1_score": 0.0,
      "update_norm": 1.1056499481201172,
      "is_attacker": false
    },
    "7": {
      "accuracy": 0.5472004413604736,
      "test_loss": 2.1363112926483154,
      "precision": 1.0,
      "recall": 0.0,
      "f1_score": 0.0,
      "update_norm": 1.1001269817352295,
      "is_attacker": false
    },
    "8": {
      "accuracy": 0.5431600213050842,
      "test_loss": 2.164566993713379,
      "precision": 1.0,
      "recall": 0.0,
      "f1_score": 0.0,
      "update_norm": 1.0955969095230103,
      "is_attacker": false
    },
    "9": {
      "accuracy": 0.5507595539093018,
      "test_loss": 2.176931858062744,
      "precision": 1.0,
      "recall": 0.0,
      "f1_score": 0.0,
      "update_norm": 1.101167917251587,
      "is_attacker": false
    },
    "10": {
      "accuracy": 0.5465213060379028,
      "test_loss": 2.124683141708374,
      "precision": 1.0,
      "recall": 0.0,
      "f1_score": 0.0,
      "update_norm": 1.100767970085144,
      "is_attacker": false
    },
    "11": {
      "accuracy": 0.5449137091636658,
      "test_loss": 2.1629014015197754,
      "precision": 1.0,
      "recall": 0.0,
      "f1_score": 0.0,
      "update_norm": 1.0982521772384644,
      "is_attacker": false
    },
    "12": {
      "accuracy": 0.5444924831390381,
      "test_loss": 2.1036062240600586,
      "precision": 1.0,
      "recall": 0.0,
      "f1_score": 0.0,
      "update_norm": 1.0964624881744385,
      "is_attacker": false
    },
    "13": {
      "accuracy": 0.5494356155395508,
      "test_loss": 2.1673226356506348,
      "precision": 1.0,
      "recall": 0.0,
      "f1_score": 0.0,
      "update_norm": 1.0973201990127563,
      "is_attacker": false
    },
    "14": {
      "accuracy": 0.5493496656417847,
      "test_loss": 2.089423418045044,
      "precision": 1.0,
      "recall": 0.0,
      "f1_score": 0.0,
      "update_norm": 1.0985077619552612,
      "is_attacker": false
    },
    "15": {
      "accuracy": 0.543624222278595,
      "test_loss": 2.153576135635376,
      "precision": 1.0,
      "recall": 0.0,
      "f1_score": 0.0,
      "update_norm": 1.1002583503723145,
      "is_attacker": false
    },
    "16": {
      "accuracy": 0.5520060658454895,
      "test_loss": 2.107978343963623,
      "precision": 1.0,
      "recall": 0.0,
      "f1_score": 0.0,
      "update_norm": 1.0937515497207642,
      "is_attacker": false
    },
    "17": {
      "accuracy": 0.5450770854949951,
      "test_loss": 2.145350217819214,
      "precision": 1.0,
      "recall": 0.0,
      "f1_score": 0.0,
      "update_norm": 1.0949152708053589,
      "is_attacker": false
    },
    "18": {
      "accuracy": 0.5521866083145142,
      "test_loss": 2.0825695991516113,
      "precision": 1.0,
      "recall": 0.0,
      "f1_score": 0.0,
      "update_norm": 1.0999259948730469,
      "is_attacker": false
    },
    "19": {
      "accuracy": 0.5461430549621582,
      "test_loss": 2.173671245574951,
      "precision": 1.0,
      "recall": 0.0,
      "f1_score": 0.0,
      "update_norm": 1.100226879119873,
      "is_attacker": false
    },
    "20": {
      "accuracy": 0.5486791133880615,
      "test_loss": 2.173185110092163,
      "precision": 1.0,
      "recall": 0.0,
      "f1_score": 0.0,
      "update_norm": 1.0999891757965088,
      "is_attacker": false
    },
    "21": {
      "accuracy": 0.5479999780654907,
      "test_loss": 2.107393264770508,
      "precision": 1.0,
      "recall": 0.0,
      "f1_score": 0.0,
      "update_norm": 1.0999863147735596,
      "is_attacker": false
    },
    "22": {
      "accuracy": 0.5431944131851196,
      "test_loss": 2.1095588207244873,
      "precision": 1.0,
      "recall": 0.0,
      "f1_score": 0.0,
      "update_norm": 1.1004111766815186,
      "is_attacker": false
    },
    "23": {
      "accuracy": 0.5479827523231506,
      "test_loss": 2.1567914485931396,
      "precision": 1.0,
      "recall": 0.0,
      "f1_score": 0.0,
      "update_norm": 1.102097988128662,
      "is_attacker": false
    },
    "24": {
      "accuracy": 0.5486876964569092,
      "test_loss": 2.1871795654296875,
      "precision": 1.0,
      "recall": 0.0,
      "f1_score": 0.0,
      "update_norm": 1.097417950630188,
      "is_attacker": false
    },
    "25": {
      "accuracy": 0.5457046627998352,
      "test_loss": 2.1460773944854736,
      "precision": 1.0,
      "recall": 0.0,
      "f1_score": 0.0,
      "update_norm": 1.097310185432434,
      "is_attacker": false
    },
    "26": {
      "accuracy": 0.5440626740455627,
      "test_loss": 2.127830982208252,
      "precision": 1.0,
      "recall": 0.0,
      "f1_score": 0.0,
      "update_norm": 1.0958378314971924,
      "is_attacker": false
    },
    "27": {
      "accuracy": 0.543796181678772,
      "test_loss": 2.1185381412506104,
      "precision": 1.0,
      "recall": 0.0,
      "f1_score": 0.0,
      "update_norm": 1.0993914604187012,
      "is_attacker": false
    },
    "28": {
      "accuracy": 0.5491863489151001,
      "test_loss": 2.1737706661224365,
      "precision": 1.0,
      "recall": 0.0,
      "f1_score": 0.0,
      "update_norm": 1.0967507362365723,
      "is_attacker": false
    },
    "29": {
      "accuracy": 0.5456874370574951,
      "test_loss": 2.109459400177002,
      "precision": 1.0,
      "recall": 0.0,
      "f1_score": 0.0,
      "update_norm": 1.0962475538253784,
      "is_attacker": false
    },
    "30": {
      "accuracy": 0.5481289029121399,
      "test_loss": 2.151613712310791,
      "precision": 1.0,
      "recall": 0.0,
      "f1_score": 0.0,
      "update_norm": 1.0999605655670166,
      "is_attacker": false
    },
    "31": {
      "accuracy": 0.5479655861854553,
      "test_loss": 2.1066243648529053,
      "precision": 1.0,
      "recall": 0.0,
      "f1_score": 0.0,
      "update_norm": 1.101417064666748,
      "is_attacker": false
    },
    "32": {
      "accuracy": 0.5442947745323181,
      "test_loss": 2.1480746269226074,
      "precision": 1.0,
      "recall": 0.0,
      "f1_score": 0.0,
      "update_norm": 1.0941821336746216,
      "is_attacker": false
    },
    "33": {
      "accuracy": 0.5493754744529724,
      "test_loss": 2.0889875888824463,
      "precision": 1.0,
      "recall": 0.0,
      "f1_score": 0.0,
      "update_norm": 1.1004451513290405,
      "is_attacker": false
    },
    "34": {
      "accuracy": 0.5423433184623718,
      "test_loss": 2.133986234664917,
      "precision": 1.0,