{
  "round": 41,
  "nodes": {
    "0": {
      "accuracy": 0.5277374386787415,
      "test_loss": 2.1785340309143066,
      "precision": 1.0,
      "recall": 0.0,
      "f1_score": 0.0,
      "update_norm": 1.102008581161499,
      "is_attacker": true
    },
    "1": {
      "accuracy": 0.5324914455413818,
      "test_loss": 2.1553244590759277,
      "precision": 1.0,
      "recall": 0.0,
      "f1_score": 0.0,
      "update_norm": 1.1052279472351074,
      "is_attacker": true
    },
    "2": {
      "accuracy": 0.5327837467193604,
      "test_loss": 2.1290385723114014,
      "precision": 1.0,
      "recall": 0.0,
      "f1_score": 0.0,
      "update_norm": 1.09864342212677,
      "is_attacker": true
    },
    "3": {
      "accuracy": 0.5216423273086548,
      "test_loss": 2.1835711002349854,
      "precision": 1.0,
      "recall": 0.0,
      "f1_score": 0.0,
      "update_norm": 1.0959761142730713,
      "is_attacker": true
    },
    "4": {
      "accuracy": 0.5194329619407654,
      "test_loss": 2.1936731338500977,
      "precision": 1.0,
      "recall": 0.0,
      "f1_score": 0.0,
      "update_norm": 1.1008645296096802,
      "is_attacker": true
    },
    "5": {
      "accuracy": 0.5285454988479614,
      "test_loss": 2.1614787578582764,
      "precision": 1.0,
      "recall": 0.0,
      "f1_score": 0.0,
      "update_norm": 1.1037176847457886,
      "is_attacker": false
    },
    "6": {
      "accuracy": 0.5312879085540771,
      "test_loss": 2.1462531089782715,
      "precision": 1.0,
      "recall": 0.0,
      "f1_score": 0.0,
      "update_norm": 1.090266466140747,
      "is_attacker": false
    },
    "7": {
      "accuracy": 0.5303938388824463,
      "test_loss": 2.1765382289886475,
      "precision": 1.0,
      "recall": 0.0,
      "f1_score": 0.0,
      "update_norm": 1.0972881317138672,
      "is_attacker": false
    },
    "8": {
      "accuracy": 0.52925044298172,
      "test_loss": 2.156881093978882,
      "precision": 1.0,
      "recall": 0.0,
      "f1_score": 0.0,
      "update_norm": 1.0983954668045044,
      "is_attacker": false
    },
    "9": {
      "accuracy": 0.5380707383155823,
      "test_loss": 2.2024142742156982,
      "precision": 1.0,
      "recall": 0.0,
      "f1_score": 0.0,
      "update_norm": 1.099121332168579,
      "is_attacker": false
    },
    "10": {
      "accuracy": 0.5349844694137573,
      "test_loss": 2.1449084281921387,
      "precision": 1.0,
      "recall": 0.0,
      "f1_score": 0.0,
      "update_norm": 1.0982378721237183,
      "is_attacker": false
    },
    "11": {
      "accuracy": 0.5299811959266663,
      "test_loss": 2.1948952674865723,
      "precision": 1.0,
      "recall": 0.0,
      "f1_score": 0.0,
      "update_norm": 1.1018152236938477,
      "is_attacker": false
    },
    "12": {
      "accuracy": 0.5317779183387756,
      "test_loss": 2.1339902877807617,
      "precision": 1.0,
      "recall": 0.0,
      "f1_score": 0.0,
      "update_norm": 1.0918704271316528,
      "is_attacker": false
    },
    "13": {
      "accuracy": 0.5321733355522156,
      "test_loss": 2.1740753650665283,
      "precision": 1.0,
      "recall": 0.0,
      "f1_score": 0.0,
      "update_norm": 1.0971142053604126,
      "is_attacker": false
    },
    "14": {
      "accuracy": 0.5354400873184204,
      "test_loss": 2.1368539333343506,
      "precision": 1.0,
      "recall": 0.0,
      "f1_score": 0.0,
      "update_norm": 1.0989420413970947,
      "is_attacker": false
    },
    "15": {
      "accuracy": 0.5239118933677673,
      "test_loss": 2.1685354709625244,
      "precision": 1.0,
      "recall": 0.0,
      "f1_score": 0.0,
      "update_norm": 1.0968891382217407,
      "is_attacker": false
    },
    "16": {
      "accuracy": 0.5372110605239868,
      "test_loss": 2.1683409214019775,
      "precision": 1.0,
      "recall": 0.0,
      "f1_score": 0.0,
      "update_norm": 1.1016324758529663,
      "is_attacker": false
    },
    "17": {
      "accuracy": 0.5258890986442566,
      "test_loss": 2.1543657779693604,
      "precision": 1.0,
      "recall": 0.0,
      "f1_score": 0.0,
      "update_norm": 1.0983954668045044,
      "is_attacker": false
    },
    "18": {
      "accuracy": 0.5326032042503357,
      "test_loss": 2.167186975479126,
      "precision": 1.0,
      "recall": 0.0,
      "f1_score": 0.0,
      "update_norm": 1.1004267930984497,
      "is_attacker": false
    },
    "19": {
      "accuracy": 0.5272302031517029,
      "test_loss": 2.2241029739379883,
      "precision": 1.0,
      "recall": 0.0,
      "f1_score": 0.0,
      "update_norm": 1.0994298458099365,
      "is_attacker": false
    },
    "20": {
      "accuracy": 0.5375893115997314,
      "test_loss": 2.142894744873047,
      "precision": 1.0,
      "recall": 0.0,
      "f1_score": 0.0,
      "update_norm": 1.1006220579147339,
      "is_attacker": false
    },
    "21": {
      "accuracy": 0.534967303276062,
      "test_loss": 2.1133368015289307,
      "precision": 1.0,
      "recall": 0.0,
      "f1_score": 0.0,
      "update_norm": 1.096156120300293,
      "is_attacker": false
    },
    "22": {
      "accuracy": 0.5285454988479614,
      "test_loss": 2.1708590984344482,
      "precision": 1.0,
      "recall": 0.0,
      "f1_score": 0.0,
      "update_norm": 1.0988796949386597,
      "is_attacker": false
    },
    "23": {
      "accuracy": 0.5305141806602478,
      "test_loss": 2.145834445953369,
      "precision": 1.0,
      "recall": 0.0,
      "f1_score": 0.0,
      "update_norm": 1.097057580947876,
      "is_attacker": false
    },
    "24": {
      "accuracy": 0.528313398361206,
      "test_loss": 2.2059876918792725,
      "precision": 1.0,
      "recall": 0.0,
      "f1_score": 0.0,
      "update_norm": 1.100551962852478,
      "is_attacker": false
    },
    "25": {
      "accuracy": 0.5312191247940063,
      "test_loss": 2.1644883155822754,
      "precision": 1.0,
      "recall": 0.0,
      "f1_score": 0.0,
      "update_norm": 1.09458589553833,
      "is_attacker": false
    },
    "26": {
      "accuracy": 0.5264307260513306,
      "test_loss": 2.1650922298431396,
      "precision": 1.0,
      "recall": 0.0,
      "f1_score": 0.0,
      "update_norm": 1.1022980213165283,
      "is_attacker": false
    },
    "27": {
      "accuracy": 0.5290785431861877,
      "test_loss": 2.150017023086548,
      "precision": 1.0,
      "recall": 0.0,
      "f1_score": 0.0,
      "update_norm": 1.0938547849655151,
      "is_attacker": false
    },
    "28": {
      "accuracy": 0.5342967510223389,
      "test_loss": 2.1856017112731934,
      "precision": 1.0,
      "recall": 0.0,
      "f1_score": 0.0,
      "update_norm": 1.1041232347488403,
      "is_attacker": false
    },
    "29": {
      "accuracy": 0.5312535166740417,
      "test_loss": 2.1592838764190674,
      "precision": 1.0,
      "recall": 0.0,
      "f1_score": 0.0,
      "update_norm": 1.0993047952651978,
      "is_attacker": false
    },
    "30": {
      "accuracy": 0.5312448740005493,
      "test_loss": 2.16739559173584,
      "precision": 1.0,
      "recall": 0.0,
      "f1_score": 0.0,
      "update_norm": 1.094163417816162,
      "is_attacker": false
    },
    "31": {
      "accuracy": 0.5293106436729431,
      "test_loss": 2.153505325317383,
      "precision": 1.0,
      "recall": 0.0,
      "f1_score": 0.0,
      "update_norm": 1.0971144437789917,
      "is_attacker": false
    },
    "32": {
      "accuracy": 0.5307635068893433,
      "test_loss": 2.153613805770874,
      "precision": 1.0,
      "recall": 0.0,
      "f1_score": 0.0,
      "update_norm": 1.0999809503555298,
      "is_attacker": false
    },
    "33": {
      "accuracy": 0.5274365544319153,
      "test_loss": 2.139160633087158,
      "precision": 1.0,
      "recall": 0.0,
      "f1_score": 0.0,
      "update_norm": 1.0971436500549316,
      "is_attacker": false
    },
    "34": {
      "accuracy": 0.5284423828125,
      "test_loss": 2.136706590652466,
      "precision": 1.0,