{
  "round": 64,
  "nodes": {
    "0": {
      "accuracy": 0.5074061155319214,
      "test_loss": 2.5275990962982178,
      "precision": 1.0,
      "recall": 0.0,
      "f1_score": 0.0,
      "update_norm": 1.0963244438171387,
      "is_attacker": true
    },
    "1": {
      "accuracy": 0.5293020606040955,
      "test_loss": 2.3579046726226807,
      "precision": 1.0,
      "recall": 0.0,
      "f1_score": 0.0,
      "update_norm": 1.103749394416809,
      "is_attacker": true
    },
    "2": {
      "accuracy": 0.5605598092079163,
      "test_loss": 2.082585096359253,
      "precision": 1.0,
      "recall": 0.0,
      "f1_score": 0.0,
      "update_norm": 1.0994664430618286,
      "is_attacker": true
    },
    "3": {
      "accuracy": 0.5191148519515991,
      "test_loss": 2.377553701400757,
      "precision": 1.0,
      "recall": 0.0,
      "f1_score": 0.0,
      "update_norm": 1.1017097234725952,
      "is_attacker": true
    },
    "4": {
      "accuracy": 0.5088589787483215,
      "test_loss": 2.4620468616485596,
      "precision": 1.0,
      "recall": 0.0,
      "f1_score": 0.0,
      "update_norm": 1.1005743741989136,
      "is_attacker": true
    },
    "5": {
      "accuracy": 0.5566397309303284,
      "test_loss": 2.1356453895568848,
      "precision": 1.0,
      "recall": 0.0,
      "f1_score": 0.0,
      "update_norm": 1.101851463317871,
      "is_attacker": false
    },
    "6": {
      "accuracy": 0.5616000294685364,
      "test_loss": 2.097806692123413,
      "precision": 1.0,
      "recall": 0.0,
      "f1_score": 0.0,
      "update_norm": 1.1025148630142212,
      "is_attacker": false
    },
    "7": {
      "accuracy": 0.5510604381561279,
      "test_loss": 2.1622300148010254,
      "precision": 1.0,
      "recall": 0.0,
      "f1_score": 0.0,
      "update_norm": 1.0992491245269775,
      "is_attacker": false
    },
    "8": {
      "accuracy": 0.5600354075431824,
      "test_loss": 2.107393503189087,
      "precision": 1.0,
      "recall": 0.0,
      "f1_score": 0.0,
      "update_norm": 1.102982759475708,
      "is_attacker": false
    },
    "9": {
      "accuracy": 0.5649871230125427,
      "test_loss": 2.1434743404388428,
      "precision": 1.0,
      "recall": 0.0,
      "f1_score": 0.0,
      "update_norm": 1.1005584001541138,
      "is_attacker": false
    },
    "10": {
      "accuracy": 0.5610326528549194,
      "test_loss": 2.1296029090881348,
      "precision": 1.0,
      "recall": 0.0,
      "f1_score": 0.0,
      "update_norm": 1.0979881286621094,
      "is_attacker": false
    },
    "11": {
      "accuracy": 0.5593820810317993,
      "test_loss": 2.1764371395111084,
      "precision": 1.0,
      "recall": 0.0,
      "f1_score": 0.0,
      "update_norm": 1.094873070716858,
      "is_attacker": false
    },
    "12": {
      "accuracy": 0.5644455552101135,
      "test_loss": 2.0644760131835938,
      "precision": 1.0,
      "recall": 0.0,
      "f1_score": 0.0,
      "update_norm": 1.1024415493011475,
      "is_attacker": false
    },
    "13": {
      "accuracy": 0.5613850951194763,
      "test_loss": 2.1394975185394287,
      "precision": 1.0,
      "recall": 0.0,
      "f1_score": 0.0,
      "update_norm": 1.09637451171875,
      "is_attacker": false
    },
    "14": {
      "accuracy": 0.5636976361274719,
      "test_loss": 2.0623762607574463,
      "precision": 1.0,
      "recall": 0.0,
      "f1_score": 0.0,
      "update_norm": 1.0976307392120361,
      "is_attacker": false
    },
    "15": {
      "accuracy": 0.551756739616394,
      "test_loss": 2.166048526763916,
      "precision": 1.0,
      "recall": 0.0,
      "f1_score": 0.0,
      "update_norm": 1.1015419960021973,
      "is_attacker": false
    },
    "16": {
      "accuracy": 0.5617203712463379,
      "test_loss": 2.098327875137329,
      "precision": 1.0,
      "recall": 0.0,
      "f1_score": 0.0,
      "update_norm": 1.100232720375061,
      "is_attacker": false
    },
    "17": {
      "accuracy": 0.5585653781890869,
      "test_loss": 2.09814190864563,
      "precision": 1.0,
      "recall": 0.0,
      "f1_score": 0.0,
      "update_norm": 1.098569631576538,
      "is_attacker": false
    },
    "18": {
      "accuracy": 0.566302478313446,
      "test_loss": 2.066967248916626,
      "precision": 1.0,
      "recall": 0.0,
      "f1_score": 0.0,
      "update_norm": 1.1020771265029907,
      "is_attacker": false
    },
    "19": {
      "accuracy": 0.559562623500824,
      "test_loss": 2.144123077392578,
      "precision": 1.0,
      "recall": 0.0,
      "f1_score": 0.0,
      "update_norm": 1.097973108291626,
      "is_attacker": false
    },
    "20": {
      "accuracy": 0.5630443096160889,
      "test_loss": 2.1290597915649414,
      "precision": 1.0,
      "recall": 0.0,
      "f1_score": 0.0,
      "update_norm": 1.1015361547470093,
      "is_attacker": false
    },
    "21": {
      "accuracy": 0.5600612163543701,
      "test_loss": 2.0943233966827393,
      "precision": 1.0,
      "recall": 0.0,
      "f1_score": 0.0,
      "update_norm": 1.0914275646209717,
      "is_attacker": false
    },
    "22": {
      "accuracy": 0.5596571564674377,
      "test_loss": 2.083832263946533,
      "precision": 1.0,
      "recall": 0.0,
      "f1_score": 0.0,
      "update_norm": 1.1012450456619263,
      "is_attacker": false
    },
    "23": {
      "accuracy": 0.5599838495254517,
      "test_loss": 2.1101043224334717,
      "precision": 1.0,
      "recall": 0.0,
      "f1_score": 0.0,
      "update_norm": 1.0992603302001953,
      "is_attacker": false
    },
    "24": {
      "accuracy": 0.5597345232963562,
      "test_loss": 2.1249911785125732,
      "precision": 1.0,
      "recall": 0.0,
      "f1_score": 0.0,
      "update_norm": 1.0983550548553467,
      "is_attacker": false
    },
    "25": {
      "accuracy": 0.5563302040100098,
      "test_loss": 2.1669602394104004,
      "precision": 1.0,
      "recall": 0.0,
      "f1_score": 0.0,
      "update_norm": 1.0984773635864258,
      "is_attacker": false
    },
    "26": {
      "accuracy": 0.5571469068527222,
      "test_loss": 2.129516124725342,
      "precision": 1.0,
      "recall": 0.0,
      "f1_score": 0.0,
      "update_norm": 1.1019055843353271,
      "is_attacker": false
    },
    "27": {
      "accuracy": 0.5600096583366394,
      "test_loss": 2.1269001960754395,
      "precision": 1.0,
      "recall": 0.0,
      "f1_score": 0.0,
      "update_norm": 1.0967707633972168,
      "is_attacker": false
    },
    "28": {
      "accuracy": 0.5588490962982178,
      "test_loss": 2.149707317352295,
      "precision": 1.0,
      "recall": 0.0,
      "f1_score": 0.0,
      "update_norm": 1.1003609895706177,
      "is_attacker": false
    },
    "29": {
      "accuracy": 0.5605168342590332,
      "test_loss": 2.0746841430664062,
      "precision": 1.0,
      "recall": 0.0,
      "f1_score": 0.0,
      "update_norm": 1.09670889377594,
      "is_attacker": false
    },
    "30": {
      "accuracy": 0.5617547631263733,
      "test_loss": 2.1305031776428223,
      "precision": 1.0,
      "recall": 0.0,
      "f1_score": 0.0,
      "update_norm": 1.0974125862121582,
      "is_attacker": false
    },
    "31": {
      "accuracy": 0.5641446709632874,
      "test_loss": 2.0456106662750244,
      "precision": 1.0,
      "recall": 0.0,
      "f1_score": 0.0,
      "update_norm": 1.0965262651443481,
      "is_attacker": false
    },
    "32": {
      "accuracy": 0.5582559108734131,
      "test_loss": 2.1397452354431152,
      "precision": 1.0,
      "recall": 0.0,
      "f1_score": 0.0,
      "update_norm": 1.0971721410751343,
      "is_attacker": false
    },
    "33": {
      "accuracy": 0.5619696974754333,
      "test_loss": 2.083819627761841,
      "precision": 1.0,
      "recall": 0.0,
      "f1_score": 0.0,
      "update_norm": 1.094032883644104,
      "is_attacker": false
    },
    "34": {
      "accuracy": 0.5576885342597961,
      "test_loss": 2.0947563648223877,
      "precision": 1.0,