{
  "round": 49,
  "nodes": {
    "0": {
      "accuracy": 0.523353099822998,
      "test_loss": 2.2968344688415527,
      "precision": 1.0,
      "recall": 0.0,
      "f1_score": 0.0,
      "update_norm": 1.0991307497024536,
      "is_attacker": true
    },
    "1": {
      "accuracy": 0.532792329788208,
      "test_loss": 2.2308754920959473,
      "precision": 1.0,
      "recall": 0.0,
      "f1_score": 0.0,
      "update_norm": 1.098634958267212,
      "is_attacker": true
    },
    "2": {
      "accuracy": 0.5438047647476196,
      "test_loss": 2.1307733058929443,
      "precision": 1.0,
      "recall": 0.0,
      "f1_score": 0.0,
      "update_norm": 1.0939823389053345,
      "is_attacker": true
    },
    "3": {
      "accuracy": 0.5218228697776794,
      "test_loss": 2.263202428817749,
      "precision": 1.0,
      "recall": 0.0,
      "f1_score": 0.0,
      "update_norm": 1.0980949401855469,
      "is_attacker": true
    },
    "4": {
      "accuracy": 0.5166304111480713,
      "test_loss": 2.286473512649536,
      "precision": 1.0,
      "recall": 0.0,
      "f1_score": 0.0,
      "update_norm": 1.0996302366256714,
      "is_attacker": true
    },
    "5": {
      "accuracy": 0.5390851497650146,
      "test_loss": 2.1332223415374756,
      "precision": 1.0,
      "recall": 0.0,
      "f1_score": 0.0,
      "update_norm": 1.0978477001190186,
      "is_attacker": false
    },
    "6": {
      "accuracy": 0.5402801036834717,
      "test_loss": 2.159148693084717,
      "precision": 1.0,
      "recall": 0.0,
      "f1_score": 0.0,
      "update_norm": 1.0944992303848267,
      "is_attacker": false
    },
    "7": {
      "accuracy": 0.5417415499687195,
      "test_loss": 2.1745808124542236,
      "precision": 1.0,
      "recall": 0.0,
      "f1_score": 0.0,
      "update_norm": 1.0999715328216553,
      "is_attacker": false
    },
    "8": {
      "accuracy": 0.5446730256080627,
      "test_loss": 2.116586923599243,
      "precision": 1.0,
      "recall": 0.0,
      "f1_score": 0.0,
      "update_norm": 1.0972245931625366,
      "is_attacker": false
    },
    "9": {
      "accuracy": 0.5485931634902954,
      "test_loss": 2.1728270053863525,
      "precision": 1.0,
      "recall": 0.0,
      "f1_score": 0.0,
      "update_norm": 1.100630521774292,
      "is_attacker": false
    },
    "10": {
      "accuracy": 0.5478452444076538,
      "test_loss": 2.126091241836548,
      "precision": 1.0,
      "recall": 0.0,
      "f1_score": 0.0,
      "update_norm": 1.098381519317627,
      "is_attacker": false
    },
    "11": {
      "accuracy": 0.5407615303993225,
      "test_loss": 2.163616180419922,
      "precision": 1.0,
      "recall": 0.0,
      "f1_score": 0.0,
      "update_norm": 1.0965278148651123,
      "is_attacker": false
    },
    "12": {
      "accuracy": 0.5426269769668579,
      "test_loss": 2.1068203449249268,
      "precision": 1.0,
      "recall": 0.0,
      "f1_score": 0.0,
      "update_norm": 1.0998356342315674,
      "is_attacker": false
    },
    "13": {
      "accuracy": 0.5436156392097473,
      "test_loss": 2.176715135574341,
      "precision": 1.0,
      "recall": 0.0,
      "f1_score": 0.0,
      "update_norm": 1.1002191305160522,
      "is_attacker": false
    },
    "14": {
      "accuracy": 0.5449309349060059,
      "test_loss": 2.1002509593963623,
      "precision": 1.0,
      "recall": 0.0,
      "f1_score": 0.0,
      "update_norm": 1.1019333600997925,
      "is_attacker": false
    },
    "15": {
      "accuracy": 0.5366694331169128,
      "test_loss": 2.166426658630371,
      "precision": 1.0,
      "recall": 0.0,
      "f1_score": 0.0,
      "update_norm": 1.0993794202804565,
      "is_attacker": false
    },
    "16": {
      "accuracy": 0.549298107624054,
      "test_loss": 2.1048452854156494,
      "precision": 1.0,
      "recall": 0.0,
      "f1_score": 0.0,
      "update_norm": 1.095814824104309,
      "is_attacker": false
    },
    "17": {
      "accuracy": 0.543452262878418,
      "test_loss": 2.1490252017974854,
      "precision": 1.0,
      "recall": 0.0,
      "f1_score": 0.0,
      "update_norm": 1.091458797454834,
      "is_attacker": false
    },
    "18": {
      "accuracy": 0.5494958162307739,
      "test_loss": 2.1028101444244385,
      "precision": 1.0,
      "recall": 0.0,
      "f1_score": 0.0,
      "update_norm": 1.096364974975586,
      "is_attacker": false
    },
    "19": {
      "accuracy": 0.5422143340110779,
      "test_loss": 2.19726824760437,
      "precision": 1.0,
      "recall": 0.0,
      "f1_score": 0.0,
      "update_norm": 1.1002517938613892,
      "is_attacker": false
    },
    "20": {
      "accuracy": 0.546796441078186,
      "test_loss": 2.142132520675659,
      "precision": 1.0,
      "recall": 0.0,
      "f1_score": 0.0,
      "update_norm": 1.1031007766723633,
      "is_attacker": false
    },
    "21": {
      "accuracy": 0.5453607439994812,
      "test_loss": 2.1164557933807373,
      "precision": 1.0,
      "recall": 0.0,
      "f1_score": 0.0,
      "update_norm": 1.0972126722335815,
      "is_attacker": false
    },
    "22": {
      "accuracy": 0.5395235419273376,
      "test_loss": 2.1382997035980225,
      "precision": 1.0,
      "recall": 0.0,
      "f1_score": 0.0,
      "update_norm": 1.0954418182373047,
      "is_attacker": false
    },
    "23": {
      "accuracy": 0.5451630353927612,
      "test_loss": 2.1374454498291016,
      "precision": 1.0,
      "recall": 0.0,
      "f1_score": 0.0,
      "update_norm": 1.100280523300171,
      "is_attacker": false
    },
    "24": {
      "accuracy": 0.5419220924377441,
      "test_loss": 2.182257652282715,
      "precision": 1.0,
      "recall": 0.0,
      "f1_score": 0.0,
      "update_norm": 1.1008989810943604,
      "is_attacker": false
    },
    "25": {
      "accuracy": 0.5432631373405457,
      "test_loss": 2.134646415710449,
      "precision": 1.0,
      "recall": 0.0,
      "f1_score": 0.0,
      "update_norm": 1.1023907661437988,
      "is_attacker": false
    },
    "26": {
      "accuracy": 0.5413546562194824,
      "test_loss": 2.136695146560669,
      "precision": 1.0,
      "recall": 0.0,
      "f1_score": 0.0,
      "update_norm": 1.0962196588516235,
      "is_attacker": false
    },
    "27": {
      "accuracy": 0.5407184958457947,
      "test_loss": 2.1212563514709473,
      "precision": 1.0,
      "recall": 0.0,
      "f1_score": 0.0,
      "update_norm": 1.1021479368209839,
      "is_attacker": false
    },
    "28": {
      "accuracy": 0.544819176197052,
      "test_loss": 2.1828153133392334,
      "precision": 1.0,
      "recall": 0.0,
      "f1_score": 0.0,
      "update_norm": 1.1003137826919556,
      "is_attacker": false
    },
    "29": {
      "accuracy": 0.5429966449737549,
      "test_loss": 2.116021156311035,
      "precision": 1.0,
      "recall": 0.0,
      "f1_score": 0.0,
      "update_norm": 1.0973286628723145,
      "is_attacker": false
    },
    "30": {
      "accuracy": 0.5428504943847656,
      "test_loss": 2.1357903480529785,
      "precision": 1.0,
      "recall": 0.0,
      "f1_score": 0.0,
      "update_norm": 1.1000421047210693,
      "is_attacker": false
    },
    "31": {
      "accuracy": 0.5409592390060425,
      "test_loss": 2.1245458126068115,
      "precision": 1.0,
      "recall": 0.0,
      "f1_score": 0.0,
      "update_norm": 1.0972967147827148,
      "is_attacker": false
    },
    "32": {
      "accuracy": 0.541732907295227,
      "test_loss": 2.141508102416992,
      "precision": 1.0,
      "recall": 0.0,
      "f1_score": 0.0,
      "update_norm": 1.0995540618896484,
      "is_attacker": false
    },
    "33": {
      "accuracy": 0.5437359809875488,
      "test_loss": 2.1043081283569336,
      "precision": 1.0,
      "recall": 0.0,
      "f1_score": 0.0,
      "update_norm": 1.0983785390853882,
      "is_attacker": false
    },
    "34": {
      "accuracy": 0.5385607481002808,
      "test_loss": 2.1408636569976807,
      "precision": 1.0,