{
  "round": 31,
  "nodes": {
    "0": {
      "accuracy": 0.5128478407859802,
      "test_loss": 2.161261558532715,
      "precision": 1.0,
      "recall": 0.0,
      "f1_score": 0.0,
      "update_norm": 1.1023222208023071,
      "is_attacker": true
    },
    "1": {
      "accuracy": 0.5159254670143127,
      "test_loss": 2.153961181640625,
      "precision": 1.0,
      "recall": 0.0,
      "f1_score": 0.0,
      "update_norm": 1.1004036664962769,
      "is_attacker": true
    },
    "2": {
      "accuracy": 0.5157105922698975,
      "test_loss": 2.151184320449829,
      "precision": 1.0,
      "recall": 0.0,
      "f1_score": 0.0,
      "update_norm": 1.0991219282150269,
      "is_attacker": true
    },
    "3": {
      "accuracy": 0.508025050163269,
      "test_loss": 2.1919548511505127,
      "precision": 1.0,
      "recall": 0.0,
      "f1_score": 0.0,
      "update_norm": 1.1032565832138062,
      "is_attacker": true
    },
    "4": {
      "accuracy": 0.5062627196311951,
      "test_loss": 2.1926541328430176,
      "precision": 1.0,
      "recall": 0.0,
      "f1_score": 0.0,
      "update_norm": 1.0955322980880737,
      "is_attacker": true
    },
    "5": {
      "accuracy": 0.5105525255203247,
      "test_loss": 2.2160074710845947,
      "precision": 1.0,
      "recall": 0.0,
      "f1_score": 0.0,
      "update_norm": 1.100178837776184,
      "is_attacker": false
    },
    "6": {
      "accuracy": 0.505024790763855,
      "test_loss": 2.20512056350708,
      "precision": 1.0,
      "recall": 0.0,
      "f1_score": 0.0,
      "update_norm": 1.0952638387680054,
      "is_attacker": false
    },
    "7": {
      "accuracy": 0.5132175087928772,
      "test_loss": 2.2109811305999756,
      "precision": 1.0,
      "recall": 0.0,
      "f1_score": 0.0,
      "update_norm": 1.1001747846603394,
      "is_attacker": false
    },
    "8": {
      "accuracy": 0.5124266147613525,
      "test_loss": 2.221785068511963,
      "precision": 1.0,
      "recall": 0.0,
      "f1_score": 0.0,
      "update_norm": 1.098617672920227,
      "is_attacker": false
    },
    "9": {
      "accuracy": 0.5189085602760315,
      "test_loss": 2.2532079219818115,
      "precision": 1.0,
      "recall": 0.0,
      "f1_score": 0.0,
      "update_norm": 1.0993196964263916,
      "is_attacker": false
    },
    "10": {
      "accuracy": 0.5131057500839233,
      "test_loss": 2.1848766803741455,
      "precision": 1.0,
      "recall": 0.0,
      "f1_score": 0.0,
      "update_norm": 1.096989631652832,
      "is_attacker": false
    },
    "11": {
      "accuracy": 0.508979320526123,
      "test_loss": 2.2394492626190186,
      "precision": 1.0,
      "recall": 0.0,
      "f1_score": 0.0,
      "update_norm": 1.0977184772491455,
      "is_attacker": false
    },
    "12": {
      "accuracy": 0.5067699551582336,
      "test_loss": 2.166506052017212,
      "precision": 1.0,
      "recall": 0.0,
      "f1_score": 0.0,
      "update_norm": 1.1004780530929565,
      "is_attacker": false
    },
    "13": {
      "accuracy": 0.511962354183197,
      "test_loss": 2.183196783065796,
      "precision": 1.0,
      "recall": 0.0,
      "f1_score": 0.0,
      "update_norm": 1.0949969291687012,
      "is_attacker": false
    },
    "14": {
      "accuracy": 0.5151517987251282,
      "test_loss": 2.2108099460601807,
      "precision": 1.0,
      "recall": 0.0,
      "f1_score": 0.0,
      "update_norm": 1.0987091064453125,
      "is_attacker": false
    },
    "15": {
      "accuracy": 0.5062971115112305,
      "test_loss": 2.2003462314605713,
      "precision": 1.0,
      "recall": 0.0,
      "f1_score": 0.0,
      "update_norm": 1.1049431562423706,
      "is_attacker": false
    },
    "16": {
      "accuracy": 0.5208858251571655,
      "test_loss": 2.1939120292663574,
      "precision": 1.0,
      "recall": 0.0,
      "f1_score": 0.0,
      "update_norm": 1.10334312915802,
      "is_attacker": false
    },
    "17": {
      "accuracy": 0.5049818158149719,
      "test_loss": 2.2059872150421143,
      "precision": 1.0,
      "recall": 0.0,
      "f1_score": 0.0,
      "update_norm": 1.0981467962265015,
      "is_attacker": false
    },
    "18": {
      "accuracy": 0.5142834782600403,
      "test_loss": 2.181396007537842,
      "precision": 1.0,
      "recall": 0.0,
      "f1_score": 0.0,
      "update_norm": 1.0957427024841309,
      "is_attacker": false
    },
    "19": {
      "accuracy": 0.5109565854072571,
      "test_loss": 2.23667573928833,
      "precision": 1.0,
      "recall": 0.0,
      "f1_score": 0.0,
      "update_norm": 1.1008702516555786,
      "is_attacker": false
    },
    "20": {
      "accuracy": 0.5184099674224854,
      "test_loss": 2.164971113204956,
      "precision": 1.0,
      "recall": 0.0,
      "f1_score": 0.0,
      "update_norm": 1.1015454530715942,
      "is_attacker": false
    },
    "21": {
      "accuracy": 0.5143522620201111,
      "test_loss": 2.1689677238464355,
      "precision": 1.0,
      "recall": 0.0,
      "f1_score": 0.0,
      "update_norm": 1.0967707633972168,
      "is_attacker": false
    },
    "22": {
      "accuracy": 0.5135098099708557,
      "test_loss": 2.176450729370117,
      "precision": 1.0,
      "recall": 0.0,
      "f1_score": 0.0,
      "update_norm": 1.1021208763122559,
      "is_attacker": false
    },
    "23": {
      "accuracy": 0.5100452899932861,
      "test_loss": 2.186021327972412,
      "precision": 1.0,
      "recall": 0.0,
      "f1_score": 0.0,
      "update_norm": 1.095112681388855,
      "is_attacker": false
    },
    "24": {
      "accuracy": 0.5119451880455017,
      "test_loss": 2.193225145339966,
      "precision": 1.0,
      "recall": 0.0,
      "f1_score": 0.0,
      "update_norm": 1.0998209714889526,
      "is_attacker": false
    },
    "25": {
      "accuracy": 0.5103375911712646,
      "test_loss": 2.218190908432007,
      "precision": 1.0,
      "recall": 0.0,
      "f1_score": 0.0,
      "update_norm": 1.0929059982299805,
      "is_attacker": false
    },
    "26": {
      "accuracy": 0.5149110555648804,
      "test_loss": 2.194333076477051,
      "precision": 1.0,
      "recall": 0.0,
      "f1_score": 0.0,
      "update_norm": 1.0942727327346802,
      "is_attacker": false
    },
    "27": {
      "accuracy": 0.5082055926322937,
      "test_loss": 2.1987359523773193,
      "precision": 1.0,
      "recall": 0.0,
      "f1_score": 0.0,
      "update_norm": 1.1002048254013062,
      "is_attacker": false
    },
    "28": {
      "accuracy": 0.5144984126091003,
      "test_loss": 2.2004847526550293,
      "precision": 1.0,
      "recall": 0.0,
      "f1_score": 0.0,
      "update_norm": 1.0970102548599243,
      "is_attacker": false
    },
    "29": {
      "accuracy": 0.5123492479324341,
      "test_loss": 2.203636407852173,
      "precision": 1.0,
      "recall": 0.0,
      "f1_score": 0.0,
      "update_norm": 1.0945110321044922,
      "is_attacker": false
    },
    "30": {
      "accuracy": 0.5141631364822388,
      "test_loss": 2.1781866550445557,
      "precision": 1.0,
      "recall": 0.0,
      "f1_score": 0.0,
      "update_norm": 1.0985996723175049,
      "is_attacker": false
    },
    "31": {
      "accuracy": 0.5101140737533569,
      "test_loss": 2.1891095638275146,
      "precision": 1.0,
      "recall": 0.0,
      "f1_score": 0.0,
      "update_norm": 1.1003848314285278,
      "is_attacker": false
    },
    "32": {
      "accuracy": 0.5092114210128784,
      "test_loss": 2.214066982269287,
      "precision": 1.0,
      "recall": 0.0,
      "f1_score": 0.0,
      "update_norm": 1.0973432064056396,
      "is_attacker": false
    },
    "33": {
      "accuracy": 0.5151088237762451,
      "test_loss": 2.1649248600006104,
      "precision": 1.0,
      "recall": 0.0,
      "f1_score": 0.0,
      "update_norm": 1.0990543365478516,
      "is_attacker": false
    },
    "34": {
      "accuracy": 0.5070966482162476,
      "test_loss": 2.18528413772583,
      "precision": 1.0,