{
  "round": 79,
  "nodes": {
    "0": {
      "accuracy": 0.48320624232292175,
      "test_loss": 3.0212738513946533,
      "precision": 1.0,
      "recall": 0.0,
      "f1_score": 0.0,
      "update_norm": 1.1001548767089844,
      "is_attacker": true
    },
    "1": {
      "accuracy": 0.5279609560966492,
      "test_loss": 2.4700927734375,
      "precision": 1.0,
      "recall": 0.0,
      "f1_score": 0.0,
      "update_norm": 1.1047537326812744,
      "is_attacker": true
    },
    "2": {
      "accuracy": 0.5662336945533752,
      "test_loss": 2.0969741344451904,
      "precision": 1.0,
      "recall": 0.0,
      "f1_score": 0.0,
      "update_norm": 1.099075436592102,
      "is_attacker": true
    },
    "3": {
      "accuracy": 0.49617016315460205,
      "test_loss": 2.6883304119110107,
      "precision": 1.0,
      "recall": 0.0,
      "f1_score": 0.0,
      "update_norm": 1.104503870010376,
      "is_attacker": true
    },
    "4": {
      "accuracy": 0.4665113687515259,
      "test_loss": 2.954087018966675,
      "precision": 1.0,
      "recall": 0.0,
      "f1_score": 0.0,
      "update_norm": 1.1022391319274902,
      "is_attacker": true
    },
    "5": {
      "accuracy": 0.5727757811546326,
      "test_loss": 2.1232070922851562,
      "precision": 1.0,
      "recall": 0.0,
      "f1_score": 0.0,
      "update_norm": 1.097437858581543,
      "is_attacker": false
    },
    "6": {
      "accuracy": 0.5700850486755371,
      "test_loss": 2.083914279937744,
      "precision": 1.0,
      "recall": 0.0,
      "f1_score": 0.0,
      "update_norm": 1.0956263542175293,
      "is_attacker": false
    },
    "7": {
      "accuracy": 0.5381481051445007,
      "test_loss": 2.4131922721862793,
      "precision": 1.0,
      "recall": 0.0,
      "f1_score": 0.0,
      "update_norm": 1.100538730621338,
      "is_attacker": false
    },
    "8": {
      "accuracy": 0.576180100440979,
      "test_loss": 2.060457468032837,
      "precision": 1.0,
      "recall": 0.0,
      "f1_score": 0.0,
      "update_norm": 1.096812129020691,
      "is_attacker": false
    },
    "9": {
      "accuracy": 0.5784410834312439,
      "test_loss": 2.0964741706848145,
      "precision": 1.0,
      "recall": 0.0,
      "f1_score": 0.0,
      "update_norm": 1.0981762409210205,
      "is_attacker": false
    },
    "10": {
      "accuracy": 0.5728359818458557,
      "test_loss": 2.089076280593872,
      "precision": 1.0,
      "recall": 0.0,
      "f1_score": 0.0,
      "update_norm": 1.0938222408294678,
      "is_attacker": false
    },
    "11": {
      "accuracy": 0.574134111404419,
      "test_loss": 2.1633718013763428,
      "precision": 1.0,
      "recall": 0.0,
      "f1_score": 0.0,
      "update_norm": 1.098677635192871,
      "is_attacker": false
    },
    "12": {
      "accuracy": 0.5765583515167236,
      "test_loss": 2.065063238143921,
      "precision": 1.0,
      "recall": 0.0,
      "f1_score": 0.0,
      "update_norm": 1.0929970741271973,
      "is_attacker": false
    },
    "13": {
      "accuracy": 0.5717098116874695,
      "test_loss": 2.1228604316711426,
      "precision": 1.0,
      "recall": 0.0,
      "f1_score": 0.0,
      "update_norm": 1.0961171388626099,
      "is_attacker": false
    },
    "14": {
      "accuracy": 0.5756471157073975,
      "test_loss": 2.059049129486084,
      "precision": 1.0,
      "recall": 0.0,
      "f1_score": 0.0,
      "update_norm": 1.0992943048477173,
      "is_attacker": false
    },
    "15": {
      "accuracy": 0.5672308802604675,
      "test_loss": 2.1076931953430176,
      "precision": 1.0,
      "recall": 0.0,
      "f1_score": 0.0,
      "update_norm": 1.0948914289474487,
      "is_attacker": false
    },
    "16": {
      "accuracy": 0.576936662197113,
      "test_loss": 2.062473773956299,
      "precision": 1.0,
      "recall": 0.0,
      "f1_score": 0.0,
      "update_norm": 1.0962800979614258,
      "is_attacker": false
    },
    "17": {
      "accuracy": 0.5750883221626282,
      "test_loss": 2.0291318893432617,
      "precision": 1.0,
      "recall": 0.0,
      "f1_score": 0.0,
      "update_norm": 1.091918706893921,
      "is_attacker": false
    },
    "18": {
      "accuracy": 0.57709139585495,
      "test_loss": 2.0740647315979004,
      "precision": 1.0,
      "recall": 0.0,
      "f1_score": 0.0,
      "update_norm": 1.1043853759765625,
      "is_attacker": false
    },
    "19": {
      "accuracy": 0.5745295286178589,
      "test_loss": 2.1658568382263184,
      "precision": 1.0,
      "recall": 0.0,
      "f1_score": 0.0,
      "update_norm": 1.0992017984390259,
      "is_attacker": false
    },
    "20": {
      "accuracy": 0.5749508142471313,
      "test_loss": 2.1011264324188232,
      "precision": 1.0,
      "recall": 0.0,
      "f1_score": 0.0,
      "update_norm": 1.0984693765640259,
      "is_attacker": false
    },
    "21": {
      "accuracy": 0.5757588744163513,
      "test_loss": 2.090921401977539,
      "precision": 1.0,
      "recall": 0.0,
      "f1_score": 0.0,
      "update_norm": 1.098823070526123,
      "is_attacker": false
    },
    "22": {
      "accuracy": 0.5741255283355713,
      "test_loss": 2.0744969844818115,
      "precision": 1.0,
      "recall": 0.0,
      "f1_score": 0.0,
      "update_norm": 1.09962797164917,
      "is_attacker": false
    },
    "23": {
      "accuracy": 0.5742028951644897,
      "test_loss": 2.0570008754730225,
      "precision": 1.0,
      "recall": 0.0,
      "f1_score": 0.0,
      "update_norm": 1.0980312824249268,
      "is_attacker": false
    },
    "24": {
      "accuracy": 0.5699818730354309,
      "test_loss": 2.161456823348999,
      "precision": 1.0,
      "recall": 0.0,
      "f1_score": 0.0,
      "update_norm": 1.0938173532485962,
      "is_attacker": false
    },
    "25": {
      "accuracy": 0.5734463334083557,
      "test_loss": 2.1289215087890625,
      "precision": 1.0,
      "recall": 0.0,
      "f1_score": 0.0,
      "update_norm": 1.10073983669281,
      "is_attacker": false
    },
    "26": {
      "accuracy": 0.5686236023902893,
      "test_loss": 2.063811779022217,
      "precision": 1.0,
      "recall": 0.0,
      "f1_score": 0.0,
      "update_norm": 1.1011461019515991,
      "is_attacker": false
    },
    "27": {
      "accuracy": 0.5720708966255188,
      "test_loss": 2.1139612197875977,
      "precision": 1.0,
      "recall": 0.0,
      "f1_score": 0.0,
      "update_norm": 1.1051782369613647,
      "is_attacker": false
    },
    "28": {
      "accuracy": 0.5741255283355713,
      "test_loss": 2.1047630310058594,
      "precision": 1.0,
      "recall": 0.0,
      "f1_score": 0.0,
      "update_norm": 1.0925143957138062,
      "is_attacker": false
    },
    "29": {
      "accuracy": 0.572002112865448,
      "test_loss": 2.060462474822998,
      "precision": 1.0,
      "recall": 0.0,
      "f1_score": 0.0,
      "update_norm": 1.099576711654663,
      "is_attacker": false
    },
    "30": {
      "accuracy": 0.5732658505439758,
      "test_loss": 2.1077938079833984,
      "precision": 1.0,
      "recall": 0.0,
      "f1_score": 0.0,
      "update_norm": 1.0968023538589478,
      "is_attacker": false
    },
    "31": {
      "accuracy": 0.578355073928833,
      "test_loss": 2.040140151977539,
      "precision": 1.0,
      "recall": 0.0,
      "f1_score": 0.0,
      "update_norm": 1.1005840301513672,
      "is_attacker": false
    },
    "32": {
      "accuracy": 0.5732314586639404,
      "test_loss": 2.0729265213012695,
      "precision": 1.0,
      "recall": 0.0,
      "f1_score": 0.0,
      "update_norm": 1.0957343578338623,
      "is_attacker": false
    },
    "33": {
      "accuracy": 0.5760597586631775,
      "test_loss": 2.042229652404785,
      "precision": 1.0,
      "recall": 0.0,
      "f1_score": 0.0,
      "update_norm": 1.103698968887329,
      "is_attacker": false
    },
    "34": {
      "accuracy": 0.5726898312568665,
      "test_loss": 2.0652360916137695,
      "precision": 1.0,