{
  "round": 12,
  "nodes": {
    "0": {
      "accuracy": 0.40846607089042664,
      "test_loss": 2.5366733074188232,
      "precision": 1.0,
      "recall": 0.0,
      "f1_score": 0.0,
      "update_norm": 1.1030913591384888,
      "is_attacker": true
    },
    "1": {
      "accuracy": 0.40818238258361816,
      "test_loss": 2.538599729537964,
      "precision": 1.0,
      "recall": 0.0,
      "f1_score": 0.0,
      "update_norm": 1.1038042306900024,
      "is_attacker": true
    },
    "2": {
      "accuracy": 0.40068602561950684,
      "test_loss": 2.5418879985809326,
      "precision": 1.0,
      "recall": 0.0,
      "f1_score": 0.0,
      "update_norm": 1.1064509153366089,
      "is_attacker": true
    },
    "3": {
      "accuracy": 0.3987603485584259,
      "test_loss": 2.5512101650238037,
      "precision": 1.0,
      "recall": 0.0,
      "f1_score": 0.0,
      "update_norm": 1.1057231426239014,
      "is_attacker": true
    },
    "4": {
      "accuracy": 0.405500203371048,
      "test_loss": 2.544764995574951,
      "precision": 1.0,
      "recall": 0.0,
      "f1_score": 0.0,
      "update_norm": 1.1045818328857422,
      "is_attacker": true
    },
    "5": {
      "accuracy": 0.39355072379112244,
      "test_loss": 2.5729663372039795,
      "precision": 1.0,
      "recall": 0.0,
      "f1_score": 0.0,
      "update_norm": 1.106719732284546,
      "is_attacker": false
    },
    "6": {
      "accuracy": 0.4012018144130707,
      "test_loss": 2.553832530975342,
      "precision": 1.0,
      "recall": 0.0,
      "f1_score": 0.0,
      "update_norm": 1.1059263944625854,
      "is_attacker": false
    },
    "7": {
      "accuracy": 0.39464250206947327,
      "test_loss": 2.5626606941223145,
      "precision": 1.0,
      "recall": 0.0,
      "f1_score": 0.0,
      "update_norm": 1.1061701774597168,
      "is_attacker": false
    },
    "8": {
      "accuracy": 0.39941370487213135,
      "test_loss": 2.571523904800415,
      "precision": 1.0,
      "recall": 0.0,
      "f1_score": 0.0,
      "update_norm": 1.1004390716552734,
      "is_attacker": false
    },
    "9": {
      "accuracy": 0.4060503840446472,
      "test_loss": 2.5536437034606934,
      "precision": 1.0,
      "recall": 0.0,
      "f1_score": 0.0,
      "update_norm": 1.1012386083602905,
      "is_attacker": false
    },
    "10": {
      "accuracy": 0.37456050515174866,
      "test_loss": 2.613344192504883,
      "precision": 1.0,
      "recall": 0.0,
      "f1_score": 0.0,
      "update_norm": 1.1086305379867554,
      "is_attacker": false
    },
    "11": {
      "accuracy": 0.3975396156311035,
      "test_loss": 2.5524039268493652,
      "precision": 1.0,
      "recall": 0.0,
      "f1_score": 0.0,
      "update_norm": 1.104206919670105,
      "is_attacker": false
    },
    "12": {
      "accuracy": 0.4124377965927124,
      "test_loss": 2.530130624771118,
      "precision": 1.0,
      "recall": 0.0,
      "f1_score": 0.0,
      "update_norm": 1.1014978885650635,
      "is_attacker": false
    },
    "13": {
      "accuracy": 0.4034971594810486,
      "test_loss": 2.5547256469726562,
      "precision": 1.0,
      "recall": 0.0,
      "f1_score": 0.0,
      "update_norm": 1.1105002164840698,
      "is_attacker": false
    },
    "14": {
      "accuracy": 0.41524893045425415,
      "test_loss": 2.546426296234131,
      "precision": 1.0,
      "recall": 0.0,
      "f1_score": 0.0,
      "update_norm": 1.1057301759719849,
      "is_attacker": false
    },
    "15": {
      "accuracy": 0.3910662531852722,
      "test_loss": 2.609724998474121,
      "precision": 1.0,
      "recall": 0.0,
      "f1_score": 0.0,
      "update_norm": 1.103505253791809,
      "is_attacker": false
    },
    "16": {
      "accuracy": 0.41314271092414856,
      "test_loss": 2.52107834815979,
      "precision": 1.0,
      "recall": 0.0,
      "f1_score": 0.0,
      "update_norm": 1.1068427562713623,
      "is_attacker": false
    },
    "17": {
      "accuracy": 0.3839739263057709,
      "test_loss": 2.5841903686523438,
      "precision": 1.0,
      "recall": 0.0,
      "f1_score": 0.0,
      "update_norm": 1.0992547273635864,
      "is_attacker": false
    },
    "18": {
      "accuracy": 0.4121798872947693,
      "test_loss": 2.5282983779907227,
      "precision": 1.0,
      "recall": 0.0,
      "f1_score": 0.0,
      "update_norm": 1.0995008945465088,
      "is_attacker": false
    },
    "19": {
      "accuracy": 0.3982875347137451,
      "test_loss": 2.5781617164611816,
      "precision": 1.0,
      "recall": 0.0,
      "f1_score": 0.0,
      "update_norm": 1.1017392873764038,
      "is_attacker": false
    },
    "20": {
      "accuracy": 0.40550878643989563,
      "test_loss": 2.535592555999756,
      "precision": 1.0,
      "recall": 0.0,
      "f1_score": 0.0,
      "update_norm": 1.1070948839187622,
      "is_attacker": false
    },
    "21": {
      "accuracy": 0.4183351695537567,
      "test_loss": 2.543642520904541,
      "precision": 1.0,
      "recall": 0.0,
      "f1_score": 0.0,
      "update_norm": 1.1051883697509766,
      "is_attacker": false
    },
    "22": {
      "accuracy": 0.4139508008956909,
      "test_loss": 2.5426313877105713,
      "precision": 1.0,
      "recall": 0.0,
      "f1_score": 0.0,
      "update_norm": 1.1028919219970703,
      "is_attacker": false
    },
    "23": {
      "accuracy": 0.39713555574417114,
      "test_loss": 2.56721568107605,
      "precision": 1.0,
      "recall": 0.0,
      "f1_score": 0.0,
      "update_norm": 1.1072927713394165,
      "is_attacker": false
    },
    "24": {
      "accuracy": 0.400986909866333,
      "test_loss": 2.5719923973083496,
      "precision": 1.0,
      "recall": 0.0,
      "f1_score": 0.0,
      "update_norm": 1.104081153869629,
      "is_attacker": false
    },
    "25": {
      "accuracy": 0.40891310572624207,
      "test_loss": 2.560288429260254,
      "precision": 1.0,
      "recall": 0.0,
      "f1_score": 0.0,
      "update_norm": 1.1054037809371948,
      "is_attacker": false
    },
    "26": {
      "accuracy": 0.39953404664993286,
      "test_loss": 2.558627128601074,
      "precision": 1.0,
      "recall": 0.0,
      "f1_score": 0.0,
      "update_norm": 1.1018998622894287,
      "is_attacker": false
    },
    "27": {
      "accuracy": 0.3963016867637634,
      "test_loss": 2.5789060592651367,
      "precision": 1.0,
      "recall": 0.0,
      "f1_score": 0.0,
      "update_norm": 1.1047102212905884,
      "is_attacker": false
    },
    "28": {
      "accuracy": 0.4068756699562073,
      "test_loss": 2.5602376461029053,
      "precision": 1.0,
      "recall": 0.0,
      "f1_score": 0.0,
      "update_norm": 1.1054229736328125,
      "is_attacker": false
    },
    "29": {
      "accuracy": 0.4035143554210663,
      "test_loss": 2.573052167892456,
      "precision": 1.0,
      "recall": 0.0,
      "f1_score": 0.0,
      "update_norm": 1.1050786972045898,
      "is_attacker": false
    },
    "30": {
      "accuracy": 0.39861419796943665,
      "test_loss": 2.551028251647949,
      "precision": 1.0,
      "recall": 0.0,
      "f1_score": 0.0,
      "update_norm": 1.103562355041504,
      "is_attacker": false
    },
    "31": {
      "accuracy": 0.40063443779945374,
      "test_loss": 2.5481200218200684,
      "precision": 1.0,
      "recall": 0.0,
      "f1_score": 0.0,
      "update_norm": 1.1085500717163086,
      "is_attacker": false
    },
    "32": {
      "accuracy": 0.39542481303215027,
      "test_loss": 2.5443434715270996,
      "precision": 1.0,
      "recall": 0.0,
      "f1_score": 0.0,
      "update_norm": 1.1045615673065186,
      "is_attacker": false
    },
    "33": {
      "accuracy": 0.40778693556785583,
      "test_loss": 2.5511515140533447,
      "precision": 1.0,
      "recall": 0.0,
      "f1_score": 0.0,
      "update_norm": 1.101392149925232,
      "is_attacker": false
    },
    "34": {
      "accuracy": 0.4085262715816498,
      "test_loss": 2.5523948669433594,